package,package_no_version,hallucination_count,models,has_version_specifier,in_npm_csv,in_csv_no_version,category
7zipjs,7zipjs,1,marin,False,False,False,TRUE_HALLUCINATION
@NodeFilter,@NodeFilter,1,marin,False,False,False,TRUE_HALLUCINATION
@NodeName,@NodeName,1,marin,False,False,False,TRUE_HALLUCINATION
@NodeSkipper,@NodeSkipper,1,marin,False,False,False,TRUE_HALLUCINATION
@NodeTraverser,@NodeTraverser,1,marin,False,False,False,TRUE_HALLUCINATION
@NodeType,@NodeType,1,marin,False,False,False,TRUE_HALLUCINATION
@NodeVisitor,@NodeVisitor,1,marin,False,False,False,TRUE_HALLUCINATION
@SyntaxTree,@SyntaxTree,1,marin,False,False,False,TRUE_HALLUCINATION
@adobe/aio-lib-core,@adobe/aio-lib-core,1,codellama7b,False,False,False,TRUE_HALLUCINATION
@adobe/spectrum-css-react,@adobe/spectrum-css-react,2,mistral,False,False,False,TRUE_HALLUCINATION
@adobe/spectrum-css-temp,@adobe/spectrum-css-temp,1,mistral,False,False,False,TRUE_HALLUCINATION
@adobe/spectrum-icons,@adobe/spectrum-icons,2,mistral,False,False,False,TRUE_HALLUCINATION
@adobe/spectrum-js-react,@adobe/spectrum-js-react,3,mistral,False,False,False,TRUE_HALLUCINATION
@adobe/spectrum-react,@adobe/spectrum-react,7,mistral,False,False,False,TRUE_HALLUCINATION
@adobe/spectrum-themes-classic,@adobe/spectrum-themes-classic,1,mistral,False,False,False,TRUE_HALLUCINATION
@ajv/keywords,@ajv/keywords,1,mistral,False,False,False,TRUE_HALLUCINATION
@ajv/runtime-ts,@ajv/runtime-ts,1,mistral,False,False,False,TRUE_HALLUCINATION
@angular-builders/cli-angular-toolkit,@angular-builders/cli-angular-toolkit,1,mistral,False,False,False,TRUE_HALLUCINATION
@angular-builders/cli-utils,@angular-builders/cli-utils,1,mistral,False,False,False,TRUE_HALLUCINATION
@angular-builders/core-js,@angular-builders/core-js,1,mistral,False,False,False,TRUE_HALLUCINATION
@angular-builders/schematics,@angular-builders/schematics,1,mistral,False,False,False,TRUE_HALLUCINATION
@angular-builders/webpack-angular,@angular-builders/webpack-angular,1,mistral,False,False,False,TRUE_HALLUCINATION
@angular-builders/webpack-dev-server,@angular-builders/webpack-dev-server,1,mistral,False,False,False,TRUE_HALLUCINATION
@angular-devkit/schematics-core,@angular-devkit/schematics-core,1,marin,False,False,False,TRUE_HALLUCINATION
@angular-eslint/eslint-plugin-component,@angular-eslint/eslint-plugin-component,1,mistral,False,False,False,TRUE_HALLUCINATION
@angular-eslint/eslint-plugin-ng-templates,@angular-eslint/eslint-plugin-ng-templates,1,mistral,False,False,False,TRUE_HALLUCINATION
@angular-eslint/eslint-plugin-style,@angular-eslint/eslint-plugin-style,1,mistral,False,False,False,TRUE_HALLUCINATION
@angular-eslint/ng-cli-compat,@angular-eslint/ng-cli-compat,1,mistral,False,False,False,TRUE_HALLUCINATION
@angular-rx3/core,@angular-rx3/core,1,mistral,False,False,False,TRUE_HALLUCINATION
@angular/calendar,@angular/calendar,1,codellama7b,False,False,False,TRUE_HALLUCINATION
@angular/cdk-modal,@angular/cdk-modal,2,marin,False,False,False,TRUE_HALLUCINATION
@angular/cli-wrapper,@angular/cli-wrapper,1,mistral,False,False,False,TRUE_HALLUCINATION
@angular/cli@latest-x.x.x,@angular/cli@latest-x.x.x,1,mistral,False,False,False,TRUE_HALLUCINATION
@angular/common-http,@angular/common-http,1,mistral,False,False,False,TRUE_HALLUCINATION
@angular/fire-auth,@angular/fire-auth,1,mistral,False,False,False,TRUE_HALLUCINATION
@angular/flex-layout-testing,@angular/flex-layout-testing,1,mistral,False,False,False,TRUE_HALLUCINATION
@angular/maps,@angular/maps,1,gemma,False,False,False,TRUE_HALLUCINATION
@angular/material-paginator,@angular/material-paginator,1,mistral,False,False,False,TRUE_HALLUCINATION
@angular/material-rail-drawer,@angular/material-rail-drawer,1,codellama7b,False,False,False,TRUE_HALLUCINATION
@angular/material-table,@angular/material-table,1,mistral,False,False,False,TRUE_HALLUCINATION
@angular/material2,@angular/material2,1,mistral,False,False,False,TRUE_HALLUCINATION
@angular/platform-security,@angular/platform-security,1,marin,False,False,False,TRUE_HALLUCINATION
@angular/platform-universal,@angular/platform-universal,1,marin,False,False,False,TRUE_HALLUCINATION
@angular/runtime,@angular/runtime,1,mistral,False,False,False,TRUE_HALLUCINATION
@angular/schematics,@angular/schematics,4,"codellama7b,gemma,mistral",False,False,False,TRUE_HALLUCINATION
@angular/stylelint-config,@angular/stylelint-config,2,marin,False,False,False,TRUE_HALLUCINATION
@angular/vite-plugin,@angular/vite-plugin,1,gpt_oss,False,False,False,TRUE_HALLUCINATION
@ant-design/react,@ant-design/react,1,codellama7b,False,False,False,TRUE_HALLUCINATION
@antlr/runtime-ts,@antlr/runtime-ts,1,mistral,False,False,False,TRUE_HALLUCINATION
@apache-arrow/arrow,@apache-arrow/arrow,1,gpt_oss,False,False,False,TRUE_HALLUCINATION
@apex/react-query-sentry,@apex/react-query-sentry,1,mistral,False,False,False,TRUE_HALLUCINATION
@architecture-cpp/node-archiver,@architecture-cpp/node-archiver,1,mistral,False,False,False,TRUE_HALLUCINATION
@architecture-cpp/node-archiver-jar,@architecture-cpp/node-archiver-jar,1,mistral,False,False,False,TRUE_HALLUCINATION
@architecture-cpp/node-archiver-tar,@architecture-cpp/node-archiver-tar,1,mistral,False,False,False,TRUE_HALLUCINATION
@architecture-cpp/node-archiver-zip,@architecture-cpp/node-archiver-zip,1,mistral,False,False,False,TRUE_HALLUCINATION
@arrow-js/arrow,@arrow-js/arrow,2,mistral,False,False,False,TRUE_HALLUCINATION
@arrow/js,@arrow/js,1,mistral,False,False,False,TRUE_HALLUCINATION
@ashetaylor/node-go,@ashetaylor/node-go,1,mistral,False,False,False,TRUE_HALLUCINATION
@aspnet/httplib,@aspnet/httplib,1,mistral,False,False,False,TRUE_HALLUCINATION
@async-iteration/core-js-3,@async-iteration/core-js-3,1,mistral,False,False,False,TRUE_HALLUCINATION
@asynciterable/async-iteration-polyfill,@asynciterable/async-iteration-polyfill,1,mistral,False,False,False,TRUE_HALLUCINATION
@asynciterable/core,@asynciterable/core,1,mistral,False,False,False,TRUE_HALLUCINATION
@asynciterator/core,@asynciterator/core,1,mistral,False,False,False,TRUE_HALLUCINATION
@asynciterator/generators,@asynciterator/generators,1,mistral,False,False,False,TRUE_HALLUCINATION
@atlaskit/button,@atlaskit/button,1,gpt_oss,False,False,False,TRUE_HALLUCINATION
@atlaskit/dialog,@atlaskit/dialog,1,gpt_oss,False,False,False,TRUE_HALLUCINATION
@atlaskit/primitives,@atlaskit/primitives,1,gpt_oss,False,False,False,TRUE_HALLUCINATION
@awesome-flutter/geolocator,@awesome-flutter/geolocator,1,gemma,False,False,False,TRUE_HALLUCINATION
@aws-cdk/aws-cloudformation-assert,@aws-cdk/aws-cloudformation-assert,1,mistral,False,False,False,TRUE_HALLUCINATION
@aws-crypto/subtle-js,@aws-crypto/subtle-js,1,marin,False,False,False,TRUE_HALLUCINATION
@aws-sdk,@aws-sdk,6,mistral,False,False,False,TRUE_HALLUCINATION
@aws-sdk/client-apigateway,@aws-sdk/client-apigateway,3,mistral,False,False,False,TRUE_HALLUCINATION
@aws-sdk/client-base,@aws-sdk/client-base,1,mistral,False,False,False,TRUE_HALLUCINATION
@aws-sdk/client-config,@aws-sdk/client-config,2,codellama7b,False,False,False,TRUE_HALLUCINATION
@aws-sdk/client-core,@aws-sdk/client-core,1,mistral,False,False,False,TRUE_HALLUCINATION
@aws-sdk/client-credentials,@aws-sdk/client-credentials,1,codellama7b,False,False,False,TRUE_HALLUCINATION
@aws-sdk/client-eventstream,@aws-sdk/client-eventstream,1,codellama7b,False,False,False,TRUE_HALLUCINATION
@aws-sdk/client-factory,@aws-sdk/client-factory,1,mistral,False,False,False,TRUE_HALLUCINATION
@aws-sdk/client-lex-runtime,@aws-sdk/client-lex-runtime,1,mistral,False,False,False,TRUE_HALLUCINATION
@aws-sdk/client-oidc,@aws-sdk/client-oidc,1,gemma,False,False,False,TRUE_HALLUCINATION
@aws-sdk/client-promise,@aws-sdk/client-promise,2,mistral,False,False,False,TRUE_HALLUCINATION
@aws-sdk/client-promise-retry,@aws-sdk/client-promise-retry,1,mistral,False,False,False,TRUE_HALLUCINATION
@aws-sdk/client-smithy,@aws-sdk/client-smithy,2,mistral,False,False,False,TRUE_HALLUCINATION
@aws-sdk/cognito-identity-client,@aws-sdk/cognito-identity-client,1,gemma,False,False,False,TRUE_HALLUCINATION
@aws-sdk/credential-provider,@aws-sdk/credential-provider,1,codellama7b,False,False,False,TRUE_HALLUCINATION
@aws-sdk/credential-provider-browser,@aws-sdk/credential-provider-browser,1,gpt_oss,False,False,False,TRUE_HALLUCINATION
@aws-sdk/credential-provider-chain,@aws-sdk/credential-provider-chain,1,codellama7b,False,False,False,TRUE_HALLUCINATION
@aws-sdk/credential-provider-container,@aws-sdk/credential-provider-container,2,"gemma,qwen",False,False,False,TRUE_HALLUCINATION
@aws-sdk/credential-provider-core,@aws-sdk/credential-provider-core,1,gemma,False,False,False,TRUE_HALLUCINATION
@aws-sdk/credential-provider-react-native,@aws-sdk/credential-provider-react-native,1,gpt_oss,False,False,False,TRUE_HALLUCINATION
@aws-sdk/credential-providers-fetch,@aws-sdk/credential-providers-fetch,1,mistral,False,False,False,TRUE_HALLUCINATION
@aws-sdk/credentials,@aws-sdk/credentials,3,mistral,False,False,False,TRUE_HALLUCINATION
@aws-sdk/http,@aws-sdk/http,1,mistral,False,False,False,TRUE_HALLUCINATION
@aws-sdk/middleware-core,@aws-sdk/middleware-core,1,mistral,False,False,False,TRUE_HALLUCINATION
@aws-sdk/sso-oidc,@aws-sdk/sso-oidc,1,qwen,False,False,False,TRUE_HALLUCINATION
@aws-sdk/sso-oidc-client,@aws-sdk/sso-oidc-client,1,qwen,False,False,False,TRUE_HALLUCINATION
@aws-sdk/util-crypto,@aws-sdk/util-crypto,1,mistral,False,False,False,TRUE_HALLUCINATION
@aws-sdk/util-error,@aws-sdk/util-error,1,mistral,False,False,False,TRUE_HALLUCINATION
@aws-sdk/util-region,@aws-sdk/util-region,1,marin,False,False,False,TRUE_HALLUCINATION
@aws-sdk/util-serde,@aws-sdk/util-serde,1,mistral,False,False,False,TRUE_HALLUCINATION
@aws-sdk/util-sts,@aws-sdk/util-sts,1,mistral,False,False,False,TRUE_HALLUCINATION
@aws-sdk/util-user-agent,@aws-sdk/util-user-agent,1,mistral,False,False,False,TRUE_HALLUCINATION
@aws-smithy/js,@aws-smithy/js,1,gemma,False,False,False,TRUE_HALLUCINATION
@axa-js-libs/axe-web-component-harness,@axa-js-libs/axe-web-component-harness,1,mistral,False,False,False,TRUE_HALLUCINATION
@axon-js/axon,@axon-js/axon,1,mistral,False,False,False,TRUE_HALLUCINATION
@axonjs/axon,@axonjs/axon,1,codellama7b,False,False,False,TRUE_HALLUCINATION
@azure/activity-source,@azure/activity-source,1,gemma,False,False,False,TRUE_HALLUCINATION
@azure/api-client,@azure/api-client,1,gemma,False,False,False,TRUE_HALLUCINATION
@azure/auto-rest-client,@azure/auto-rest-client,2,marin,False,False,False,TRUE_HALLUCINATION
@azure/autorest,@azure/autorest,2,codellama7b,False,False,False,TRUE_HALLUCINATION
@azure/botframework-connector,@azure/botframework-connector,1,qwen,False,False,False,TRUE_HALLUCINATION
@azure/core,@azure/core,2,marin,False,False,False,TRUE_HALLUCINATION
@azure/core-common,@azure/core-common,1,gemma,False,False,False,TRUE_HALLUCINATION
@azure/cosmos-cassandra,@azure/cosmos-cassandra,1,marin,False,False,False,TRUE_HALLUCINATION
@azure/cosmosdb-cassandra,@azure/cosmosdb-cassandra,3,mistral,False,False,False,TRUE_HALLUCINATION
@azure/functions-cloudevents,@azure/functions-cloudevents,1,marin,False,False,False,TRUE_HALLUCINATION
@azure/functions-monitor,@azure/functions-monitor,1,codellama7b,False,False,False,TRUE_HALLUCINATION
@azure/log-manager,@azure/log-manager,1,marin,False,False,False,TRUE_HALLUCINATION
@azure/logging,@azure/logging,1,mistral,False,False,False,TRUE_HALLUCINATION
@azure/logging-applicationinsights,@azure/logging-applicationinsights,1,mistral,False,False,False,TRUE_HALLUCINATION
@azure/logging-js,@azure/logging-js,1,mistral,False,False,False,TRUE_HALLUCINATION
@azure/login,@azure/login,1,marin,False,False,False,TRUE_HALLUCINATION
@azure/monitor-client,@azure/monitor-client,1,qwen,False,False,False,TRUE_HALLUCINATION
@azure/monitor-loganalytics,@azure/monitor-loganalytics,1,marin,False,False,False,TRUE_HALLUCINATION
@azure/monitor-logs,@azure/monitor-logs,2,mistral,False,False,False,TRUE_HALLUCINATION
@azure/ms-rest-azure,@azure/ms-rest-azure,3,mistral,False,False,False,TRUE_HALLUCINATION
@babel/core-visitors,@babel/core-visitors,2,marin,False,False,False,TRUE_HALLUCINATION
@babel/decorators,@babel/decorators,1,codellama7b,False,False,False,TRUE_HALLUCINATION
@babel/env,@babel/env,1,marin,False,False,False,TRUE_HALLUCINATION
@babel/get,@babel/get,1,marin,False,False,False,TRUE_HALLUCINATION
@babel/helper-class-properties,@babel/helper-class-properties,1,mistral,False,False,False,TRUE_HALLUCINATION
@babel/helper-compilation,@babel/helper-compilation,1,mistral,False,False,False,TRUE_HALLUCINATION
@babel/helper-create-config-item,@babel/helper-create-config-item,1,codellama7b,False,False,False,TRUE_HALLUCINATION
@babel/helper-decorate,@babel/helper-decorate,1,mistral,False,False,False,TRUE_HALLUCINATION
@babel/helper-decorator-metadata,@babel/helper-decorator-metadata,1,mistral,False,False,False,TRUE_HALLUCINATION
@babel/helper-module-exports,@babel/helper-module-exports,1,mistral,False,False,False,TRUE_HALLUCINATION
@babel/helper-module-imports-as-default,@babel/helper-module-imports-as-default,1,mistral,False,False,False,TRUE_HALLUCINATION
@babel/helper-object-spread,@babel/helper-object-spread,1,mistral,False,False,False,TRUE_HALLUCINATION
@babel/minify,@babel/minify,2,mistral,False,False,False,TRUE_HALLUCINATION
@babel/minify-booleans,@babel/minify-booleans,1,mistral,False,False,False,TRUE_HALLUCINATION
@babel/minify-constant-folding,@babel/minify-constant-folding,1,mistral,False,False,False,TRUE_HALLUCINATION
@babel/minify-dead-code-elimination,@babel/minify-dead-code-elimination,1,mistral,False,False,False,TRUE_HALLUCINATION
@babel/minify-function-inline,@babel/minify-function-inline,1,mistral,False,False,False,TRUE_HALLUCINATION
@babel/minify-hoist-variables,@babel/minify-hoist-variables,1,mistral,False,False,False,TRUE_HALLUCINATION
@babel/minify-renaming,@babel/minify-renaming,1,mistral,False,False,False,TRUE_HALLUCINATION
@babel/minify-simplify-ast-node-values,@babel/minify-simplify-ast-node-values,1,mistral,False,False,False,TRUE_HALLUCINATION
@babel/minify-top-level-await,@babel/minify-top-level-await,1,mistral,False,False,False,TRUE_HALLUCINATION
@babel/parser-react,@babel/parser-react,1,mistral,False,False,False,TRUE_HALLUCINATION
@babel/plugin-bugfix-react-loops,@babel/plugin-bugfix-react-loops,1,marin,False,False,False,TRUE_HALLUCINATION
@babel/plugin-dynamic-import,@babel/plugin-dynamic-import,2,marin,False,False,False,TRUE_HALLUCINATION
@babel/plugin-loose,@babel/plugin-loose,1,marin,False,False,False,TRUE_HALLUCINATION
@babel/plugin-minify,@babel/plugin-minify,1,marin,False,False,False,TRUE_HALLUCINATION
@babel/plugin-module-import-export,@babel/plugin-module-import-export,1,qwen,False,False,False,TRUE_HALLUCINATION
@babel/plugin-module-resolver,@babel/plugin-module-resolver,1,mistral,False,False,False,TRUE_HALLUCINATION
@babel/plugin-polyfill-corejs3,@babel/plugin-polyfill-corejs3,1,mistral,False,False,False,TRUE_HALLUCINATION
@babel/plugin-proposal-async-generators,@babel/plugin-proposal-async-generators,3,mistral,False,False,False,TRUE_HALLUCINATION
@babel/plugin-proposal-classes,@babel/plugin-proposal-classes,1,marin,False,False,False,TRUE_HALLUCINATION
@babel/plugin-proposal-destructuring,@babel/plugin-proposal-destructuring,2,"codellama7b,marin",False,False,False,TRUE_HALLUCINATION
@babel/plugin-proposal-export-extensions,@babel/plugin-proposal-export-extensions,2,"marin,mistral",False,False,False,TRUE_HALLUCINATION
@babel/plugin-proposal-hoist,@babel/plugin-proposal-hoist,1,marin,False,False,False,TRUE_HALLUCINATION
@babel/plugin-proposal-logical-assignment-expression,@babel/plugin-proposal-logical-assignment-expression,1,marin,False,False,False,TRUE_HALLUCINATION
@babel/plugin-proposal-nullish-coalescing,@babel/plugin-proposal-nullish-coalescing,1,marin,False,False,False,TRUE_HALLUCINATION
@babel/plugin-proposal-numeric-separator-literal,@babel/plugin-proposal-numeric-separator-literal,1,qwen,False,False,False,TRUE_HALLUCINATION
@babel/plugin-proposal-object-super,@babel/plugin-proposal-object-super,1,marin,False,False,False,TRUE_HALLUCINATION
@babel/plugin-proposal-regex,@babel/plugin-proposal-regex,1,qwen,False,False,False,TRUE_HALLUCINATION
@babel/plugin-proposal-top-level-await,@babel/plugin-proposal-top-level-await,1,marin,False,False,False,TRUE_HALLUCINATION
@babel/plugin-react-components,@babel/plugin-react-components,1,marin,False,False,False,TRUE_HALLUCINATION
@babel/plugin-react-fragment,@babel/plugin-react-fragment,1,marin,False,False,False,TRUE_HALLUCINATION
@babel/plugin-react-hooks,@babel/plugin-react-hooks,1,marin,False,False,False,TRUE_HALLUCINATION
@babel/plugin-react-proptypes,@babel/plugin-react-proptypes,1,marin,False,False,False,TRUE_HALLUCINATION
@babel/plugin-react-type-check,@babel/plugin-react-type-check,1,marin,False,False,False,TRUE_HALLUCINATION
@babel/plugin-registry,@babel/plugin-registry,1,marin,False,False,False,TRUE_HALLUCINATION
@babel/plugin-syntax-coffee,@babel/plugin-syntax-coffee,1,mistral,False,False,False,TRUE_HALLUCINATION
@babel/plugin-syntax-destructuring,@babel/plugin-syntax-destructuring,2,mistral,False,False,False,TRUE_HALLUCINATION
@babel/plugin-syntax-do-expression,@babel/plugin-syntax-do-expression,1,mistral,False,False,False,TRUE_HALLUCINATION
@babel/plugin-syntax-import,@babel/plugin-syntax-import,2,mistral,False,False,False,TRUE_HALLUCINATION
@babel/plugin-syntax-template-literals,@babel/plugin-syntax-template-literals,1,mistral,False,False,False,TRUE_HALLUCINATION
@babel/plugin-template-strings,@babel/plugin-template-strings,1,marin,False,False,False,TRUE_HALLUCINATION
@babel/plugin-transform-computed-property,@babel/plugin-transform-computed-property,2,marin,False,False,False,TRUE_HALLUCINATION
@babel/plugin-transform-css,@babel/plugin-transform-css,1,codellama7b,False,False,False,TRUE_HALLUCINATION
@babel/plugin-transform-decorators-legacy,@babel/plugin-transform-decorators-legacy,2,"mistral,qwen",False,False,False,TRUE_HALLUCINATION
@babel/plugin-transform-es2015-literals,@babel/plugin-transform-es2015-literals,2,qwen,False,False,False,TRUE_HALLUCINATION
@babel/plugin-transform-es2015-modules-commonjs,@babel/plugin-transform-es2015-modules-commonjs,2,qwen,False,False,False,TRUE_HALLUCINATION
@babel/plugin-transform-es2015-number-literals,@babel/plugin-transform-es2015-number-literals,1,codellama7b,False,False,False,TRUE_HALLUCINATION
@babel/plugin-transform-es2015-unicode-literals,@babel/plugin-transform-es2015-unicode-literals,1,codellama7b,False,False,False,TRUE_HALLUCINATION
@babel/plugin-transform-es2015-unicode-regex,@babel/plugin-transform-es2015-unicode-regex,2,qwen,False,False,False,TRUE_HALLUCINATION
@babel/plugin-transform-flow-enums,@babel/plugin-transform-flow-enums,4,"marin,mistral",False,False,False,TRUE_HALLUCINATION
@babel/plugin-transform-flow-type-annotations,@babel/plugin-transform-flow-type-annotations,2,mistral,False,False,False,TRUE_HALLUCINATION
@babel/plugin-transform-flow-type-of-void,@babel/plugin-transform-flow-type-of-void,2,mistral,False,False,False,TRUE_HALLUCINATION
@babel/plugin-transform-flow-types-annotations,@babel/plugin-transform-flow-types-annotations,2,mistral,False,False,False,TRUE_HALLUCINATION
@babel/plugin-transform-flow-volatile-types,@babel/plugin-transform-flow-volatile-types,2,mistral,False,False,False,TRUE_HALLUCINATION
@babel/plugin-transform-jsx,@babel/plugin-transform-jsx,2,"marin,mistral",False,False,False,TRUE_HALLUCINATION
@babel/plugin-transform-loose-mode,@babel/plugin-transform-loose-mode,1,codellama7b,False,False,False,TRUE_HALLUCINATION
@babel/plugin-transform-require,@babel/plugin-transform-require,1,marin,False,False,False,TRUE_HALLUCINATION
@babel/plugin-transform-variables-to-let,@babel/plugin-transform-variables-to-let,1,mistral,False,False,False,TRUE_HALLUCINATION
@babel/plugin-typescript,@babel/plugin-typescript,1,marin,False,False,False,TRUE_HALLUCINATION
@babel/preset-amd,@babel/preset-amd,1,mistral,False,False,False,TRUE_HALLUCINATION
@babel/preset-async-await,@babel/preset-async-await,1,marin,False,False,False,TRUE_HALLUCINATION
@babel/preset-class,@babel/preset-class,2,mistral,False,False,False,TRUE_HALLUCINATION
@babel/preset-class-properties,@babel/preset-class-properties,9,mistral,False,False,False,TRUE_HALLUCINATION
@babel/preset-decorators,@babel/preset-decorators,1,marin,False,False,False,TRUE_HALLUCINATION
@babel/preset-experimental,@babel/preset-experimental,1,qwen,False,False,False,TRUE_HALLUCINATION
@babel/preset-jsx,@babel/preset-jsx,2,mistral,False,False,False,TRUE_HALLUCINATION
@babel/preset-minify,@babel/preset-minify,1,qwen,False,False,False,TRUE_HALLUCINATION
@babel/preset-polyfill,@babel/preset-polyfill,1,mistral,False,False,False,TRUE_HALLUCINATION
@babel/preset-react-app,@babel/preset-react-app,1,mistral,False,False,False,TRUE_HALLUCINATION
@babel/preset-react-native,@babel/preset-react-native,3,"mistral,qwen",False,False,False,TRUE_HALLUCINATION
@babel/preset-test-env,@babel/preset-test-env,2,mistral,False,False,False,TRUE_HALLUCINATION
@babel/preset-tests-node,@babel/preset-tests-node,1,mistral,False,False,False,TRUE_HALLUCINATION
@babel/preset-umd,@babel/preset-umd,1,mistral,False,False,False,TRUE_HALLUCINATION
@babel/preset-vue,@babel/preset-vue,4,mistral,False,False,False,TRUE_HALLUCINATION
@babel/rollup,@babel/rollup,2,mistral,False,False,False,TRUE_HALLUCINATION
@babel/rollup-plugin-babel,@babel/rollup-plugin-babel,1,mistral,False,False,False,TRUE_HALLUCINATION
@babel/runtime-helpers,@babel/runtime-helpers,1,codellama7b,False,False,False,TRUE_HALLUCINATION
@babel/scope,@babel/scope,1,marin,False,False,False,TRUE_HALLUCINATION
@babel/syntax,@babel/syntax,1,marin,False,False,False,TRUE_HALLUCINATION
@babel/visit,@babel/visit,1,marin,False,False,False,TRUE_HALLUCINATION
@babel/visitors,@babel/visitors,1,marin,False,False,False,TRUE_HALLUCINATION
@babel/walk,@babel/walk,1,marin,False,False,False,TRUE_HALLUCINATION
@ballerina/ballerina-types,@ballerina/ballerina-types,1,mistral,False,False,False,TRUE_HALLUCINATION
@baseui/react,@baseui/react,2,codellama7b,False,False,False,TRUE_HALLUCINATION
@broccoli/inspect,@broccoli/inspect,1,codellama7b,False,False,False,TRUE_HALLUCINATION
@broccolijs/broccoli,@broccolijs/broccoli,1,marin,False,False,False,TRUE_HALLUCINATION
@broccolijs/merge-trees,@broccolijs/merge-trees,1,marin,False,False,False,TRUE_HALLUCINATION
@broccolijs/plugin,@broccolijs/plugin,2,marin,False,False,False,TRUE_HALLUCINATION
@brunch/json,@brunch/json,1,qwen,False,False,False,TRUE_HALLUCINATION
@brunch/resolver,@brunch/resolver,1,qwen,False,False,False,TRUE_HALLUCINATION
@builderjs/color,@builderjs/color,1,marin,False,False,False,TRUE_HALLUCINATION
@builderjs/core,@builderjs/core,1,marin,False,False,False,TRUE_HALLUCINATION
@builderjs/format,@builderjs/format,1,marin,False,False,False,TRUE_HALLUCINATION
@builderjs/log,@builderjs/log,1,marin,False,False,False,TRUE_HALLUCINATION
@builderjs/pluralize,@builderjs/pluralize,1,marin,False,False,False,TRUE_HALLUCINATION
@bun-sql/sqlite,@bun-sql/sqlite,1,qwen,False,False,False,TRUE_HALLUCINATION
@cache-decorator/core,@cache-decorator/core,2,mistral,False,False,False,TRUE_HALLUCINATION
@capacitor/native,@capacitor/native,2,marin,False,False,False,TRUE_HALLUCINATION
@capacitor/web,@capacitor/web,2,marin,False,False,False,TRUE_HALLUCINATION
@cassettejs/player,@cassettejs/player,1,codellama7b,False,False,False,TRUE_HALLUCINATION
@chrome-extension-api/devtools-protocol,@chrome-extension-api/devtools-protocol,2,mistral,False,False,False,TRUE_HALLUCINATION
@chromedevtools/protocol,@chromedevtools/protocol,1,mistral,False,False,False,TRUE_HALLUCINATION
@chromium/chromedriver,@chromium/chromedriver,1,mistral,False,False,False,TRUE_HALLUCINATION
@ckeditor/ckeditor5-classic,@ckeditor/ckeditor5-classic,1,marin,False,False,False,TRUE_HALLUCINATION
@ckeditor/ckeditor5-editor-basic,@ckeditor/ckeditor5-editor-basic,1,mistral,False,False,False,TRUE_HALLUCINATION
@ckeditor/ckeditor5-font-family,@ckeditor/ckeditor5-font-family,1,mistral,False,False,False,TRUE_HALLUCINATION
@ckeditor/ckeditor5-font-size,@ckeditor/ckeditor5-font-size,1,mistral,False,False,False,TRUE_HALLUCINATION
@ckeditor/ckeditor5-italic,@ckeditor/ckeditor5-italic,1,marin,False,False,False,TRUE_HALLUCINATION
@ckeditor/ckeditor5-shortcut-key,@ckeditor/ckeditor5-shortcut-key,1,mistral,False,False,False,TRUE_HALLUCINATION
@clerk/nextjs-auth,@clerk/nextjs-auth,1,codellama7b,False,False,False,TRUE_HALLUCINATION
@clerkjs/clerk,@clerkjs/clerk,3,marin,False,False,False,TRUE_HALLUCINATION
@cloudevents/sdk-javascript,@cloudevents/sdk-javascript,1,mistral,False,False,False,TRUE_HALLUCINATION
@cloudevents/sdk.js,@cloudevents/sdk.js,1,qwen,False,False,False,TRUE_HALLUCINATION
@cloudflare/jose,@cloudflare/jose,1,mistral,False,False,False,TRUE_HALLUCINATION
@cloudflare/workers-runtime,@cloudflare/workers-runtime,1,mistral,False,False,False,TRUE_HALLUCINATION
@cloudinary/api,@cloudinary/api,2,mistral,False,False,False,TRUE_HALLUCINATION
@codemirror/basic-modes,@codemirror/basic-modes,1,qwen,False,False,False,TRUE_HALLUCINATION
@codemirror/cm,@codemirror/cm,3,gemma,False,False,False,TRUE_HALLUCINATION
@codemirror/core,@codemirror/core,1,gemma,False,False,False,TRUE_HALLUCINATION
@codemirror/editor,@codemirror/editor,2,mistral,False,False,False,TRUE_HALLUCINATION
@codemirror/graphql,@codemirror/graphql,1,codellama7b,False,False,False,TRUE_HALLUCINATION
@codemirror/lang-typescript,@codemirror/lang-typescript,2,gpt_oss,False,False,False,TRUE_HALLUCINATION
@codemirror/language-server,@codemirror/language-server,1,gpt_oss,False,False,False,TRUE_HALLUCINATION
@codemirror/react,@codemirror/react,3,"codellama7b,qwen",False,False,False,TRUE_HALLUCINATION
@codemirror/themes,@codemirror/themes,1,gemma,False,False,False,TRUE_HALLUCINATION
@codemirror/vme,@codemirror/vme,1,gemma,False,False,False,TRUE_HALLUCINATION
@commitizen/conventional-changelog,@commitizen/conventional-changelog,1,codellama7b,False,False,False,TRUE_HALLUCINATION
@commitlint/config-lintstaged,@commitlint/config-lintstaged,1,mistral,False,False,False,TRUE_HALLUCINATION
@commitlint/rule-keyword,@commitlint/rule-keyword,1,mistral,False,False,False,TRUE_HALLUCINATION
@components/Button,@components/Button,1,qwen,False,False,False,TRUE_HALLUCINATION
@components/Footer,@components/Footer,1,gpt_oss,False,False,False,TRUE_HALLUCINATION
@components/Header,@components/Header,1,gpt_oss,False,False,False,TRUE_HALLUCINATION
@components/MyComponent,@components/MyComponent,1,mistral,False,False,False,TRUE_HALLUCINATION
@components/Providers,@components/Providers,3,"mistral,qwen",False,False,False,TRUE_HALLUCINATION
@constant,@constant,1,mistral,False,False,False,TRUE_HALLUCINATION
@contentful/client,@contentful/client,5,"marin,mistral",False,False,False,TRUE_HALLUCINATION
@contentful/rich-text-editor,@contentful/rich-text-editor,1,gpt_oss,False,False,False,TRUE_HALLUCINATION
@contentful/rich-text-editor-react,@contentful/rich-text-editor-react,1,codellama7b,False,False,False,TRUE_HALLUCINATION
@contentful/rich-text-json-api-types,@contentful/rich-text-json-api-types,1,mistral,False,False,False,TRUE_HALLUCINATION
@cosmos-sdk/proto-signing,@cosmos-sdk/proto-signing,1,mistral,False,False,False,TRUE_HALLUCINATION
@cosmos-sdk/types,@cosmos-sdk/types,1,mistral,False,False,False,TRUE_HALLUCINATION
@cypress/cli,@cypress/cli,1,mistral,False,False,False,TRUE_HALLUCINATION
@cypress/shadow-api,@cypress/shadow-api,1,mistral,False,False,False,TRUE_HALLUCINATION
@dash-framework/core,@dash-framework/core,1,mistral,False,False,False,TRUE_HALLUCINATION
@data-ui/polars,@data-ui/polars,1,mistral,False,False,False,TRUE_HALLUCINATION
@datadog/api-client,@datadog/api-client,3,mistral,False,False,False,TRUE_HALLUCINATION
@datadog/browser-metrics,@datadog/browser-metrics,1,mistral,False,False,False,TRUE_HALLUCINATION
@datadog/js-datadog-api-client,@datadog/js-datadog-api-client,1,gemma,False,False,False,TRUE_HALLUCINATION
@datadog/js-metrics,@datadog/js-metrics,1,gemma,False,False,False,TRUE_HALLUCINATION
@datadog/metrics,@datadog/metrics,1,codellama7b,False,False,False,TRUE_HALLUCINATION
@datadog/trace-api,@datadog/trace-api,1,qwen,False,False,False,TRUE_HALLUCINATION
@decorator-class/core,@decorator-class/core,1,mistral,False,False,False,TRUE_HALLUCINATION
@decorator-webpack5,@decorator-webpack5,1,mistral,False,False,False,TRUE_HALLUCINATION
@dependabot/cli,@dependabot/cli,1,mistral,False,False,False,TRUE_HALLUCINATION
@dgeni/angular-support,@dgeni/angular-support,1,mistral,False,False,False,TRUE_HALLUCINATION
@dgeni/docset-classdiagram,@dgeni/docset-classdiagram,1,mistral,False,False,False,TRUE_HALLUCINATION
@dgeni/docset-html,@dgeni/docset-html,1,mistral,False,False,False,TRUE_HALLUCINATION
@dgeni/docset-markdown,@dgeni/docset-markdown,1,mistral,False,False,False,TRUE_HALLUCINATION
@dgeni/docset-tutorial,@dgeni/docset-tutorial,1,mistral,False,False,False,TRUE_HALLUCINATION
@dgeni/docset-typescript,@dgeni/docset-typescript,1,mistral,False,False,False,TRUE_HALLUCINATION
@dgeni/typescript-support,@dgeni/typescript-support,1,mistral,False,False,False,TRUE_HALLUCINATION
@discordjs/commands,@discordjs/commands,1,marin,False,False,False,TRUE_HALLUCINATION
@discordjs/interaction,@discordjs/interaction,1,marin,False,False,False,TRUE_HALLUCINATION
@docgen/react,@docgen/react,2,qwen,False,False,False,TRUE_HALLUCINATION
@docgen/typescript,@docgen/typescript,1,codellama7b,False,False,False,TRUE_HALLUCINATION
@docker/build-api-v1,@docker/build-api-v1,1,mistral,False,False,False,TRUE_HALLUCINATION
@docker/node-client,@docker/node-client,2,gemma,False,False,False,TRUE_HALLUCINATION
@docusaurus/plugin-openapi-docs,@docusaurus/plugin-openapi-docs,1,qwen,False,False,False,TRUE_HALLUCINATION
@dogstudio/highway@VERSION,@dogstudio/highway@VERSION,1,codellama7b,False,False,False,TRUE_HALLUCINATION
@dojo/Evented,@dojo/Evented,1,mistral,False,False,False,TRUE_HALLUCINATION
@draft-js-plugins/link,@draft-js-plugins/link,1,mistral,False,False,False,TRUE_HALLUCINATION
@dude/web-plugins,@dude/web-plugins,1,gemma,False,False,False,TRUE_HALLUCINATION
@elastic/apm,@elastic/apm,1,gemma,False,False,False,TRUE_HALLUCINATION
@elastic/apm-js,@elastic/apm-js,1,gemma,False,False,False,TRUE_HALLUCINATION
@elastic/kibana-utils-api,@elastic/kibana-utils-api,1,mistral,False,False,False,TRUE_HALLUCINATION
@elasticsearch/common,@elasticsearch/common,1,mistral,False,False,False,TRUE_HALLUCINATION
@electron-forge/maker-tar,@electron-forge/maker-tar,1,mistral,False,False,False,TRUE_HALLUCINATION
@electron-userland/speech,@electron-userland/speech,1,marin,False,False,False,TRUE_HALLUCINATION
@ember-cli/htmlbars,@ember-cli/htmlbars,1,mistral,False,False,False,TRUE_HALLUCINATION
@ember-cli/semver,@ember-cli/semver,1,mistral,False,False,False,TRUE_HALLUCINATION
@ember-data,@ember-data,1,marin,False,False,False,TRUE_HALLUCINATION
@ember-data/attr,@ember-data/attr,2,marin,False,False,False,TRUE_HALLUCINATION
@ember-data/attribute,@ember-data/attribute,1,marin,False,False,False,TRUE_HALLUCINATION
@ember-data/relations,@ember-data/relations,1,marin,False,False,False,TRUE_HALLUCINATION
@ember/adapter-json,@ember/adapter-json,1,gemma,False,False,False,TRUE_HALLUCINATION
@ember/adapter-jsonapi,@ember/adapter-jsonapi,1,gemma,False,False,False,TRUE_HALLUCINATION
@ember/api-expander,@ember/api-expander,1,mistral,False,False,False,TRUE_HALLUCINATION
@ember/application,@ember/application,17,"gemma,gpt_oss,marin,qwen",False,False,False,TRUE_HALLUCINATION
@ember/array,@ember/array,13,"codellama7b,gemma,gpt_oss,marin,mistral,qwen",False,False,False,TRUE_HALLUCINATION
@ember/broccoli,@ember/broccoli,4,marin,False,False,False,TRUE_HALLUCINATION
@ember/cli,@ember/cli,1,gemma,False,False,False,TRUE_HALLUCINATION
@ember/component,@ember/component,25,"codellama7b,gemma,gpt_oss,marin,mistral,qwen",False,False,False,TRUE_HALLUCINATION
@ember/config,@ember/config,1,marin,False,False,False,TRUE_HALLUCINATION
@ember/container,@ember/container,1,mistral,False,False,False,TRUE_HALLUCINATION
@ember/controller,@ember/controller,41,"codellama7b,gemma,gpt_oss,marin,mistral,qwen",False,False,False,TRUE_HALLUCINATION
@ember/core,@ember/core,1,gemma,False,False,False,TRUE_HALLUCINATION
@ember/data,@ember/data,2,"gemma,marin",False,False,False,TRUE_HALLUCINATION
@ember/debug,@ember/debug,5,"codellama7b,gemma,mistral,qwen",False,False,False,TRUE_HALLUCINATION
@ember/environment,@ember/environment,1,mistral,False,False,False,TRUE_HALLUCINATION
@ember/get,@ember/get,2,marin,False,False,False,TRUE_HALLUCINATION
@ember/model,@ember/model,1,gemma,False,False,False,TRUE_HALLUCINATION
@ember/module,@ember/module,1,gemma,False,False,False,TRUE_HALLUCINATION
@ember/object,@ember/object,122,"codellama7b,gemma,gpt_oss,marin,mistral,qwen",False,False,False,TRUE_HALLUCINATION
@ember/resolver,@ember/resolver,1,mistral,False,False,False,TRUE_HALLUCINATION
@ember/router,@ember/router,2,gemma,False,False,False,TRUE_HALLUCINATION
@ember/rsvp,@ember/rsvp,1,marin,False,False,False,TRUE_HALLUCINATION
@ember/runloop,@ember/runloop,5,"gpt_oss,mistral,qwen",False,False,False,TRUE_HALLUCINATION
@ember/serializers,@ember/serializers,2,gemma,False,False,False,TRUE_HALLUCINATION
@ember/service,@ember/service,110,"codellama7b,gemma,gpt_oss,marin,mistral,qwen",False,False,False,TRUE_HALLUCINATION
@ember/store,@ember/store,1,gemma,False,False,False,TRUE_HALLUCINATION
@ember/test,@ember/test,1,gemma,False,False,False,TRUE_HALLUCINATION
@ember/types,@ember/types,1,gemma,False,False,False,TRUE_HALLUCINATION
@ember/url,@ember/url,1,gemma,False,False,False,TRUE_HALLUCINATION
@ember/utils,@ember/utils,5,marin,False,False,False,TRUE_HALLUCINATION
@ember/validator,@ember/validator,1,gemma,False,False,False,TRUE_HALLUCINATION
@ember/view,@ember/view,2,qwen,False,False,False,TRUE_HALLUCINATION
@emotion/css-prop,@emotion/css-prop,1,qwen,False,False,False,TRUE_HALLUCINATION
@emotion/react-media-query,@emotion/react-media-query,1,codellama7b,False,False,False,TRUE_HALLUCINATION
@emscripten-tools/emcc,@emscripten-tools/emcc,1,mistral,False,False,False,TRUE_HALLUCINATION
@enzyme/adapter-react-16,@enzyme/adapter-react-16,1,mistral,False,False,False,TRUE_HALLUCINATION
@es-module-shims/rest,@es-module-shims/rest,1,marin,False,False,False,TRUE_HALLUCINATION
@esbuild-plugins/nodeglobby,@esbuild-plugins/nodeglobby,1,mistral,False,False,False,TRUE_HALLUCINATION
@esbuild/builder,@esbuild/builder,1,marin,False,False,False,TRUE_HALLUCINATION
@esbuild/plugin-babel,@esbuild/plugin-babel,1,marin,False,False,False,TRUE_HALLUCINATION
@eslint/plugin-js,@eslint/plugin-js,1,gemma,False,False,False,TRUE_HALLUCINATION
@external-module,@external-module,4,gemma,False,False,False,TRUE_HALLUCINATION
@f/lodash,@f/lodash,1,mistral,False,False,False,TRUE_HALLUCINATION
@facebook/business-sdk,@facebook/business-sdk,1,mistral,False,False,False,TRUE_HALLUCINATION
@facebook/graph-api,@facebook/graph-api,1,mistral,False,False,False,TRUE_HALLUCINATION
@faiss/index-heaps,@faiss/index-heaps,1,mistral,False,False,False,TRUE_HALLUCINATION
@federation/login,@federation/login,1,gemma,False,False,False,TRUE_HALLUCINATION
@felix-native/atomic-write-stream,@felix-native/atomic-write-stream,1,mistral,False,False,False,TRUE_HALLUCINATION
@fern-api/toml,@fern-api/toml,1,mistral,False,False,False,TRUE_HALLUCINATION
@fernandoespinosa/toml,@fernandoespinosa/toml,1,mistral,False,False,False,TRUE_HALLUCINATION
@firebase/functions-test,@firebase/functions-test,1,gpt_oss,False,False,False,TRUE_HALLUCINATION
@fluent-js/queue,@fluent-js/queue,1,mistral,False,False,False,TRUE_HALLUCINATION
@flutter/materials,@flutter/materials,1,marin,False,False,False,TRUE_HALLUCINATION
@foliant/prosemirror-commands,@foliant/prosemirror-commands,1,mistral,False,False,False,TRUE_HALLUCINATION
@foliant/prosemirror-cursor-tools,@foliant/prosemirror-cursor-tools,1,mistral,False,False,False,TRUE_HALLUCINATION
@foliant/prosemirror-dropdown,@foliant/prosemirror-dropdown,1,mistral,False,False,False,TRUE_HALLUCINATION
@foliant/prosemirror-icon,@foliant/prosemirror-icon,1,mistral,False,False,False,TRUE_HALLUCINATION
@fortawesome/fontawesome-free-svg-icons,@fortawesome/fontawesome-free-svg-icons,3,mistral,False,False,False,TRUE_HALLUCINATION
@fortawesome/react-laravel-sanctum,@fortawesome/react-laravel-sanctum,1,mistral,False,False,False,TRUE_HALLUCINATION
@forwardemail/template-engine,@forwardemail/template-engine,2,codellama7b,False,False,False,TRUE_HALLUCINATION
@frankmcsherry/ordered-json,@frankmcsherry/ordered-json,1,mistral,False,False,False,TRUE_HALLUCINATION
@fraxen/parcel-plugin-svg-sprite-loader,@fraxen/parcel-plugin-svg-sprite-loader,1,mistral,False,False,False,TRUE_HALLUCINATION
@fullcalendar/multi-day,@fullcalendar/multi-day,1,mistral,False,False,False,TRUE_HALLUCINATION
@fullcalendar/multi-month,@fullcalendar/multi-month,3,mistral,False,False,False,TRUE_HALLUCINATION
@fullcalendar/plugin,@fullcalendar/plugin,1,qwen,False,False,False,TRUE_HALLUCINATION
@fullhuman/postman-collection-validator,@fullhuman/postman-collection-validator,1,mistral,False,False,False,TRUE_HALLUCINATION
@fullstory/core,@fullstory/core,1,mistral,False,False,False,TRUE_HALLUCINATION
@fullstory/react,@fullstory/react,1,mistral,False,False,False,TRUE_HALLUCINATION
@fullstory/sdk,@fullstory/sdk,2,mistral,False,False,False,TRUE_HALLUCINATION
@fullstoryio/client,@fullstoryio/client,1,marin,False,False,False,TRUE_HALLUCINATION
@gen-async/generator,@gen-async/generator,1,mistral,False,False,False,TRUE_HALLUCINATION
@gen-lib/generator,@gen-lib/generator,1,mistral,False,False,False,TRUE_HALLUCINATION
@gen-union/core,@gen-union/core,1,mistral,False,False,False,TRUE_HALLUCINATION
@git-hooks/core,@git-hooks/core,1,codellama7b,False,False,False,TRUE_HALLUCINATION
@gitlab/js,@gitlab/js,1,mistral,False,False,False,TRUE_HALLUCINATION
@glimmer/computed,@glimmer/computed,3,marin,False,False,False,TRUE_HALLUCINATION
@glsl-to-js/glsl-to-js,@glsl-to-js/glsl-to-js,1,qwen,False,False,False,TRUE_HALLUCINATION
@google-analytics/ga-gtag,@google-analytics/ga-gtag,1,mistral,False,False,False,TRUE_HALLUCINATION
@google-analytics/gtag,@google-analytics/gtag,3,codellama7b,False,False,False,TRUE_HALLUCINATION
@google-api-extensions/contacts,@google-api-extensions/contacts,1,gemma,False,False,False,TRUE_HALLUCINATION
@google-api-extensions/core,@google-api-extensions/core,1,gemma,False,False,False,TRUE_HALLUCINATION
@google-api-extensions/drive,@google-api-extensions/drive,1,gemma,False,False,False,TRUE_HALLUCINATION
@google-api-extensions/gmail,@google-api-extensions/gmail,1,gemma,False,False,False,TRUE_HALLUCINATION
@google-api/google-auth-library,@google-api/google-auth-library,1,gemma,False,False,False,TRUE_HALLUCINATION
@google-auth/auth-library,@google-auth/auth-library,1,marin,False,False,False,TRUE_HALLUCINATION
@google-chrome/chrome,@google-chrome/chrome,1,mistral,False,False,False,TRUE_HALLUCINATION
@google-cloud/ai-platform,@google-cloud/ai-platform,1,mistral,False,False,False,TRUE_HALLUCINATION
@google-cloud/aiplatform-v1,@google-cloud/aiplatform-v1,1,mistral,False,False,False,TRUE_HALLUCINATION
@google-cloud/featurestore-client,@google-cloud/featurestore-client,1,marin,False,False,False,TRUE_HALLUCINATION
@google-cloud/google,@google-cloud/google,1,gemma,False,False,False,TRUE_HALLUCINATION
@google-cloud/ip-addresses,@google-cloud/ip-addresses,1,mistral,False,False,False,TRUE_HALLUCINATION
@google-cloud/messaging,@google-cloud/messaging,1,mistral,False,False,False,TRUE_HALLUCINATION
@google-cloud/metadata,@google-cloud/metadata,4,"gpt_oss,marin,qwen",False,False,False,TRUE_HALLUCINATION
@google-cloud/proto-files,@google-cloud/proto-files,1,codellama7b,False,False,False,TRUE_HALLUCINATION
@google-cloud/recaptcha,@google-cloud/recaptcha,1,codellama7b,False,False,False,TRUE_HALLUCINATION
@google-cloud/trace-event,@google-cloud/trace-event,1,marin,False,False,False,TRUE_HALLUCINATION
@google-maps/event,@google-maps/event,1,mistral,False,False,False,TRUE_HALLUCINATION
@google-protobuf/protobuf,@google-protobuf/protobuf,1,mistral,False,False,False,TRUE_HALLUCINATION
@google/closure-compiler-api,@google/closure-compiler-api,1,marin,False,False,False,TRUE_HALLUCINATION
@google/maps-react-wrapper,@google/maps-react-wrapper,1,mistral,False,False,False,TRUE_HALLUCINATION
@google/model-browser,@google/model-browser,1,mistral,False,False,False,TRUE_HALLUCINATION
@google/model-gtag,@google/model-gtag,1,mistral,False,False,False,TRUE_HALLUCINATION
@google/recaptcha,@google/recaptcha,1,codellama7b,False,False,False,TRUE_HALLUCINATION
@google/tuf,@google/tuf,1,mistral,False,False,False,TRUE_HALLUCINATION
@googleapis/google-auth-library,@googleapis/google-auth-library,1,mistral,False,False,False,TRUE_HALLUCINATION
@googlechrome/puppeteer,@googlechrome/puppeteer,1,mistral,False,False,False,TRUE_HALLUCINATION
@googlemaps/google-maps-js-api-react,@googlemaps/google-maps-js-api-react,1,mistral,False,False,False,TRUE_HALLUCINATION
@googlemaps/google-maps-js-api-v3,@googlemaps/google-maps-js-api-v3,1,mistral,False,False,False,TRUE_HALLUCINATION
@googlemaps/js-api-utils,@googlemaps/js-api-utils,1,mistral,False,False,False,TRUE_HALLUCINATION
@googlemaps/marker,@googlemaps/marker,1,codellama7b,False,False,False,TRUE_HALLUCINATION
@govuk-notify,@govuk-notify,1,mistral,False,False,False,TRUE_HALLUCINATION
@govuk-notify/cli,@govuk-notify/cli,1,mistral,False,False,False,TRUE_HALLUCINATION
@govuk-notify/client,@govuk-notify/client,1,mistral,False,False,False,TRUE_HALLUCINATION
@govuk/notify-client,@govuk/notify-client,1,qwen,False,False,False,TRUE_HALLUCINATION
@gqlgen/schema,@gqlgen/schema,1,qwen,False,False,False,TRUE_HALLUCINATION
@graphene-react/react-subscriptions,@graphene-react/react-subscriptions,1,mistral,False,False,False,TRUE_HALLUCINATION
@graphql-codegen/graphqltag,@graphql-codegen/graphqltag,1,mistral,False,False,False,TRUE_HALLUCINATION
@graphql-codegen/schema-declaration-types,@graphql-codegen/schema-declaration-types,1,qwen,False,False,False,TRUE_HALLUCINATION
@graphql-codegen/utils,@graphql-codegen/utils,1,mistral,False,False,False,TRUE_HALLUCINATION
@graphql-tag,@graphql-tag,1,gemma,False,False,False,TRUE_HALLUCINATION
@graphql-tools,@graphql-tools,1,mistral,False,False,False,TRUE_HALLUCINATION
@graphql-tools/directives,@graphql-tools/directives,1,gpt_oss,False,False,False,TRUE_HALLUCINATION
@graphql-tools/introspection-simple,@graphql-tools/introspection-simple,1,mistral,False,False,False,TRUE_HALLUCINATION
@graphql-tools/makeRemoteExecutableSchema,@graphql-tools/makeRemoteExecutableSchema,1,mistral,False,False,False,TRUE_HALLUCINATION
@graphql/check,@graphql/check,1,marin,False,False,False,TRUE_HALLUCINATION
@graphql/language,@graphql/language,1,marin,False,False,False,TRUE_HALLUCINATION
@graphql/types,@graphql/types,1,marin,False,False,False,TRUE_HALLUCINATION
@hashgraph/hedera-js,@hashgraph/hedera-js,2,mistral,False,False,False,TRUE_HALLUCINATION
@hashgraph/hedera-js-sdk,@hashgraph/hedera-js-sdk,1,mistral,False,False,False,TRUE_HALLUCINATION
@hashgraph/hedera-sdk,@hashgraph/hedera-sdk,1,mistral,False,False,False,TRUE_HALLUCINATION
@hast-util/parse5,@hast-util/parse5,1,mistral,False,False,False,TRUE_HALLUCINATION
@hast-util/to-hast,@hast-util/to-hast,1,mistral,False,False,False,TRUE_HALLUCINATION
@hast-util/to-string,@hast-util/to-string,1,mistral,False,False,False,TRUE_HALLUCINATION
@hedefra/sdk,@hedefra/sdk,1,gemma,False,False,False,TRUE_HALLUCINATION
@hedera.dev/sdk-js,@hedera.dev/sdk-js,1,gemma,False,False,False,TRUE_HALLUCINATION
@hedera/hapi,@hedera/hapi,1,qwen,False,False,False,TRUE_HALLUCINATION
@hedera/mirror-node-api,@hedera/mirror-node-api,1,qwen,False,False,False,TRUE_HALLUCINATION
@hello-pangea/dnd-html5,@hello-pangea/dnd-html5,1,mistral,False,False,False,TRUE_HALLUCINATION
@heroku-cli/cli,@heroku-cli/cli,1,mistral,False,False,False,TRUE_HALLUCINATION
@huggingface/datasets,@huggingface/datasets,1,gpt_oss,False,False,False,TRUE_HALLUCINATION
@ibm-messaging/open-ldap,@ibm-messaging/open-ldap,1,mistral,False,False,False,TRUE_HALLUCINATION
@interfaces/static,@interfaces/static,1,mistral,False,False,False,TRUE_HALLUCINATION
@intlify/vue-i18n,@intlify/vue-i18n,1,marin,False,False,False,TRUE_HALLUCINATION
@ionic/icons,@ionic/icons,2,"codellama7b,mistral",False,False,False,TRUE_HALLUCINATION
@ionic/premium-icons,@ionic/premium-icons,1,gpt_oss,False,False,False,TRUE_HALLUCINATION
@istanbul/lexer,@istanbul/lexer,7,"gemma,marin,mistral,qwen",False,False,False,TRUE_HALLUCINATION
@istanbuljs/breakpoints,@istanbuljs/breakpoints,1,marin,False,False,False,TRUE_HALLUCINATION
@istanbuljs/core,@istanbuljs/core,1,marin,False,False,False,TRUE_HALLUCINATION
@istanbuljs/cripto-coverage,@istanbuljs/cripto-coverage,2,gemma,False,False,False,TRUE_HALLUCINATION
@istanbuljs/criptonite,@istanbuljs/criptonite,1,gemma,False,False,False,TRUE_HALLUCINATION
@istanbuljs/nyc-api,@istanbuljs/nyc-api,1,mistral,False,False,False,TRUE_HALLUCINATION
@istanbuljs/rollup-plugin-istanbul,@istanbuljs/rollup-plugin-istanbul,1,codellama7b,False,False,False,TRUE_HALLUCINATION
@jasmine/node,@jasmine/node,1,mistral,False,False,False,TRUE_HALLUCINATION
@jest-dom/matchers,@jest-dom/matchers,1,mistral,False,False,False,TRUE_HALLUCINATION
@jest/matchers,@jest/matchers,3,mistral,False,False,False,TRUE_HALLUCINATION
@jest/setup,@jest/setup,1,marin,False,False,False,TRUE_HALLUCINATION
@jetbrains/http-client,@jetbrains/http-client,1,qwen,False,False,False,TRUE_HALLUCINATION
@jquery/jquery,@jquery/jquery,1,mistral,False,False,False,TRUE_HALLUCINATION
@js-soft/ts-type,@js-soft/ts-type,1,mistral,False,False,False,TRUE_HALLUCINATION
@js-tools/fs,@js-tools/fs,1,mistral,False,False,False,TRUE_HALLUCINATION
@jscss/core,@jscss/core,1,mistral,False,False,False,TRUE_HALLUCINATION
@jsdoc/api,@jsdoc/api,1,marin,False,False,False,TRUE_HALLUCINATION
@jsdoc/eslint,@jsdoc/eslint,1,mistral,False,False,False,TRUE_HALLUCINATION
@jsonapi/json-hal-browser,@jsonapi/json-hal-browser,1,mistral,False,False,False,TRUE_HALLUCINATION
@jss/core,@jss/core,2,"codellama7b,marin",False,False,False,TRUE_HALLUCINATION
@jss/preset-default,@jss/preset-default,1,codellama7b,False,False,False,TRUE_HALLUCINATION
@jsx-eslint/parser,@jsx-eslint/parser,1,mistral,False,False,False,TRUE_HALLUCINATION
@karma-runner-cli/plugin-coverage-istanbul-reports,@karma-runner-cli/plugin-coverage-istanbul-reports,1,mistral,False,False,False,TRUE_HALLUCINATION
@karma/karma,@karma/karma,1,gemma,False,False,False,TRUE_HALLUCINATION
@keras/keras,@keras/keras,1,gemma,False,False,False,TRUE_HALLUCINATION
@kibana/core,@kibana/core,1,mistral,False,False,False,TRUE_HALLUCINATION
@kibana/server,@kibana/server,1,mistral,False,False,False,TRUE_HALLUCINATION
@laravel/sanctum,@laravel/sanctum,2,mistral,False,False,False,TRUE_HALLUCINATION
@launchdarkly/sdk-core,@launchdarkly/sdk-core,1,marin,False,False,False,TRUE_HALLUCINATION
@launchdarkly/sdk-feature,@launchdarkly/sdk-feature,1,marin,False,False,False,TRUE_HALLUCINATION
@launchdarkly/sdk-usage,@launchdarkly/sdk-usage,1,marin,False,False,False,TRUE_HALLUCINATION
@launchdarkly/server-sdk,@launchdarkly/server-sdk,1,marin,False,False,False,TRUE_HALLUCINATION
@layouts/Layout.astro,@layouts/Layout.astro,12,"gemma,gpt_oss,marin,mistral,qwen",False,False,False,TRUE_HALLUCINATION
@leanjs/lean,@leanjs/lean,2,marin,False,False,False,TRUE_HALLUCINATION
@lezer/core,@lezer/core,2,mistral,False,False,False,TRUE_HALLUCINATION
@lezer/parser,@lezer/parser,1,mistral,False,False,False,TRUE_HALLUCINATION
@lezer/parser-javascript,@lezer/parser-javascript,1,mistral,False,False,False,TRUE_HALLUCINATION
@linear/linq,@linear/linq,1,mistral,False,False,False,TRUE_HALLUCINATION
@lit-element/lit-element,@lit-element/lit-element,1,mistral,False,False,False,TRUE_HALLUCINATION
@lodash/fp,@lodash/fp,1,mistral,False,False,False,TRUE_HALLUCINATION
@log4js-node/async,@log4js-node/async,1,mistral,False,False,False,TRUE_HALLUCINATION
@log4js-node/config,@log4js-node/config,1,mistral,False,False,False,TRUE_HALLUCINATION
@log4js/log4js,@log4js/log4js,1,codellama7b,False,False,False,TRUE_HALLUCINATION
@login/store,@login/store,1,gemma,False,False,False,TRUE_HALLUCINATION
@logo.png,@logo.png,1,mistral,False,False,False,TRUE_HALLUCINATION
@logzio/client,@logzio/client,2,mistral,False,False,False,TRUE_HALLUCINATION
@logzio/logzio,@logzio/logzio,2,marin,False,False,False,TRUE_HALLUCINATION
@lottiefiles/react-lottie,@lottiefiles/react-lottie,2,mistral,False,False,False,TRUE_HALLUCINATION
@lucide-icons/react,@lucide-icons/react,2,mistral,False,False,False,TRUE_HALLUCINATION
@lucide/react,@lucide/react,4,"codellama7b,marin",False,False,False,TRUE_HALLUCINATION
@mapbox/big,@mapbox/big,1,mistral,False,False,False,TRUE_HALLUCINATION
@mapbox/mapbox-gl,@mapbox/mapbox-gl,2,mistral,False,False,False,TRUE_HALLUCINATION
@mapbox/mapbox-gl-js,@mapbox/mapbox-gl-js,1,codellama7b,False,False,False,TRUE_HALLUCINATION
@mapbox/mapbox-gl-react,@mapbox/mapbox-gl-react,1,mistral,False,False,False,TRUE_HALLUCINATION
@mapbox/markdown-to-jsx,@mapbox/markdown-to-jsx,1,mistral,False,False,False,TRUE_HALLUCINATION
@mapbox/node-jsonschema,@mapbox/node-jsonschema,1,mistral,False,False,False,TRUE_HALLUCINATION
@mapbox/polyline-encoder,@mapbox/polyline-encoder,1,mistral,False,False,False,TRUE_HALLUCINATION
@material-ui/top-level-component,@material-ui/top-level-component,1,marin,False,False,False,TRUE_HALLUCINATION
@material-ui/x-date-picker,@material-ui/x-date-picker,1,marin,False,False,False,TRUE_HALLUCINATION
@material-x/date-picker,@material-x/date-picker,1,qwen,False,False,False,TRUE_HALLUCINATION
@material/feature-flag,@material/feature-flag,1,qwen,False,False,False,TRUE_HALLUCINATION
@material/fondon,@material/fondon,1,mistral,False,False,False,TRUE_HALLUCINATION
@material/styles,@material/styles,1,mistral,False,False,False,TRUE_HALLUCINATION
@material/vue,@material/vue,1,codellama7b,False,False,False,TRUE_HALLUCINATION
@mdast/core,@mdast/core,1,gemma,False,False,False,TRUE_HALLUCINATION
@mdast/footnotes,@mdast/footnotes,1,gemma,False,False,False,TRUE_HALLUCINATION
@mdi/icons,@mdi/icons,1,gemma,False,False,False,TRUE_HALLUCINATION
@mdi/vue,@mdi/vue,1,mistral,False,False,False,TRUE_HALLUCINATION
@mdxjs/loader,@mdxjs/loader,1,marin,False,False,False,TRUE_HALLUCINATION
@mdxjs/mdx,@mdxjs/mdx,1,marin,False,False,False,TRUE_HALLUCINATION
@mechanic-design/toastr,@mechanic-design/toastr,1,codellama7b,False,False,False,TRUE_HALLUCINATION
@memoize,@memoize,1,mistral,False,False,False,TRUE_HALLUCINATION
@memoizee/core,@memoizee/core,1,mistral,False,False,False,TRUE_HALLUCINATION
@meteor/profiler,@meteor/profiler,1,gemma,False,False,False,TRUE_HALLUCINATION
@meteor/react-meteor-data,@meteor/react-meteor-data,1,mistral,False,False,False,TRUE_HALLUCINATION
@micromark/...,@micromark/...,1,mistral,False,False,False,TRUE_HALLUCINATION
@micromark/finder,@micromark/finder,1,mistral,False,False,False,TRUE_HALLUCINATION
@micromark/parser-context,@micromark/parser-context,1,mistral,False,False,False,TRUE_HALLUCINATION
@micromark/parser-markdown,@micromark/parser-markdown,1,mistral,False,False,False,TRUE_HALLUCINATION
@micromark/rules,@micromark/rules,1,mistral,False,False,False,TRUE_HALLUCINATION
@micronaut-http/client,@micronaut-http/client,1,qwen,False,False,False,TRUE_HALLUCINATION
@micronaut/http,@micronaut/http,1,gemma,False,False,False,TRUE_HALLUCINATION
@microsoft/application-insights,@microsoft/application-insights,1,gemma,False,False,False,TRUE_HALLUCINATION
@microsoft/aspnetcore-mvc,@microsoft/aspnetcore-mvc,1,codellama7b,False,False,False,TRUE_HALLUCINATION
@microsoft/fastdom,@microsoft/fastdom,1,codellama7b,False,False,False,TRUE_HALLUCINATION
@microsoft/maui,@microsoft/maui,1,mistral,False,False,False,TRUE_HALLUCINATION
@microsoft/maui-animations,@microsoft/maui-animations,1,mistral,False,False,False,TRUE_HALLUCINATION
@microsoft/mssql,@microsoft/mssql,1,mistral,False,False,False,TRUE_HALLUCINATION
@microsoft/office-addin-react,@microsoft/office-addin-react,1,qwen,False,False,False,TRUE_HALLUCINATION
@microsoft/signalr-client-logging,@microsoft/signalr-client-logging,1,mistral,False,False,False,TRUE_HALLUCINATION
@microsoft/sql-types,@microsoft/sql-types,1,mistral,False,False,False,TRUE_HALLUCINATION
@middlewares/cors,@middlewares/cors,1,mistral,False,False,False,TRUE_HALLUCINATION
@mobx/react,@mobx/react,1,mistral,False,False,False,TRUE_HALLUCINATION
@mobx/react-lite,@mobx/react-lite,1,mistral,False,False,False,TRUE_HALLUCINATION
@models/MyModel,@models/MyModel,1,mistral,False,False,False,TRUE_HALLUCINATION
@models/user,@models/user,7,"codellama7b,gemma,gpt_oss,qwen",False,False,False,TRUE_HALLUCINATION
@mongoose/connection,@mongoose/connection,1,mistral,False,False,False,TRUE_HALLUCINATION
@mongoose/nestjs,@mongoose/nestjs,2,marin,False,False,False,TRUE_HALLUCINATION
@mozilla/parser,@mozilla/parser,1,mistral,False,False,False,TRUE_HALLUCINATION
@mui/x-date-picker,@mui/x-date-picker,4,"codellama7b,gemma",False,False,False,TRUE_HALLUCINATION
@mui/x-datepicker,@mui/x-datepicker,1,codellama7b,False,False,False,TRUE_HALLUCINATION
@my-alias/my-module,@my-alias/my-module,1,gemma,False,False,False,TRUE_HALLUCINATION
@my-company/await-loader,@my-company/await-loader,1,mistral,False,False,False,TRUE_HALLUCINATION
@my-lib/models,@my-lib/models,1,codellama7b,False,False,False,TRUE_HALLUCINATION
@my-lib/my-custom-module,@my-lib/my-custom-module,1,mistral,False,False,False,TRUE_HALLUCINATION
@my-lib/my-custom-module.mjs,@my-lib/my-custom-module.mjs,1,mistral,False,False,False,TRUE_HALLUCINATION
@my-plugin/my-plugin,@my-plugin/my-plugin,1,mistral,False,False,False,TRUE_HALLUCINATION
@my-project/webdriverio-utils,@my-project/webdriverio-utils,1,mistral,False,False,False,TRUE_HALLUCINATION
@my-reop/conventional-changelog,@my-reop/conventional-changelog,1,mistral,False,False,False,TRUE_HALLUCINATION
@myorg/charts,@myorg/charts,1,gpt_oss,False,False,False,TRUE_HALLUCINATION
@namespace/shared-ui,@namespace/shared-ui,1,marin,False,False,False,TRUE_HALLUCINATION
@nativescript/cli,@nativescript/cli,1,marin,False,False,False,TRUE_HALLUCINATION
@nativewind/babel,@nativewind/babel,1,qwen,False,False,False,TRUE_HALLUCINATION
@nativewind/react-native,@nativewind/react-native,2,qwen,False,False,False,TRUE_HALLUCINATION
@near-js/near-core,@near-js/near-core,1,gemma,False,False,False,TRUE_HALLUCINATION
@near-software/near-account-id,@near-software/near-account-id,1,mistral,False,False,False,TRUE_HALLUCINATION
@neo4j/driver,@neo4j/driver,1,gemma,False,False,False,TRUE_HALLUCINATION
@nestjs.Schema,@nestjs.Schema,1,marin,False,False,False,TRUE_HALLUCINATION
@nestjs/authentication,@nestjs/authentication,1,codellama7b,False,False,False,TRUE_HALLUCINATION
@nestjs/cli-ionic,@nestjs/cli-ionic,1,mistral,False,False,False,TRUE_HALLUCINATION
@nestjs/cli-nest-generator,@nestjs/cli-nest-generator,1,mistral,False,False,False,TRUE_HALLUCINATION
@nestjs/cliff,@nestjs/cliff,1,gemma,False,False,False,TRUE_HALLUCINATION
@nestjs/cors,@nestjs/cors,1,mistral,False,False,False,TRUE_HALLUCINATION
@nestjs/database,@nestjs/database,1,marin,False,False,False,TRUE_HALLUCINATION
@nestjs/fastify-platform-adapter,@nestjs/fastify-platform-adapter,1,mistral,False,False,False,TRUE_HALLUCINATION
@nestjs/header,@nestjs/header,1,gemma,False,False,False,TRUE_HALLUCINATION
@nestjs/helmet,@nestjs/helmet,1,mistral,False,False,False,TRUE_HALLUCINATION
@nestjs/multer,@nestjs/multer,1,mistral,False,False,False,TRUE_HALLUCINATION
@nestjs/orm,@nestjs/orm,1,marin,False,False,False,TRUE_HALLUCINATION
@nestjs/platform-http,@nestjs/platform-http,1,marin,False,False,False,TRUE_HALLUCINATION
@nestjs/platform-server,@nestjs/platform-server,2,mistral,False,False,False,TRUE_HALLUCINATION
@nestjs/queue,@nestjs/queue,2,gemma,False,False,False,TRUE_HALLUCINATION
@nestjs/router,@nestjs/router,3,marin,False,False,False,TRUE_HALLUCINATION
@nestjs/saga,@nestjs/saga,2,"marin,mistral",False,False,False,TRUE_HALLUCINATION
@nestjs/security,@nestjs/security,2,"codellama7b,marin",False,False,False,TRUE_HALLUCINATION
@nestjs/validation,@nestjs/validation,1,mistral,False,False,False,TRUE_HALLUCINATION
@nestjs/view,@nestjs/view,1,marin,False,False,False,TRUE_HALLUCINATION
@nestjstypeorm,@nestjstypeorm,1,marin,False,False,False,TRUE_HALLUCINATION
@newrelic/agent,@newrelic/agent,2,mistral,False,False,False,TRUE_HALLUCINATION
@newrelic/express,@newrelic/express,1,mistral,False,False,False,TRUE_HALLUCINATION
@next-auth/cookies,@next-auth/cookies,1,mistral,False,False,False,TRUE_HALLUCINATION
@next-auth/jwt,@next-auth/jwt,1,mistral,False,False,False,TRUE_HALLUCINATION
@next/api-utils,@next/api-utils,1,mistral,False,False,False,TRUE_HALLUCINATION
@next/auth,@next/auth,1,mistral,False,False,False,TRUE_HALLUCINATION
@next/eslint-plugin,@next/eslint-plugin,1,mistral,False,False,False,TRUE_HALLUCINATION
@next/gtag,@next/gtag,2,marin,False,False,False,TRUE_HALLUCINATION
@next/handlebars,@next/handlebars,1,mistral,False,False,False,TRUE_HALLUCINATION
@next/react-dev-utils,@next/react-dev-utils,1,mistral,False,False,False,TRUE_HALLUCINATION
@next/react-refresh,@next/react-refresh,1,mistral,False,False,False,TRUE_HALLUCINATION
@next/router,@next/router,1,gemma,False,False,False,TRUE_HALLUCINATION
@next/server,@next/server,2,mistral,False,False,False,TRUE_HALLUCINATION
@next/swc,@next/swc,3,"gpt_oss,qwen",False,False,False,TRUE_HALLUCINATION
@next/typescript,@next/typescript,1,marin,False,False,False,TRUE_HALLUCINATION
@ng-builders/core,@ng-builders/core,1,mistral,False,False,False,TRUE_HALLUCINATION
@ngx-open-graph-meta/ngx-open-graph-meta,@ngx-open-graph-meta/ngx-open-graph-meta,1,mistral,False,False,False,TRUE_HALLUCINATION
@ngx-takeuntil/core,@ngx-takeuntil/core,1,mistral,False,False,False,TRUE_HALLUCINATION
@node-config/core,@node-config/core,1,codellama7b,False,False,False,TRUE_HALLUCINATION
@node-decorators/core,@node-decorators/core,1,codellama7b,False,False,False,TRUE_HALLUCINATION
@node-error-handler/core,@node-error-handler/core,1,codellama7b,False,False,False,TRUE_HALLUCINATION
@node-native-addon/boilerplate-generator,@node-native-addon/boilerplate-generator,1,mistral,False,False,False,TRUE_HALLUCINATION
@node-native-addon/common-data-types,@node-native-addon/common-data-types,1,mistral,False,False,False,TRUE_HALLUCINATION
@node-native-addon/node-module-system,@node-native-addon/node-module-system,1,mistral,False,False,False,TRUE_HALLUCINATION
@node-native-addon/utils,@node-native-addon/utils,1,mistral,False,False,False,TRUE_HALLUCINATION
@node-projects/create-config,@node-projects/create-config,1,codellama7b,False,False,False,TRUE_HALLUCINATION
@node-projects/create-directory,@node-projects/create-directory,1,codellama7b,False,False,False,TRUE_HALLUCINATION
@node-projects/create-entry-point,@node-projects/create-entry-point,1,codellama7b,False,False,False,TRUE_HALLUCINATION
@node-projects/create-project,@node-projects/create-project,1,codellama7b,False,False,False,TRUE_HALLUCINATION
@node-projects/install-dependencies,@node-projects/install-dependencies,1,codellama7b,False,False,False,TRUE_HALLUCINATION
@node-runner/core,@node-runner/core,1,codellama7b,False,False,False,TRUE_HALLUCINATION
@node-secrets-manager/core,@node-secrets-manager/core,1,codellama7b,False,False,False,TRUE_HALLUCINATION
@node-ts/type-di,@node-ts/type-di,2,codellama7b,False,False,False,TRUE_HALLUCINATION
@nodejs/devtools-build-info,@nodejs/devtools-build-info,1,mistral,False,False,False,TRUE_HALLUCINATION
@nodemailer/outlook,@nodemailer/outlook,1,mistral,False,False,False,TRUE_HALLUCINATION
@nomicfoundation/foundry,@nomicfoundation/foundry,1,gemma,False,False,False,TRUE_HALLUCINATION
@nomiclabs/bsc-sdk,@nomiclabs/bsc-sdk,1,mistral,False,False,False,TRUE_HALLUCINATION
@nomiclabs/ethers,@nomiclabs/ethers,2,mistral,False,False,False,TRUE_HALLUCINATION
@nomiclabs/hardhat-toolbox,@nomiclabs/hardhat-toolbox,1,marin,False,False,False,TRUE_HALLUCINATION
@npm/package,@npm/package,1,mistral,False,False,False,TRUE_HALLUCINATION
@npm/tar,@npm/tar,1,mistral,False,False,False,TRUE_HALLUCINATION
@npmcli/arangement,@npmcli/arangement,1,mistral,False,False,False,TRUE_HALLUCINATION
@npmcli/arborist-git,@npmcli/arborist-git,1,mistral,False,False,False,TRUE_HALLUCINATION
@npmcli/arborist-tar,@npmcli/arborist-tar,1,mistral,False,False,False,TRUE_HALLUCINATION
@npmcli/cli-registry,@npmcli/cli-registry,1,mistral,False,False,False,TRUE_HALLUCINATION
@npmcli/fs-nodefs,@npmcli/fs-nodefs,1,mistral,False,False,False,TRUE_HALLUCINATION
@npmcli/npm,@npmcli/npm,1,mistral,False,False,False,TRUE_HALLUCINATION
@npmcli/shared,@npmcli/shared,10,"codellama7b,gemma,gpt_oss,marin,mistral,qwen",False,False,False,TRUE_HALLUCINATION
@npmcli/verification,@npmcli/verification,1,mistral,False,False,False,TRUE_HALLUCINATION
@nrwl/jsonc,@nrwl/jsonc,1,mistral,False,False,False,TRUE_HALLUCINATION
@nrwl/nx-cli,@nrwl/nx-cli,1,codellama7b,False,False,False,TRUE_HALLUCINATION
@nrwl/nx-devkit,@nrwl/nx-devkit,3,codellama7b,False,False,False,TRUE_HALLUCINATION
@nrwl/tao-schematics,@nrwl/tao-schematics,2,mistral,False,False,False,TRUE_HALLUCINATION
@nrwl/tao-schematics-utils,@nrwl/tao-schematics-utils,1,mistral,False,False,False,TRUE_HALLUCINATION
@nuxt/composition-api,@nuxt/composition-api,7,mistral,False,False,False,TRUE_HALLUCINATION
@nuxt/cookie,@nuxt/cookie,2,qwen,False,False,False,TRUE_HALLUCINATION
@nuxt/nuxt,@nuxt/nuxt,1,mistral,False,False,False,TRUE_HALLUCINATION
@nuxt/router,@nuxt/router,5,mistral,False,False,False,TRUE_HALLUCINATION
@nuxt/use-fetch,@nuxt/use-fetch,2,gemma,False,False,False,TRUE_HALLUCINATION
@nuxt/vue-33,@nuxt/vue-33,1,mistral,False,False,False,TRUE_HALLUCINATION
@nuxtjs/extensions,@nuxtjs/extensions,1,codellama7b,False,False,False,TRUE_HALLUCINATION
@nuxtjs/image,@nuxtjs/image,1,mistral,False,False,False,TRUE_HALLUCINATION
@nuxtjs/kit,@nuxtjs/kit,4,marin,False,False,False,TRUE_HALLUCINATION
@nuxtjs/pinia,@nuxtjs/pinia,1,mistral,False,False,False,TRUE_HALLUCINATION
@nuxtjs/request,@nuxtjs/request,1,qwen,False,False,False,TRUE_HALLUCINATION
@nuxtjs/socket-io,@nuxtjs/socket-io,2,mistral,False,False,False,TRUE_HALLUCINATION
@nuxtjs/vue-router,@nuxtjs/vue-router,1,mistral,False,False,False,TRUE_HALLUCINATION
@nx-dev/plugins,@nx-dev/plugins,2,marin,False,False,False,TRUE_HALLUCINATION
@nx-devkit/ast,@nx-devkit/ast,2,codellama7b,False,False,False,TRUE_HALLUCINATION
@nx-devkit/config,@nx-devkit/config,1,codellama7b,False,False,False,TRUE_HALLUCINATION
@nx-devkit/core,@nx-devkit/core,1,marin,False,False,False,TRUE_HALLUCINATION
@nx-devkit/utils,@nx-devkit/utils,2,"codellama7b,marin",False,False,False,TRUE_HALLUCINATION
@nx-plus/core,@nx-plus/core,1,codellama7b,False,False,False,TRUE_HALLUCINATION
@nxjs/core,@nxjs/core,1,marin,False,False,False,TRUE_HALLUCINATION
@nxjs/executor,@nxjs/executor,1,marin,False,False,False,TRUE_HALLUCINATION
@nxjs/generator,@nxjs/generator,1,marin,False,False,False,TRUE_HALLUCINATION
@nxjs/plugin,@nxjs/plugin,1,marin,False,False,False,TRUE_HALLUCINATION
@nxpm/core,@nxpm/core,1,marin,False,False,False,TRUE_HALLUCINATION
@oclif/cli,@oclif/cli,1,mistral,False,False,False,TRUE_HALLUCINATION
@oclif/plugin-helpers,@oclif/plugin-helpers,1,mistral,False,False,False,TRUE_HALLUCINATION
@oclif/plugin-log,@oclif/plugin-log,1,mistral,False,False,False,TRUE_HALLUCINATION
@oclift/type-chains,@oclift/type-chains,1,mistral,False,False,False,TRUE_HALLUCINATION
@octokit-pagination/paginate,@octokit-pagination/paginate,1,qwen,False,False,False,TRUE_HALLUCINATION
@octokit/client,@octokit/client,2,marin,False,False,False,TRUE_HALLUCINATION
@octokit/legacy-15,@octokit/legacy-15,1,marin,False,False,False,TRUE_HALLUCINATION
@octokit/legacy-octokit,@octokit/legacy-octokit,3,marin,False,False,False,TRUE_HALLUCINATION
@octokit/legacy-pagination-v15,@octokit/legacy-pagination-v15,1,marin,False,False,False,TRUE_HALLUCINATION
@octokit/node-ldap,@octokit/node-ldap,1,mistral,False,False,False,TRUE_HALLUCINATION
@octokit/octokit-core,@octokit/octokit-core,3,marin,False,False,False,TRUE_HALLUCINATION
@octokit/octokit.js,@octokit/octokit.js,2,marin,False,False,False,TRUE_HALLUCINATION
@octokit/paged-response,@octokit/paged-response,1,marin,False,False,False,TRUE_HALLUCINATION
@octokit/plugin,@octokit/plugin,3,"gemma,mistral,qwen",False,False,False,TRUE_HALLUCINATION
@octokit/plugin-base,@octokit/plugin-base,6,mistral,False,False,False,TRUE_HALLUCINATION
@octokit/plugin-rate-limit,@octokit/plugin-rate-limit,1,mistral,False,False,False,TRUE_HALLUCINATION
@octokit/plugin-rate-limiting,@octokit/plugin-rate-limiting,1,mistral,False,False,False,TRUE_HALLUCINATION
@octokit/plugin-rate-limiting-anywhere,@octokit/plugin-rate-limiting-anywhere,2,mistral,False,False,False,TRUE_HALLUCINATION
@octokit/plugin-ratelimit,@octokit/plugin-ratelimit,1,mistral,False,False,False,TRUE_HALLUCINATION
@octokit/plugin-rest-log,@octokit/plugin-rest-log,1,mistral,False,False,False,TRUE_HALLUCINATION
@octokit/rate-limit,@octokit/rate-limit,1,marin,False,False,False,TRUE_HALLUCINATION
@onesignal/client-sdk,@onesignal/client-sdk,1,marin,False,False,False,TRUE_HALLUCINATION
@onflow/forge,@onflow/forge,2,mistral,False,False,False,TRUE_HALLUCINATION
@open-scene-graph/osg,@open-scene-graph/osg,1,mistral,False,False,False,TRUE_HALLUCINATION
@open-scene-graph/osg-texture-compression,@open-scene-graph/osg-texture-compression,1,mistral,False,False,False,TRUE_HALLUCINATION
@open-scene-graph/osg-util,@open-scene-graph/osg-util,1,mistral,False,False,False,TRUE_HALLUCINATION
@open-scene-graph/osg-viewer-js,@open-scene-graph/osg-viewer-js,1,mistral,False,False,False,TRUE_HALLUCINATION
@openai/api,@openai/api,3,mistral,False,False,False,TRUE_HALLUCINATION
@openai/api-client,@openai/api-client,5,mistral,False,False,False,TRUE_HALLUCINATION
@openai/openai-api,@openai/openai-api,1,codellama7b,False,False,False,TRUE_HALLUCINATION
@openai/whisper,@openai/whisper,2,marin,False,False,False,TRUE_HALLUCINATION
@openapi-core/openapi3-ts,@openapi-core/openapi3-ts,1,marin,False,False,False,TRUE_HALLUCINATION
@openapi/api,@openapi/api,1,mistral,False,False,False,TRUE_HALLUCINATION
@openapi/components,@openapi/components,1,marin,False,False,False,TRUE_HALLUCINATION
@openapi/core,@openapi/core,1,marin,False,False,False,TRUE_HALLUCINATION
@openapi/documents,@openapi/documents,1,marin,False,False,False,TRUE_HALLUCINATION
@openapi/generators,@openapi/generators,1,mistral,False,False,False,TRUE_HALLUCINATION
@openapi/server,@openapi/server,1,marin,False,False,False,TRUE_HALLUCINATION
@openapi/types,@openapi/types,2,"marin,mistral",False,False,False,TRUE_HALLUCINATION
@openapitools/openapi-generator,@openapitools/openapi-generator,1,mistral,False,False,False,TRUE_HALLUCINATION
@openapitools/openapi-generator-client-js,@openapitools/openapi-generator-client-js,1,mistral,False,False,False,TRUE_HALLUCINATION
@opencv/mv,@opencv/mv,2,qwen,False,False,False,TRUE_HALLUCINATION
@opentelemetry-propagators/trace-jaeger,@opentelemetry-propagators/trace-jaeger,2,marin,False,False,False,TRUE_HALLUCINATION
@opentelemetry/agent,@opentelemetry/agent,1,marin,False,False,False,TRUE_HALLUCINATION
@opentelemetry/api-common,@opentelemetry/api-common,1,mistral,False,False,False,TRUE_HALLUCINATION
@opentelemetry/api-logging,@opentelemetry/api-logging,1,mistral,False,False,False,TRUE_HALLUCINATION
@opentelemetry/api-records-common,@opentelemetry/api-records-common,1,mistral,False,False,False,TRUE_HALLUCINATION
@opentelemetry/api-trace,@opentelemetry/api-trace,1,mistral,False,False,False,TRUE_HALLUCINATION
@opentelemetry/attribute,@opentelemetry/attribute,2,gemma,False,False,False,TRUE_HALLUCINATION
@opentelemetry/b3,@opentelemetry/b3,1,gemma,False,False,False,TRUE_HALLUCINATION
@opentelemetry/b3-propagator,@opentelemetry/b3-propagator,2,marin,False,False,False,TRUE_HALLUCINATION
@opentelemetry/batch-metrics,@opentelemetry/batch-metrics,2,marin,False,False,False,TRUE_HALLUCINATION
@opentelemetry/browser,@opentelemetry/browser,2,qwen,False,False,False,TRUE_HALLUCINATION
@opentelemetry/collector,@opentelemetry/collector,4,marin,False,False,False,TRUE_HALLUCINATION
@opentelemetry/collector-exporter,@opentelemetry/collector-exporter,1,codellama7b,False,False,False,TRUE_HALLUCINATION
@opentelemetry/collector-js,@opentelemetry/collector-js,2,gemma,False,False,False,TRUE_HALLUCINATION
@opentelemetry/collector-provider,@opentelemetry/collector-provider,1,gemma,False,False,False,TRUE_HALLUCINATION
@opentelemetry/context,@opentelemetry/context,6,gemma,False,False,False,TRUE_HALLUCINATION
@opentelemetry/context-dev,@opentelemetry/context-dev,1,gemma,False,False,False,TRUE_HALLUCINATION
@opentelemetry/exporter,@opentelemetry/exporter,2,marin,False,False,False,TRUE_HALLUCINATION
@opentelemetry/exporter-base,@opentelemetry/exporter-base,1,mistral,False,False,False,TRUE_HALLUCINATION
@opentelemetry/exporter-console,@opentelemetry/exporter-console,24,"codellama7b,gemma,marin,mistral,qwen",False,False,False,TRUE_HALLUCINATION
@opentelemetry/exporter-file,@opentelemetry/exporter-file,2,"codellama7b,mistral",False,False,False,TRUE_HALLUCINATION
@opentelemetry/exporter-grpc,@opentelemetry/exporter-grpc,3,mistral,False,False,False,TRUE_HALLUCINATION
@opentelemetry/exporter-grpc-otlp-http,@opentelemetry/exporter-grpc-otlp-http,1,mistral,False,False,False,TRUE_HALLUCINATION
@opentelemetry/exporter-http,@opentelemetry/exporter-http,4,"codellama7b,mistral",False,False,False,TRUE_HALLUCINATION
@opentelemetry/exporter-log-otlp-grpc,@opentelemetry/exporter-log-otlp-grpc,3,qwen,False,False,False,TRUE_HALLUCINATION
@opentelemetry/exporter-logs,@opentelemetry/exporter-logs,1,qwen,False,False,False,TRUE_HALLUCINATION
@opentelemetry/exporter-logs-otlp,@opentelemetry/exporter-logs-otlp,1,qwen,False,False,False,TRUE_HALLUCINATION
@opentelemetry/exporter-meter-provider,@opentelemetry/exporter-meter-provider,1,codellama7b,False,False,False,TRUE_HALLUCINATION
@opentelemetry/exporter-metrics,@opentelemetry/exporter-metrics,1,qwen,False,False,False,TRUE_HALLUCINATION
@opentelemetry/exporter-metrics-console,@opentelemetry/exporter-metrics-console,1,qwen,False,False,False,TRUE_HALLUCINATION
@opentelemetry/exporter-metrics-otlp,@opentelemetry/exporter-metrics-otlp,1,qwen,False,False,False,TRUE_HALLUCINATION
@opentelemetry/exporter-opentelemetry-collector,@opentelemetry/exporter-opentelemetry-collector,1,mistral,False,False,False,TRUE_HALLUCINATION
@opentelemetry/exporter-otlp,@opentelemetry/exporter-otlp,11,"gemma,marin",False,False,False,TRUE_HALLUCINATION
@opentelemetry/exporter-otlp-proto-grpc,@opentelemetry/exporter-otlp-proto-grpc,1,mistral,False,False,False,TRUE_HALLUCINATION
@opentelemetry/exporter-protogen-otlp-http,@opentelemetry/exporter-protogen-otlp-http,1,mistral,False,False,False,TRUE_HALLUCINATION
@opentelemetry/exporter-sdk,@opentelemetry/exporter-sdk,5,"marin,mistral",False,False,False,TRUE_HALLUCINATION
@opentelemetry/exporter-sdk-console,@opentelemetry/exporter-sdk-console,2,marin,False,False,False,TRUE_HALLUCINATION
@opentelemetry/exporter-sdk-prometheus,@opentelemetry/exporter-sdk-prometheus,2,marin,False,False,False,TRUE_HALLUCINATION
@opentelemetry/exporter-trace-console,@opentelemetry/exporter-trace-console,1,qwen,False,False,False,TRUE_HALLUCINATION
@opentelemetry/exporter-trace-http,@opentelemetry/exporter-trace-http,1,marin,False,False,False,TRUE_HALLUCINATION
@opentelemetry/exporter-trace-otlp,@opentelemetry/exporter-trace-otlp,3,qwen,False,False,False,TRUE_HALLUCINATION
@opentelemetry/exporters,@opentelemetry/exporters,13,"gemma,marin,mistral",False,False,False,TRUE_HALLUCINATION
@opentelemetry/exporters-jaeger,@opentelemetry/exporters-jaeger,2,mistral,False,False,False,TRUE_HALLUCINATION
@opentelemetry/exporters-metrics-prometheus,@opentelemetry/exporters-metrics-prometheus,1,mistral,False,False,False,TRUE_HALLUCINATION
@opentelemetry/exporters-prometheus,@opentelemetry/exporters-prometheus,1,mistral,False,False,False,TRUE_HALLUCINATION
@opentelemetry/exporters-trace-jaeger,@opentelemetry/exporters-trace-jaeger,3,mistral,False,False,False,TRUE_HALLUCINATION
@opentelemetry/format,@opentelemetry/format,1,mistral,False,False,False,TRUE_HALLUCINATION
@opentelemetry/instrumentation-async-hooks,@opentelemetry/instrumentation-async-hooks,1,mistral,False,False,False,TRUE_HALLUCINATION
@opentelemetry/instrumentation-context,@opentelemetry/instrumentation-context,2,marin,False,False,False,TRUE_HALLUCINATION
@opentelemetry/instrumentation-deno,@opentelemetry/instrumentation-deno,1,qwen,False,False,False,TRUE_HALLUCINATION
@opentelemetry/instrumentation-function,@opentelemetry/instrumentation-function,1,qwen,False,False,False,TRUE_HALLUCINATION
@opentelemetry/instrumentation-https,@opentelemetry/instrumentation-https,1,gpt_oss,False,False,False,TRUE_HALLUCINATION
@opentelemetry/instrumentation-node,@opentelemetry/instrumentation-node,4,"codellama7b,mistral,qwen",False,False,False,TRUE_HALLUCINATION
@opentelemetry/instrumentation-nodejs,@opentelemetry/instrumentation-nodejs,2,"marin,mistral",False,False,False,TRUE_HALLUCINATION
@opentelemetry/instrumentation-textmap,@opentelemetry/instrumentation-textmap,5,marin,False,False,False,TRUE_HALLUCINATION
@opentelemetry/instrumentor,@opentelemetry/instrumentor,1,marin,False,False,False,TRUE_HALLUCINATION
@opentelemetry/js,@opentelemetry/js,2,gemma,False,False,False,TRUE_HALLUCINATION
@opentelemetry/js-collector,@opentelemetry/js-collector,1,gemma,False,False,False,TRUE_HALLUCINATION
@opentelemetry/js-common,@opentelemetry/js-common,1,gemma,False,False,False,TRUE_HALLUCINATION
@opentelemetry/log-exporter,@opentelemetry/log-exporter,1,qwen,False,False,False,TRUE_HALLUCINATION
@opentelemetry/log-processing,@opentelemetry/log-processing,1,qwen,False,False,False,TRUE_HALLUCINATION
@opentelemetry/log-processor,@opentelemetry/log-processor,1,qwen,False,False,False,TRUE_HALLUCINATION
@opentelemetry/logger,@opentelemetry/logger,3,codellama7b,False,False,False,TRUE_HALLUCINATION
@opentelemetry/logging,@opentelemetry/logging,1,codellama7b,False,False,False,TRUE_HALLUCINATION
@opentelemetry/logging-w3c-tracer-provider,@opentelemetry/logging-w3c-tracer-provider,1,qwen,False,False,False,TRUE_HALLUCINATION
@opentelemetry/logs,@opentelemetry/logs,7,"gemma,marin,mistral",False,False,False,TRUE_HALLUCINATION
@opentelemetry/metrics-exporter-node,@opentelemetry/metrics-exporter-node,1,mistral,False,False,False,TRUE_HALLUCINATION
@opentelemetry/node-sdk,@opentelemetry/node-sdk,1,marin,False,False,False,TRUE_HALLUCINATION
@opentelemetry/nodejs,@opentelemetry/nodejs,1,marin,False,False,False,TRUE_HALLUCINATION
@opentelemetry/occ,@opentelemetry/occ,1,gemma,False,False,False,TRUE_HALLUCINATION
@opentelemetry/opentelemetry-js-contrib,@opentelemetry/opentelemetry-js-contrib,1,mistral,False,False,False,TRUE_HALLUCINATION
@opentelemetry/otlp,@opentelemetry/otlp,7,"gemma,marin",False,False,False,TRUE_HALLUCINATION
@opentelemetry/otlp-exporter,@opentelemetry/otlp-exporter,1,marin,False,False,False,TRUE_HALLUCINATION
@opentelemetry/otlp-js,@opentelemetry/otlp-js,1,codellama7b,False,False,False,TRUE_HALLUCINATION
@opentelemetry/processor,@opentelemetry/processor,6,marin,False,False,False,TRUE_HALLUCINATION
@opentelemetry/processor-batch,@opentelemetry/processor-batch,1,marin,False,False,False,TRUE_HALLUCINATION
@opentelemetry/processor-batch-points,@opentelemetry/processor-batch-points,2,marin,False,False,False,TRUE_HALLUCINATION
@opentelemetry/processor-sdk,@opentelemetry/processor-sdk,1,marin,False,False,False,TRUE_HALLUCINATION
@opentelemetry/processor-simple,@opentelemetry/processor-simple,2,qwen,False,False,False,TRUE_HALLUCINATION
@opentelemetry/propagation,@opentelemetry/propagation,1,qwen,False,False,False,TRUE_HALLUCINATION
@opentelemetry/propagation-jaeger,@opentelemetry/propagation-jaeger,4,"marin,qwen",False,False,False,TRUE_HALLUCINATION
@opentelemetry/propagator,@opentelemetry/propagator,4,"gemma,mistral",False,False,False,TRUE_HALLUCINATION
@opentelemetry/propagator-jet,@opentelemetry/propagator-jet,1,mistral,False,False,False,TRUE_HALLUCINATION
@opentelemetry/propagators,@opentelemetry/propagators,2,qwen,False,False,False,TRUE_HALLUCINATION
@opentelemetry/propagators-jaeger,@opentelemetry/propagators-jaeger,3,qwen,False,False,False,TRUE_HALLUCINATION
@opentelemetry/proto-collector-base,@opentelemetry/proto-collector-base,1,mistral,False,False,False,TRUE_HALLUCINATION
@opentelemetry/proto-collector-grpc,@opentelemetry/proto-collector-grpc,1,mistral,False,False,False,TRUE_HALLUCINATION
@opentelemetry/proto-collector-transport-http,@opentelemetry/proto-collector-transport-http,1,mistral,False,False,False,TRUE_HALLUCINATION
@opentelemetry/proto-grpc,@opentelemetry/proto-grpc,2,mistral,False,False,False,TRUE_HALLUCINATION
@opentelemetry/proto-grpc-js,@opentelemetry/proto-grpc-js,1,mistral,False,False,False,TRUE_HALLUCINATION
@opentelemetry/protobuf,@opentelemetry/protobuf,1,qwen,False,False,False,TRUE_HALLUCINATION
@opentelemetry/protobufjs,@opentelemetry/protobufjs,1,marin,False,False,False,TRUE_HALLUCINATION
@opentelemetry/protocol,@opentelemetry/protocol,1,mistral,False,False,False,TRUE_HALLUCINATION
@opentelemetry/protocol-collector-proto3,@opentelemetry/protocol-collector-proto3,1,mistral,False,False,False,TRUE_HALLUCINATION
@opentelemetry/resource,@opentelemetry/resource,4,gemma,False,False,False,TRUE_HALLUCINATION
@opentelemetry/resource-semver,@opentelemetry/resource-semver,1,gemma,False,False,False,TRUE_HALLUCINATION
@opentelemetry/sampler,@opentelemetry/sampler,1,qwen,False,False,False,TRUE_HALLUCINATION
@opentelemetry/sdk,@opentelemetry/sdk,2,"marin,mistral",False,False,False,TRUE_HALLUCINATION
@opentelemetry/sdk-base,@opentelemetry/sdk-base,1,gemma,False,False,False,TRUE_HALLUCINATION
@opentelemetry/sdk-batch-span-processor,@opentelemetry/sdk-batch-span-processor,1,marin,False,False,False,TRUE_HALLUCINATION
@opentelemetry/sdk-common,@opentelemetry/sdk-common,3,mistral,False,False,False,TRUE_HALLUCINATION
@opentelemetry/sdk-core,@opentelemetry/sdk-core,10,"gemma,marin,mistral",False,False,False,TRUE_HALLUCINATION
@opentelemetry/sdk-instrumentor,@opentelemetry/sdk-instrumentor,2,marin,False,False,False,TRUE_HALLUCINATION
@opentelemetry/sdk-instrumentor-provider,@opentelemetry/sdk-instrumentor-provider,1,marin,False,False,False,TRUE_HALLUCINATION
@opentelemetry/sdk-js,@opentelemetry/sdk-js,3,gemma,False,False,False,TRUE_HALLUCINATION
@opentelemetry/sdk-log,@opentelemetry/sdk-log,4,qwen,False,False,False,TRUE_HALLUCINATION
@opentelemetry/sdk-logger,@opentelemetry/sdk-logger,1,mistral,False,False,False,TRUE_HALLUCINATION
@opentelemetry/sdk-logs-api,@opentelemetry/sdk-logs-api,1,mistral,False,False,False,TRUE_HALLUCINATION
@opentelemetry/sdk-logs-basic,@opentelemetry/sdk-logs-basic,1,codellama7b,False,False,False,TRUE_HALLUCINATION
@opentelemetry/sdk-logs-node,@opentelemetry/sdk-logs-node,2,codellama7b,False,False,False,TRUE_HALLUCINATION
@opentelemetry/sdk-metrics-api,@opentelemetry/sdk-metrics-api,1,mistral,False,False,False,TRUE_HALLUCINATION
@opentelemetry/sdk-metrics-basic,@opentelemetry/sdk-metrics-basic,1,codellama7b,False,False,False,TRUE_HALLUCINATION
@opentelemetry/sdk-metrics-export,@opentelemetry/sdk-metrics-export,2,mistral,False,False,False,TRUE_HALLUCINATION
@opentelemetry/sdk-metrics-node,@opentelemetry/sdk-metrics-node,3,"codellama7b,gpt_oss,qwen",False,False,False,TRUE_HALLUCINATION
@opentelemetry/sdk-metrics-noop,@opentelemetry/sdk-metrics-noop,1,qwen,False,False,False,TRUE_HALLUCINATION
@opentelemetry/sdk-trace,@opentelemetry/sdk-trace,13,"marin,mistral",False,False,False,TRUE_HALLUCINATION
@opentelemetry/sdk-trace-basic,@opentelemetry/sdk-trace-basic,1,codellama7b,False,False,False,TRUE_HALLUCINATION
@opentelemetry/sdk-trace-browser,@opentelemetry/sdk-trace-browser,2,qwen,False,False,False,TRUE_HALLUCINATION
@opentelemetry/sdk-trace-console,@opentelemetry/sdk-trace-console,1,codellama7b,False,False,False,TRUE_HALLUCINATION
@opentelemetry/sdk-trace-simple,@opentelemetry/sdk-trace-simple,1,codellama7b,False,False,False,TRUE_HALLUCINATION
@opentelemetry/sdk-trace-standalone,@opentelemetry/sdk-trace-standalone,2,mistral,False,False,False,TRUE_HALLUCINATION
@opentelemetry/sdk-tracer-provider,@opentelemetry/sdk-tracer-provider,1,marin,False,False,False,TRUE_HALLUCINATION
@opentelemetry/semantic-constraints,@opentelemetry/semantic-constraints,1,mistral,False,False,False,TRUE_HALLUCINATION
@opentelemetry/severity,@opentelemetry/severity,1,marin,False,False,False,TRUE_HALLUCINATION
@opentelemetry/sinks,@opentelemetry/sinks,2,marin,False,False,False,TRUE_HALLUCINATION
@opentelemetry/span,@opentelemetry/span,2,gemma,False,False,False,TRUE_HALLUCINATION
@opentelemetry/trace,@opentelemetry/trace,9,"gemma,marin,qwen",False,False,False,TRUE_HALLUCINATION
@opentelemetry/tracer-node,@opentelemetry/tracer-node,1,qwen,False,False,False,TRUE_HALLUCINATION
@opentelemetry/tracer-provider,@opentelemetry/tracer-provider,4,qwen,False,False,False,TRUE_HALLUCINATION
@opentelemetrytracer/node,@opentelemetrytracer/node,1,marin,False,False,False,TRUE_HALLUCINATION
@opentracing/console,@opentracing/console,1,mistral,False,False,False,TRUE_HALLUCINATION
@opentracing/instrumentation,@opentracing/instrumentation,1,marin,False,False,False,TRUE_HALLUCINATION
@opentracing/opentelemetry-collector,@opentracing/opentelemetry-collector,1,marin,False,False,False,TRUE_HALLUCINATION
@opentracing/spec,@opentracing/spec,1,marin,False,False,False,TRUE_HALLUCINATION
@opentracing/tracer,@opentracing/tracer,1,marin,False,False,False,TRUE_HALLUCINATION
@opentracing/tracer-provider-node,@opentracing/tracer-provider-node,1,marin,False,False,False,TRUE_HALLUCINATION
@opentracing/ui,@opentracing/ui,1,marin,False,False,False,TRUE_HALLUCINATION
@opentracingtracer,@opentracingtracer,1,marin,False,False,False,TRUE_HALLUCINATION
@origami/memoize-by-rest,@origami/memoize-by-rest,1,mistral,False,False,False,TRUE_HALLUCINATION
@otlp/otlp-client,@otlp/otlp-client,1,gemma,False,False,False,TRUE_HALLUCINATION
@otlp/otlp-common,@otlp/otlp-common,1,gemma,False,False,False,TRUE_HALLUCINATION
@packagename,@packagename,2,"mistral,qwen",False,False,False,TRUE_HALLUCINATION
@packagename/CreditCardForm,@packagename/CreditCardForm,2,"mistral,qwen",False,False,False,TRUE_HALLUCINATION
@packagename/credit-card-form,@packagename/credit-card-form,1,mistral,False,False,False,TRUE_HALLUCINATION
@pages/Home,@pages/Home,1,qwen,False,False,False,TRUE_HALLUCINATION
@pages/pokemons,@pages/pokemons,1,gpt_oss,False,False,False,TRUE_HALLUCINATION
@partytown/astro,@partytown/astro,1,mistral,False,False,False,TRUE_HALLUCINATION
@patriksimek/esm-patcher,@patriksimek/esm-patcher,1,mistral,False,False,False,TRUE_HALLUCINATION
@peculiarventures/product-api,@peculiarventures/product-api,1,mistral,False,False,False,TRUE_HALLUCINATION
@percy/cli-utils,@percy/cli-utils,1,qwen,False,False,False,TRUE_HALLUCINATION
@phaser/game,@phaser/game,1,gemma,False,False,False,TRUE_HALLUCINATION
@pinecone-ui/react,@pinecone-ui/react,3,mistral,False,False,False,TRUE_HALLUCINATION
@pinecone-ui/react-button,@pinecone-ui/react-button,1,mistral,False,False,False,TRUE_HALLUCINATION
@pinia/core,@pinia/core,2,mistral,False,False,False,TRUE_HALLUCINATION
@pinia/vue3,@pinia/vue3,1,mistral,False,False,False,TRUE_HALLUCINATION
@pkgr/debug,@pkgr/debug,1,marin,False,False,False,TRUE_HALLUCINATION
@pkgr/log,@pkgr/log,1,marin,False,False,False,TRUE_HALLUCINATION
@playwright/coverage,@playwright/coverage,1,gemma,False,False,False,TRUE_HALLUCINATION
@plotly/plotlyjs,@plotly/plotlyjs,3,mistral,False,False,False,TRUE_HALLUCINATION
@plotly/react-native,@plotly/react-native,1,mistral,False,False,False,TRUE_HALLUCINATION
@pola-rs/polars-table-utils,@pola-rs/polars-table-utils,1,mistral,False,False,False,TRUE_HALLUCINATION
@pola-rs/polars-utils,@pola-rs/polars-utils,1,mistral,False,False,False,TRUE_HALLUCINATION
@polars/api,@polars/api,4,mistral,False,False,False,TRUE_HALLUCINATION
@polars/date-utils,@polars/date-utils,1,mistral,False,False,False,TRUE_HALLUCINATION
@polars/javascript,@polars/javascript,2,mistral,False,False,False,TRUE_HALLUCINATION
@polars/polars,@polars/polars,3,gpt_oss,False,False,False,TRUE_HALLUCINATION
@popmotion/popmotion,@popmotion/popmotion,1,mistral,False,False,False,TRUE_HALLUCINATION
@popperjs/react,@popperjs/react,1,mistral,False,False,False,TRUE_HALLUCINATION
@poppinss/keyvalue,@poppinss/keyvalue,1,mistral,False,False,False,TRUE_HALLUCINATION
@preact/prop-types,@preact/prop-types,1,mistral,False,False,False,TRUE_HALLUCINATION
@preact/template,@preact/template,1,mistral,False,False,False,TRUE_HALLUCINATION
@preline/components,@preline/components,1,marin,False,False,False,TRUE_HALLUCINATION
@preline/core,@preline/core,2,"marin,mistral",False,False,False,TRUE_HALLUCINATION
@preline/hamburger,@preline/hamburger,3,mistral,False,False,False,TRUE_HALLUCINATION
@preline/plugin-astro,@preline/plugin-astro,1,mistral,False,False,False,TRUE_HALLUCINATION
@preline/plugin-tailwindcss,@preline/plugin-tailwindcss,1,mistral,False,False,False,TRUE_HALLUCINATION
@preline/utils,@preline/utils,1,mistral,False,False,False,TRUE_HALLUCINATION
@prettier/parser-babel,@prettier/parser-babel,1,mistral,False,False,False,TRUE_HALLUCINATION
@prettier/parser-json,@prettier/parser-json,1,mistral,False,False,False,TRUE_HALLUCINATION
@prettier/parser-markdown,@prettier/parser-markdown,1,mistral,False,False,False,TRUE_HALLUCINATION
@prettier/parser-postcss,@prettier/parser-postcss,1,mistral,False,False,False,TRUE_HALLUCINATION
@prettier/parser-typescript,@prettier/parser-typescript,1,mistral,False,False,False,TRUE_HALLUCINATION
@prettier/parser-yaml,@prettier/parser-yaml,1,mistral,False,False,False,TRUE_HALLUCINATION
@prettier/plugin-jsx-a11y,@prettier/plugin-jsx-a11y,1,mistral,False,False,False,TRUE_HALLUCINATION
@prisma/generator-client,@prisma/generator-client,1,mistral,False,False,False,TRUE_HALLUCINATION
@prisma/generator-helper-client,@prisma/generator-helper-client,1,mistral,False,False,False,TRUE_HALLUCINATION
@prisma/prisma-client,@prisma/prisma-client,4,"gemma,marin,mistral",False,False,False,TRUE_HALLUCINATION
@progress/kendo-angular,@progress/kendo-angular,1,mistral,False,False,False,TRUE_HALLUCINATION
@progress/kendo-angular-animations,@progress/kendo-angular-animations,1,mistral,False,False,False,TRUE_HALLUCINATION
@progress/kendo-angular-drawer,@progress/kendo-angular-drawer,1,mistral,False,False,False,TRUE_HALLUCINATION
@progress/kendo-angular-themes,@progress/kendo-angular-themes,1,marin,False,False,False,TRUE_HALLUCINATION
@progress/kendo-react-icons,@progress/kendo-react-icons,1,mistral,False,False,False,TRUE_HALLUCINATION
@prose/core,@prose/core,5,gemma,False,False,False,TRUE_HALLUCINATION
@prose/disposable,@prose/disposable,1,gemma,False,False,False,TRUE_HALLUCINATION
@prose/extension-markdown,@prose/extension-markdown,1,gemma,False,False,False,TRUE_HALLUCINATION
@prose/history,@prose/history,1,gemma,False,False,False,TRUE_HALLUCINATION
@prosemirror/commands,@prosemirror/commands,1,mistral,False,False,False,TRUE_HALLUCINATION
@prosemirror/doc,@prosemirror/doc,1,gemma,False,False,False,TRUE_HALLUCINATION
@prosemirror/dropdown,@prosemirror/dropdown,1,mistral,False,False,False,TRUE_HALLUCINATION
@prosemirror/editor,@prosemirror/editor,1,gemma,False,False,False,TRUE_HALLUCINATION
@prosemirror/history,@prosemirror/history,4,mistral,False,False,False,TRUE_HALLUCINATION
@prosemirror/markdown,@prosemirror/markdown,1,gemma,False,False,False,TRUE_HALLUCINATION
@prosemirror/model,@prosemirror/model,2,gemma,False,False,False,TRUE_HALLUCINATION
@prosemirror/plugin,@prosemirror/plugin,2,gemma,False,False,False,TRUE_HALLUCINATION
@prosemirror/plugin-menu,@prosemirror/plugin-menu,1,mistral,False,False,False,TRUE_HALLUCINATION
@prosemirror/plugin-set,@prosemirror/plugin-set,1,gemma,False,False,False,TRUE_HALLUCINATION
@prosemirror/plugins,@prosemirror/plugins,2,mistral,False,False,False,TRUE_HALLUCINATION
@prosemirror/prosemirror,@prosemirror/prosemirror,1,mistral,False,False,False,TRUE_HALLUCINATION
@prosemirror/schema-basic,@prosemirror/schema-basic,2,mistral,False,False,False,TRUE_HALLUCINATION
@prosemirror/state,@prosemirror/state,4,mistral,False,False,False,TRUE_HALLUCINATION
@prosemirror/text,@prosemirror/text,1,gemma,False,False,False,TRUE_HALLUCINATION
@prosemirror/transactions,@prosemirror/transactions,1,mistral,False,False,False,TRUE_HALLUCINATION
@prosemirror/transforms,@prosemirror/transforms,1,mistral,False,False,False,TRUE_HALLUCINATION
@prosemirror/view,@prosemirror/view,3,mistral,False,False,False,TRUE_HALLUCINATION
@proseody/core,@proseody/core,1,gemma,False,False,False,TRUE_HALLUCINATION
@protobuf-go/protoc-gen-js,@protobuf-go/protoc-gen-js,1,gemma,False,False,False,TRUE_HALLUCINATION
@protobuf-js/core,@protobuf-js/core,3,gemma,False,False,False,TRUE_HALLUCINATION
@protobuf-js/js-protobuf,@protobuf-js/js-protobuf,1,gemma,False,False,False,TRUE_HALLUCINATION
@protobufjs/protobufjs,@protobufjs/protobufjs,2,marin,False,False,False,TRUE_HALLUCINATION
@pulumi/aws-dns,@pulumi/aws-dns,1,mistral,False,False,False,TRUE_HALLUCINATION
@pulumi/cli,@pulumi/cli,1,mistral,False,False,False,TRUE_HALLUCINATION
@pulumi/dns,@pulumi/dns,4,"gemma,qwen",False,False,False,TRUE_HALLUCINATION
@puppeteer/core,@puppeteer/core,1,marin,False,False,False,TRUE_HALLUCINATION
@pusher/pusher-js,@pusher/pusher-js,1,codellama7b,False,False,False,TRUE_HALLUCINATION
@pynecone/core,@pynecone/core,1,mistral,False,False,False,TRUE_HALLUCINATION
@pynecone/table,@pynecone/table,1,mistral,False,False,False,TRUE_HALLUCINATION
@r-tool/use_dev_package,@r-tool/use_dev_package,1,gemma,False,False,False,TRUE_HALLUCINATION
@radix-ui/react-cards,@radix-ui/react-cards,1,mistral,False,False,False,TRUE_HALLUCINATION
@radix-ui/react-grid,@radix-ui/react-grid,1,mistral,False,False,False,TRUE_HALLUCINATION
@radix-ui/react-root,@radix-ui/react-root,1,mistral,False,False,False,TRUE_HALLUCINATION
@rails/controller,@rails/controller,1,codellama7b,False,False,False,TRUE_HALLUCINATION
@rails/model,@rails/model,1,codellama7b,False,False,False,TRUE_HALLUCINATION
@rails/view,@rails/view,1,codellama7b,False,False,False,TRUE_HALLUCINATION
@react-aria/accessibility,@react-aria/accessibility,1,mistral,False,False,False,TRUE_HALLUCINATION
@react-aria/drag-and-drop,@react-aria/drag-and-drop,1,mistral,False,False,False,TRUE_HALLUCINATION
@react-aria/keyboard,@react-aria/keyboard,2,mistral,False,False,False,TRUE_HALLUCINATION
@react-aria/use-insertion-effect,@react-aria/use-insertion-effect,1,mistral,False,False,False,TRUE_HALLUCINATION
@react-aria/use-sync-external-store,@react-aria/use-sync-external-store,1,mistral,False,False,False,TRUE_HALLUCINATION
@react-aria/web,@react-aria/web,2,mistral,False,False,False,TRUE_HALLUCINATION
@react-cli/core,@react-cli/core,1,codellama7b,False,False,False,TRUE_HALLUCINATION
@react-devtools/extension,@react-devtools/extension,1,marin,False,False,False,TRUE_HALLUCINATION
@react-dom/test-utils,@react-dom/test-utils,1,mistral,False,False,False,TRUE_HALLUCINATION
@react-helmet-domains/react-helmet-domains,@react-helmet-domains/react-helmet-domains,1,marin,False,False,False,TRUE_HALLUCINATION
@react-helmet/dynamic-parser,@react-helmet/dynamic-parser,1,marin,False,False,False,TRUE_HALLUCINATION
@react-hook/server,@react-hook/server,1,mistral,False,False,False,TRUE_HALLUCINATION
@react-hook/use-query-params,@react-hook/use-query-params,2,mistral,False,False,False,TRUE_HALLUCINATION
@react-hook/web,@react-hook/web,1,mistral,False,False,False,TRUE_HALLUCINATION
@react-hooks/context,@react-hooks/context,1,mistral,False,False,False,TRUE_HALLUCINATION
@react-hooks/extras,@react-hooks/extras,2,mistral,False,False,False,TRUE_HALLUCINATION
@react-icons/all,@react-icons/all,1,mistral,False,False,False,TRUE_HALLUCINATION
@react-leaflet/markercluster,@react-leaflet/markercluster,1,mistral,False,False,False,TRUE_HALLUCINATION
@react-native-community/datepicker,@react-native-community/datepicker,1,codellama7b,False,False,False,TRUE_HALLUCINATION
@react-native-community/geocoder,@react-native-community/geocoder,1,marin,False,False,False,TRUE_HALLUCINATION
@react-native-community/permissions,@react-native-community/permissions,1,mistral,False,False,False,TRUE_HALLUCINATION
@react-native-community/push-notification,@react-native-community/push-notification,1,codellama7b,False,False,False,TRUE_HALLUCINATION
@react-native-community/react-native-web,@react-native-community/react-native-web,3,mistral,False,False,False,TRUE_HALLUCINATION
@react-native-community/shadow,@react-native-community/shadow,1,mistral,False,False,False,TRUE_HALLUCINATION
@react-native-community/shell,@react-native-community/shell,1,mistral,False,False,False,TRUE_HALLUCINATION
@react-native-community/telephony-manager,@react-native-community/telephony-manager,1,codellama7b,False,False,False,TRUE_HALLUCINATION
@react-native-community/wifi-manager,@react-native-community/wifi-manager,1,codellama7b,False,False,False,TRUE_HALLUCINATION
@react-native-ionic/ionicons,@react-native-ionic/ionicons,1,mistral,False,False,False,TRUE_HALLUCINATION
@react-native-ionicons,@react-native-ionicons,2,mistral,False,False,False,TRUE_HALLUCINATION
@react-native-lottie/lottie-react-native,@react-native-lottie/lottie-react-native,1,mistral,False,False,False,TRUE_HALLUCINATION
@react-native-material/icons,@react-native-material/icons,1,mistral,False,False,False,TRUE_HALLUCINATION
@react-native-reanimated/animatable,@react-native-reanimated/animatable,1,mistral,False,False,False,TRUE_HALLUCINATION
@react-navigation/tab,@react-navigation/tab,2,codellama7b,False,False,False,TRUE_HALLUCINATION
@react-promise-tracker/core,@react-promise-tracker/core,1,mistral,False,False,False,TRUE_HALLUCINATION
@react-refresh/webpack,@react-refresh/webpack,1,mistral,False,False,False,TRUE_HALLUCINATION
@react-refresh/webpack-plugin,@react-refresh/webpack-plugin,1,mistral,False,False,False,TRUE_HALLUCINATION
@react-router/router,@react-router/router,2,mistral,False,False,False,TRUE_HALLUCINATION
@react-spectrum/box,@react-spectrum/box,1,mistral,False,False,False,TRUE_HALLUCINATION
@react-spectrum/styled-system,@react-spectrum/styled-system,2,mistral,False,False,False,TRUE_HALLUCINATION
@react-spectrum/web,@react-spectrum/web,3,mistral,False,False,False,TRUE_HALLUCINATION
@react-spring/react,@react-spring/react,2,mistral,False,False,False,TRUE_HALLUCINATION
@react-stately,@react-stately,2,mistral,False,False,False,TRUE_HALLUCINATION
@react-stately/use-sync-external-store,@react-stately/use-sync-external-store,1,mistral,False,False,False,TRUE_HALLUCINATION
@react-syntax-highlighter/icons,@react-syntax-highlighter/icons,1,mistral,False,False,False,TRUE_HALLUCINATION
@react-tools/esm-webpack-plugin,@react-tools/esm-webpack-plugin,1,mistral,False,False,False,TRUE_HALLUCINATION
@react-tools/ssr-helper,@react-tools/ssr-helper,1,mistral,False,False,False,TRUE_HALLUCINATION
@react-use/dom,@react-use/dom,1,mistral,False,False,False,TRUE_HALLUCINATION
@reactive-utils/hooks,@reactive-utils/hooks,1,mistral,False,False,False,TRUE_HALLUCINATION
@redux-saga/effects,@redux-saga/effects,1,mistral,False,False,False,TRUE_HALLUCINATION
@redux-toolkit/query,@redux-toolkit/query,1,codellama7b,False,False,False,TRUE_HALLUCINATION
@redux/js,@redux/js,1,mistral,False,False,False,TRUE_HALLUCINATION
@reduxjs/redux-devtools,@reduxjs/redux-devtools,1,marin,False,False,False,TRUE_HALLUCINATION
@reduxjs/toolkit-query,@reduxjs/toolkit-query,3,marin,False,False,False,TRUE_HALLUCINATION
@remark-tools/frontmatter-parser,@remark-tools/frontmatter-parser,1,mistral,False,False,False,TRUE_HALLUCINATION
@remark/frontmatter,@remark/frontmatter,2,mistral,False,False,False,TRUE_HALLUCINATION
@remark/parser,@remark/parser,1,mistral,False,False,False,TRUE_HALLUCINATION
@remark/parser-frontmatter,@remark/parser-frontmatter,1,mistral,False,False,False,TRUE_HALLUCINATION
@remark/parser-mdx,@remark/parser-mdx,1,mistral,False,False,False,TRUE_HALLUCINATION
@remark/rehype-stringify,@remark/rehype-stringify,1,mistral,False,False,False,TRUE_HALLUCINATION
@remark/reporter-html,@remark/reporter-html,1,mistral,False,False,False,TRUE_HALLUCINATION
@retry-strategy/core,@retry-strategy/core,1,mistral,False,False,False,TRUE_HALLUCINATION
@rollup/parser,@rollup/parser,1,mistral,False,False,False,TRUE_HALLUCINATION
@rollup/plugin-copy,@rollup/plugin-copy,1,gpt_oss,False,False,False,TRUE_HALLUCINATION
@rollup/plugin-livereload,@rollup/plugin-livereload,1,mistral,False,False,False,TRUE_HALLUCINATION
@rollup/plugin-native,@rollup/plugin-native,1,marin,False,False,False,TRUE_HALLUCINATION
@rollup/plugin-nodejs,@rollup/plugin-nodejs,2,marin,False,False,False,TRUE_HALLUCINATION
@rollup/plugin-peer-deps-external,@rollup/plugin-peer-deps-external,1,gpt_oss,False,False,False,TRUE_HALLUCINATION
@rollup/plugin-rollup,@rollup/plugin-rollup,1,mistral,False,False,False,TRUE_HALLUCINATION
@rollup/plugin-serve,@rollup/plugin-serve,1,mistral,False,False,False,TRUE_HALLUCINATION
@rollup/plugin-sourcemaps,@rollup/plugin-sourcemaps,1,qwen,False,False,False,TRUE_HALLUCINATION
@rollup/plugin-umd,@rollup/plugin-umd,1,mistral,False,False,False,TRUE_HALLUCINATION
@rollup/plugin-utils,@rollup/plugin-utils,2,mistral,False,False,False,TRUE_HALLUCINATION
@rollup/plugin-vue,@rollup/plugin-vue,1,gpt_oss,False,False,False,TRUE_HALLUCINATION
@rollup/pluginapi,@rollup/pluginapi,2,mistral,False,False,False,TRUE_HALLUCINATION
@rxjs/internal-compatibility,@rxjs/internal-compatibility,1,codellama7b,False,False,False,TRUE_HALLUCINATION
@rxjs/operators,@rxjs/operators,1,mistral,False,False,False,TRUE_HALLUCINATION
@sailshq/ldap-utils,@sailshq/ldap-utils,1,mistral,False,False,False,TRUE_HALLUCINATION
@salesforce-skills/salesforce,@salesforce-skills/salesforce,1,gemma,False,False,False,TRUE_HALLUCINATION
@salesforce-skills/salesforce-auth,@salesforce-skills/salesforce-auth,1,gemma,False,False,False,TRUE_HALLUCINATION
@salesforce-skills/salesforce-dx,@salesforce-skills/salesforce-dx,1,gemma,False,False,False,TRUE_HALLUCINATION
@salesforce/apex-client,@salesforce/apex-client,1,mistral,False,False,False,TRUE_HALLUCINATION
@salesforce/cli-core,@salesforce/cli-core,2,mistral,False,False,False,TRUE_HALLUCINATION
@salesforce/cli-ux,@salesforce/cli-ux,1,mistral,False,False,False,TRUE_HALLUCINATION
@salesforce/plugin-core,@salesforce/plugin-core,1,qwen,False,False,False,TRUE_HALLUCINATION
@salesforce/plugin-registrar,@salesforce/plugin-registrar,3,mistral,False,False,False,TRUE_HALLUCINATION
@salesforce/sfdx,@salesforce/sfdx,2,"codellama7b,gemma",False,False,False,TRUE_HALLUCINATION
@salesforce/sfdx-auth-provider-oauth2,@salesforce/sfdx-auth-provider-oauth2,1,mistral,False,False,False,TRUE_HALLUCINATION
@scalameta/newscale,@scalameta/newscale,1,mistral,False,False,False,TRUE_HALLUCINATION
@schematics/angular-cli,@schematics/angular-cli,1,mistral,False,False,False,TRUE_HALLUCINATION
@segment/analytics-js,@segment/analytics-js,1,mistral,False,False,False,TRUE_HALLUCINATION
@segment/backoff,@segment/backoff,1,codellama7b,False,False,False,TRUE_HALLUCINATION
@segmentio/backoff,@segmentio/backoff,3,"marin,mistral",False,False,False,TRUE_HALLUCINATION
@semantic-release/typescript,@semantic-release/typescript,1,mistral,False,False,False,TRUE_HALLUCINATION
@sencha-ext/ext-react,@sencha-ext/ext-react,1,mistral,False,False,False,TRUE_HALLUCINATION
@sencha/ext-js,@sencha/ext-js,1,mistral,False,False,False,TRUE_HALLUCINATION
@sendgrid/request,@sendgrid/request,1,qwen,False,False,False,TRUE_HALLUCINATION
@sendinblue/api-v3-node,@sendinblue/api-v3-node,1,mistral,False,False,False,TRUE_HALLUCINATION
@sendinblue/js,@sendinblue/js,1,gemma,False,False,False,TRUE_HALLUCINATION
@sentry/cli-error-reporter,@sentry/cli-error-reporter,1,mistral,False,False,False,TRUE_HALLUCINATION
@sentry/integrations-axios,@sentry/integrations-axios,1,mistral,False,False,False,TRUE_HALLUCINATION
@sentry/integrations-console,@sentry/integrations-console,1,mistral,False,False,False,TRUE_HALLUCINATION
@sentry/integrations-interactions,@sentry/integrations-interactions,1,mistral,False,False,False,TRUE_HALLUCINATION
@sentry/integrations-links,@sentry/integrations-links,1,mistral,False,False,False,TRUE_HALLUCINATION
@sentry/integrations-performance,@sentry/integrations-performance,1,mistral,False,False,False,TRUE_HALLUCINATION
@sentry/integrations-tracing,@sentry/integrations-tracing,1,mistral,False,False,False,TRUE_HALLUCINATION
@sentry/integrations-videos,@sentry/integrations-videos,1,mistral,False,False,False,TRUE_HALLUCINATION
@sentry/js,@sentry/js,5,gemma,False,False,False,TRUE_HALLUCINATION
@sentry/performance,@sentry/performance,4,"gemma,marin,mistral",False,False,False,TRUE_HALLUCINATION
@sentry/sentry,@sentry/sentry,2,marin,False,False,False,TRUE_HALLUCINATION
@sentry/typescript-plugin,@sentry/typescript-plugin,1,mistral,False,False,False,TRUE_HALLUCINATION
@sentry/typescript-types,@sentry/typescript-types,1,mistral,False,False,False,TRUE_HALLUCINATION
@sequelize/core-decorators,@sequelize/core-decorators,1,mistral,False,False,False,TRUE_HALLUCINATION
@sequelize/types,@sequelize/types,1,mistral,False,False,False,TRUE_HALLUCINATION
@shared/data-types,@shared/data-types,6,"codellama7b,gemma,gpt_oss,mistral,qwen",False,False,False,TRUE_HALLUCINATION
@sheetjs/js-xlsx,@sheetjs/js-xlsx,1,mistral,False,False,False,TRUE_HALLUCINATION
@sheetjs/polyfill,@sheetjs/polyfill,1,mistral,False,False,False,TRUE_HALLUCINATION
@shepherdjs/datasource,@shepherdjs/datasource,1,mistral,False,False,False,TRUE_HALLUCINATION
@sheppy/async-require-resolve,@sheppy/async-require-resolve,1,mistral,False,False,False,TRUE_HALLUCINATION
@shopify/shopify-api-node,@shopify/shopify-api-node,1,mistral,False,False,False,TRUE_HALLUCINATION
@shopware-cli/cli,@shopware-cli/cli,1,qwen,False,False,False,TRUE_HALLUCINATION
@sigstore,@sigstore,1,mistral,False,False,False,TRUE_HALLUCINATION
@sigstore/cosign,@sigstore/cosign,5,"codellama7b,mistral",False,False,False,TRUE_HALLUCINATION
@sigstore/cosign-nodejs,@sigstore/cosign-nodejs,1,mistral,False,False,False,TRUE_HALLUCINATION
@sigstore/js,@sigstore/js,1,codellama7b,False,False,False,TRUE_HALLUCINATION
@sigstore/rekor,@sigstore/rekor,2,mistral,False,False,False,TRUE_HALLUCINATION
@sigstore/sdk,@sigstore/sdk,1,mistral,False,False,False,TRUE_HALLUCINATION
@sigstore/tuf-client,@sigstore/tuf-client,3,"gemma,marin",False,False,False,TRUE_HALLUCINATION
@sindresorhus/is-plain-object,@sindresorhus/is-plain-object,1,mistral,False,False,False,TRUE_HALLUCINATION
@sindresorhus/stack-trace,@sindresorhus/stack-trace,1,mistral,False,False,False,TRUE_HALLUCINATION
@sk-js/sklearn,@sk-js/sklearn,1,mistral,False,False,False,TRUE_HALLUCINATION
@smith.dev/smithy,@smith.dev/smithy,1,gemma,False,False,False,TRUE_HALLUCINATION
@smithy/eventstream,@smithy/eventstream,6,"codellama7b,marin",False,False,False,TRUE_HALLUCINATION
@smithy/eventstream-serde,@smithy/eventstream-serde,1,gemma,False,False,False,TRUE_HALLUCINATION
@smithytech/smithy,@smithytech/smithy,1,marin,False,False,False,TRUE_HALLUCINATION
@smithytech/smithy-plugin,@smithytech/smithy-plugin,1,marin,False,False,False,TRUE_HALLUCINATION
@solana/program-runtime,@solana/program-runtime,1,mistral,False,False,False,TRUE_HALLUCINATION
@solana/wallet-framework,@solana/wallet-framework,1,mistral,False,False,False,TRUE_HALLUCINATION
@solidjs/react,@solidjs/react,1,mistral,False,False,False,TRUE_HALLUCINATION
@some/library,@some/library,1,codellama7b,False,False,False,TRUE_HALLUCINATION
@source-map/gen-mapping,@source-map/gen-mapping,1,codellama7b,False,False,False,TRUE_HALLUCINATION
@source-map/trace-mapping,@source-map/trace-mapping,1,codellama7b,False,False,False,TRUE_HALLUCINATION
@spark-builder/k8s,@spark-builder/k8s,1,mistral,False,False,False,TRUE_HALLUCINATION
@spectrum-css-to-react/buttons,@spectrum-css-to-react/buttons,1,mistral,False,False,False,TRUE_HALLUCINATION
@spectrum-css-to-react/dialogs,@spectrum-css-to-react/dialogs,1,mistral,False,False,False,TRUE_HALLUCINATION
@spectrum-css-to-react/icons,@spectrum-css-to-react/icons,1,mistral,False,False,False,TRUE_HALLUCINATION
@spectrum-css-to-react/layouts,@spectrum-css-to-react/layouts,1,mistral,False,False,False,TRUE_HALLUCINATION
@spectrum-css-to-react/spectrum,@spectrum-css-to-react/spectrum,1,mistral,False,False,False,TRUE_HALLUCINATION
@spectrum-css/react,@spectrum-css/react,1,mistral,False,False,False,TRUE_HALLUCINATION
@spectrum-css/react-utils,@spectrum-css/react-utils,1,mistral,False,False,False,TRUE_HALLUCINATION
@spectrum-ui/alertdialog,@spectrum-ui/alertdialog,2,codellama7b,False,False,False,TRUE_HALLUCINATION
@spectrum-ui/button,@spectrum-ui/button,2,codellama7b,False,False,False,TRUE_HALLUCINATION
@spectrum-ui/react,@spectrum-ui/react,9,"codellama7b,gemma",False,False,False,TRUE_HALLUCINATION
@spectrum-ui/react-core,@spectrum-ui/react-core,1,gemma,False,False,False,TRUE_HALLUCINATION
@spectrum-ui/react-theme,@spectrum-ui/react-theme,1,codellama7b,False,False,False,TRUE_HALLUCINATION
@spectrum-web-components/react,@spectrum-web-components/react,1,qwen,False,False,False,TRUE_HALLUCINATION
@spectrum-web-components/spectrum,@spectrum-web-components/spectrum,2,marin,False,False,False,TRUE_HALLUCINATION
@speechly/speech-to-text,@speechly/speech-to-text,1,qwen,False,False,False,TRUE_HALLUCINATION
@splunk/splunk-js,@splunk/splunk-js,1,mistral,False,False,False,TRUE_HALLUCINATION
@spring/webflux,@spring/webflux,2,gemma,False,False,False,TRUE_HALLUCINATION
@sql/typescript,@sql/typescript,1,mistral,False,False,False,TRUE_HALLUCINATION
@stdlib/async,@stdlib/async,1,mistral,False,False,False,TRUE_HALLUCINATION
@stdlib/function-call,@stdlib/function-call,1,mistral,False,False,False,TRUE_HALLUCINATION
@stdlib/object-proxy,@stdlib/object-proxy,1,mistral,False,False,False,TRUE_HALLUCINATION
@stdlib/path,@stdlib/path,2,mistral,False,False,False,TRUE_HALLUCINATION
@stdlib/utils-tokenize,@stdlib/utils-tokenize,1,mistral,False,False,False,TRUE_HALLUCINATION
@stdlib/yaml,@stdlib/yaml,1,mistral,False,False,False,TRUE_HALLUCINATION
@store/theme,@store/theme,8,"codellama7b,gemma,marin,mistral,qwen",False,False,False,TRUE_HALLUCINATION
@storybook/addon,@storybook/addon,2,"gemma,marin",False,False,False,TRUE_HALLUCINATION
@storybook/addon-api,@storybook/addon-api,1,mistral,False,False,False,TRUE_HALLUCINATION
@storybook/addon-args,@storybook/addon-args,1,gemma,False,False,False,TRUE_HALLUCINATION
@storybook/addon-code-highlight,@storybook/addon-code-highlight,1,mistral,False,False,False,TRUE_HALLUCINATION
@storybook/addon-decorators,@storybook/addon-decorators,1,gemma,False,False,False,TRUE_HALLUCINATION
@storybook/addon-interactive,@storybook/addon-interactive,1,mistral,False,False,False,TRUE_HALLUCINATION
@storybook/addon-jest-dom,@storybook/addon-jest-dom,1,gemma,False,False,False,TRUE_HALLUCINATION
@storybook/addon-parameters,@storybook/addon-parameters,1,qwen,False,False,False,TRUE_HALLUCINATION
@storybook/addon-postinstall,@storybook/addon-postinstall,1,mistral,False,False,False,TRUE_HALLUCINATION
@storybook/addon-preset-react,@storybook/addon-preset-react,1,marin,False,False,False,TRUE_HALLUCINATION
@storybook/addon-prompts,@storybook/addon-prompts,1,mistral,False,False,False,TRUE_HALLUCINATION
@storybook/addon-react,@storybook/addon-react,1,mistral,False,False,False,TRUE_HALLUCINATION
@storybook/addon-readme,@storybook/addon-readme,1,qwen,False,False,False,TRUE_HALLUCINATION
@storybook/addon-rollup-plugin,@storybook/addon-rollup-plugin,1,mistral,False,False,False,TRUE_HALLUCINATION
@storybook/addon-states,@storybook/addon-states,5,"gpt_oss,marin,mistral",False,False,False,TRUE_HALLUCINATION
@storybook/addon-store,@storybook/addon-store,1,marin,False,False,False,TRUE_HALLUCINATION
@storybook/addon-storyformat,@storybook/addon-storyformat,1,mistral,False,False,False,TRUE_HALLUCINATION
@storybook/addon-styled-component,@storybook/addon-styled-component,1,mistral,False,False,False,TRUE_HALLUCINATION
@storybook/addon-utils,@storybook/addon-utils,1,mistral,False,False,False,TRUE_HALLUCINATION
@storybook/brand,@storybook/brand,1,mistral,False,False,False,TRUE_HALLUCINATION
@storybook/docs,@storybook/docs,3,codellama7b,False,False,False,TRUE_HALLUCINATION
@storybook/js,@storybook/js,2,gemma,False,False,False,TRUE_HALLUCINATION
@storybook/react-mdx,@storybook/react-mdx,1,mistral,False,False,False,TRUE_HALLUCINATION
@storybook/react-router,@storybook/react-router,1,mistral,False,False,False,TRUE_HALLUCINATION
@storybook/react-testing-library,@storybook/react-testing-library,2,mistral,False,False,False,TRUE_HALLUCINATION
@storybook/react-viewport,@storybook/react-viewport,13,"codellama7b,gemma,gpt_oss,marin,mistral,qwen",False,False,False,TRUE_HALLUCINATION
@storybook/rollup,@storybook/rollup,1,qwen,False,False,False,TRUE_HALLUCINATION
@storybook/typescript,@storybook/typescript,3,marin,False,False,False,TRUE_HALLUCINATION
@storybook/vite,@storybook/vite,1,qwen,False,False,False,TRUE_HALLUCINATION
@stream-utils/stream-buffers,@stream-utils/stream-buffers,1,mistral,False,False,False,TRUE_HALLUCINATION
@stripe/react-stripe-adapter,@stripe/react-stripe-adapter,1,gemma,False,False,False,TRUE_HALLUCINATION
@stripe/react-stripe-elements,@stripe/react-stripe-elements,1,mistral,False,False,False,TRUE_HALLUCINATION
@stripe/stripe-js-react,@stripe/stripe-js-react,1,marin,False,False,False,TRUE_HALLUCINATION
@stripe/stripe-react,@stripe/stripe-react,1,marin,False,False,False,TRUE_HALLUCINATION
@style-dictionary/core,@style-dictionary/core,1,mistral,False,False,False,TRUE_HALLUCINATION
@style-dictionary/plugin-json,@style-dictionary/plugin-json,1,mistral,False,False,False,TRUE_HALLUCINATION
@style-dictionary/plugin-postcss,@style-dictionary/plugin-postcss,1,mistral,False,False,False,TRUE_HALLUCINATION
@supabase/supabase-js-types,@supabase/supabase-js-types,1,mistral,False,False,False,TRUE_HALLUCINATION
@svgr/plugin-add-title,@svgr/plugin-add-title,1,mistral,False,False,False,TRUE_HALLUCINATION
@svgr/plugin-js,@svgr/plugin-js,1,mistral,False,False,False,TRUE_HALLUCINATION
@svgr/plugin-remove-metadata,@svgr/plugin-remove-metadata,1,mistral,False,False,False,TRUE_HALLUCINATION
@svgr/plugin-remove-viewbox,@svgr/plugin-remove-viewbox,1,mistral,False,False,False,TRUE_HALLUCINATION
@svgr/plugin-replace-svg-with-jsx,@svgr/plugin-replace-svg-with-jsx,1,mistral,False,False,False,TRUE_HALLUCINATION
@svgr/plugin-svg-loader,@svgr/plugin-svg-loader,2,mistral,False,False,False,TRUE_HALLUCINATION
@swc/esm,@swc/esm,2,mistral,False,False,False,TRUE_HALLUCINATION
@swc/node,@swc/node,2,mistral,False,False,False,TRUE_HALLUCINATION
@swc/webpack,@swc/webpack,1,mistral,False,False,False,TRUE_HALLUCINATION
@swc/webpack-plugin,@swc/webpack-plugin,3,mistral,False,False,False,TRUE_HALLUCINATION
@symfony/error-prone-functions,@symfony/error-prone-functions,1,mistral,False,False,False,TRUE_HALLUCINATION
@tailwind/react,@tailwind/react,1,qwen,False,False,False,TRUE_HALLUCINATION
@tailwindcss/components,@tailwindcss/components,2,codellama7b,False,False,False,TRUE_HALLUCINATION
@tailwindcss/plugin,@tailwindcss/plugin,1,mistral,False,False,False,TRUE_HALLUCINATION
@tailwindcss/postcss-compatible,@tailwindcss/postcss-compatible,1,mistral,False,False,False,TRUE_HALLUCINATION
@tailwindcss/postcss-parser,@tailwindcss/postcss-parser,1,mistral,False,False,False,TRUE_HALLUCINATION
@tailwindcss/postcss7-plugin,@tailwindcss/postcss7-plugin,1,qwen,False,False,False,TRUE_HALLUCINATION
@tailwindcss/react,@tailwindcss/react,1,mistral,False,False,False,TRUE_HALLUCINATION
@tailwindcss/react-native,@tailwindcss/react-native,1,mistral,False,False,False,TRUE_HALLUCINATION
@tailwindcss/utils,@tailwindcss/utils,1,mistral,False,False,False,TRUE_HALLUCINATION
@tamagui/box,@tamagui/box,1,qwen,False,False,False,TRUE_HALLUCINATION
@tamagui/react-native,@tamagui/react-native,2,mistral,False,False,False,TRUE_HALLUCINATION
@tamagui/styles,@tamagui/styles,1,mistral,False,False,False,TRUE_HALLUCINATION
@tamagui/typography,@tamagui/typography,1,qwen,False,False,False,TRUE_HALLUCINATION
@tannerlinsley/react-table,@tannerlinsley/react-table,1,mistral,False,False,False,TRUE_HALLUCINATION
@tanstack/react-query-tools,@tanstack/react-query-tools,1,mistral,False,False,False,TRUE_HALLUCINATION
@tebeka/selenium-opencv,@tebeka/selenium-opencv,1,qwen,False,False,False,TRUE_HALLUCINATION
@tensorflow-models/text,@tensorflow-models/text,1,qwen,False,False,False,TRUE_HALLUCINATION
@tensorflow/tensorflow,@tensorflow/tensorflow,1,qwen,False,False,False,TRUE_HALLUCINATION
@tensorflow/tesseract,@tensorflow/tesseract,1,marin,False,False,False,TRUE_HALLUCINATION
@tensorflow/tfjs-addons,@tensorflow/tfjs-addons,1,mistral,False,False,False,TRUE_HALLUCINATION
@tensorflow/tfjs-api,@tensorflow/tfjs-api,1,mistral,False,False,False,TRUE_HALLUCINATION
@tensorflow/tfjs-nlp,@tensorflow/tfjs-nlp,1,codellama7b,False,False,False,TRUE_HALLUCINATION
@tensorflow/tfjs-node-pool,@tensorflow/tfjs-node-pool,1,mistral,False,False,False,TRUE_HALLUCINATION
@tensorflow/tfjs-queue,@tensorflow/tfjs-queue,1,mistral,False,False,False,TRUE_HALLUCINATION
@tensorflow/tfjs-seq2seq,@tensorflow/tfjs-seq2seq,1,mistral,False,False,False,TRUE_HALLUCINATION
@tensorflow/tfjs-text,@tensorflow/tfjs-text,1,mistral,False,False,False,TRUE_HALLUCINATION
@tensorflow/tfjs-yolo,@tensorflow/tfjs-yolo,2,marin,False,False,False,TRUE_HALLUCINATION
@test/common,@test/common,5,"codellama7b,gemma,gpt_oss,qwen",False,False,False,TRUE_HALLUCINATION
@testing-library/adapter-react,@testing-library/adapter-react,1,mistral,False,False,False,TRUE_HALLUCINATION
@testing-library/eslint-config,@testing-library/eslint-config,1,mistral,False,False,False,TRUE_HALLUCINATION
@testing-library/eslint-plugin,@testing-library/eslint-plugin,1,codellama7b,False,False,False,TRUE_HALLUCINATION
@testing-library/jest-environment-jsdom,@testing-library/jest-environment-jsdom,1,marin,False,False,False,TRUE_HALLUCINATION
@testing-library/jest-localize,@testing-library/jest-localize,1,marin,False,False,False,TRUE_HALLUCINATION
@testing-library/nextjs,@testing-library/nextjs,1,mistral,False,False,False,TRUE_HALLUCINATION
@testing-library/node,@testing-library/node,1,codellama7b,False,False,False,TRUE_HALLUCINATION
@testing-library/puppeteer,@testing-library/puppeteer,1,qwen,False,False,False,TRUE_HALLUCINATION
@testing-library/react-jest,@testing-library/react-jest,1,gemma,False,False,False,TRUE_HALLUCINATION
@testing-library/react-next,@testing-library/react-next,1,qwen,False,False,False,TRUE_HALLUCINATION
@testing-library/react-query,@testing-library/react-query,1,mistral,False,False,False,TRUE_HALLUCINATION
@testing-library/react-server,@testing-library/react-server,2,"gemma,marin",False,False,False,TRUE_HALLUCINATION
@testing-library/server,@testing-library/server,1,marin,False,False,False,TRUE_HALLUCINATION
@testing-library/setup-jest,@testing-library/setup-jest,1,marin,False,False,False,TRUE_HALLUCINATION
@testing-library/setup-teardown,@testing-library/setup-teardown,1,marin,False,False,False,TRUE_HALLUCINATION
@testing-library/shallow,@testing-library/shallow,1,marin,False,False,False,TRUE_HALLUCINATION
@testing-library/styled-components,@testing-library/styled-components,1,mistral,False,False,False,TRUE_HALLUCINATION
@testing-library/vite,@testing-library/vite,1,qwen,False,False,False,TRUE_HALLUCINATION
@testing-library/wait-for,@testing-library/wait-for,2,mistral,False,False,False,TRUE_HALLUCINATION
@theme/Layout,@theme/Layout,1,gpt_oss,False,False,False,TRUE_HALLUCINATION
@theme/TabGroupProvider,@theme/TabGroupProvider,1,gpt_oss,False,False,False,TRUE_HALLUCINATION
@thi.ng/api-query,@thi.ng/api-query,1,mistral,False,False,False,TRUE_HALLUCINATION
@tiptap/editor,@tiptap/editor,4,gemma,False,False,False,TRUE_HALLUCINATION
@tiptap/extension-button,@tiptap/extension-button,1,codellama7b,False,False,False,TRUE_HALLUCINATION
@tiptap/extension-prosemirror-adapter,@tiptap/extension-prosemirror-adapter,1,mistral,False,False,False,TRUE_HALLUCINATION
@tiptap/extension-tooltip,@tiptap/extension-tooltip,1,mistral,False,False,False,TRUE_HALLUCINATION
@tiptap/plugin,@tiptap/plugin,1,gemma,False,False,False,TRUE_HALLUCINATION
@tiptap/svelte,@tiptap/svelte,2,gemma,False,False,False,TRUE_HALLUCINATION
@tj/data-structures,@tj/data-structures,1,mistral,False,False,False,TRUE_HALLUCINATION
@tj/minimist,@tj/minimist,1,mistral,False,False,False,TRUE_HALLUCINATION
@tj/stream-sort,@tj/stream-sort,1,mistral,False,False,False,TRUE_HALLUCINATION
@tj/tiny-is,@tj/tiny-is,1,mistral,False,False,False,TRUE_HALLUCINATION
@trpc/define,@trpc/define,1,marin,False,False,False,TRUE_HALLUCINATION
@trpc/jsonschema,@trpc/jsonschema,1,marin,False,False,False,TRUE_HALLUCINATION
@trpc/schema,@trpc/schema,1,marin,False,False,False,TRUE_HALLUCINATION
@ts-toolbelt/types,@ts-toolbelt/types,2,mistral,False,False,False,TRUE_HALLUCINATION
@ts-type/runtime,@ts-type/runtime,1,mistral,False,False,False,TRUE_HALLUCINATION
@turbopack/webpack-stack,@turbopack/webpack-stack,1,mistral,False,False,False,TRUE_HALLUCINATION
@turborepo/vite-plugin,@turborepo/vite-plugin,1,qwen,False,False,False,TRUE_HALLUCINATION
@turf/earth,@turf/earth,1,mistral,False,False,False,TRUE_HALLUCINATION
@turfjs/turf,@turfjs/turf,6,marin,False,False,False,TRUE_HALLUCINATION
@twilio/sendgrid,@twilio/sendgrid,2,"marin,mistral",False,False,False,TRUE_HALLUCINATION
@twurple/twitch,@twurple/twitch,1,mistral,False,False,False,TRUE_HALLUCINATION
@typebox/typebox,@typebox/typebox,1,gemma,False,False,False,TRUE_HALLUCINATION
@typeorm,@typeorm,1,mistral,False,False,False,TRUE_HALLUCINATION
@types/,@types/,1,qwen,False,False,False,TRUE_HALLUCINATION
@types/aws-cdk,@types/aws-cdk,1,mistral,False,False,False,TRUE_HALLUCINATION
@types/babel__eslint-plugin,@types/babel__eslint-plugin,1,mistral,False,False,False,TRUE_HALLUCINATION
@types/browser,@types/browser,1,mistral,False,False,False,TRUE_HALLUCINATION
@types/chevrotain,@types/chevrotain,1,mistral,False,False,False,TRUE_HALLUCINATION
@types/css-variables,@types/css-variables,1,mistral,False,False,False,TRUE_HALLUCINATION
@types/discord.js,@types/discord.js,1,mistral,False,False,False,TRUE_HALLUCINATION
@types/es6-class,@types/es6-class,1,mistral,False,False,False,TRUE_HALLUCINATION
@types/eslint-config-angular,@types/eslint-config-angular,1,mistral,False,False,False,TRUE_HALLUCINATION
@types/eslint-loader,@types/eslint-loader,1,mistral,False,False,False,TRUE_HALLUCINATION
@types/eslint-plugin-angular,@types/eslint-plugin-angular,1,mistral,False,False,False,TRUE_HALLUCINATION
@types/eslint-plugin-import,@types/eslint-plugin-import,1,mistral,False,False,False,TRUE_HALLUCINATION
@types/eslint-plugin-unsafe-optional-chaining,@types/eslint-plugin-unsafe-optional-chaining,1,mistral,False,False,False,TRUE_HALLUCINATION
@types/esnext,@types/esnext,1,mistral,False,False,False,TRUE_HALLUCINATION
@types/ethers,@types/ethers,2,mistral,False,False,False,TRUE_HALLUCINATION
@types/fastify,@types/fastify,1,mistral,False,False,False,TRUE_HALLUCINATION
@types/fastify-swagger,@types/fastify-swagger,1,mistral,False,False,False,TRUE_HALLUCINATION
@types/fastify-swagger-ui,@types/fastify-swagger-ui,1,mistral,False,False,False,TRUE_HALLUCINATION
@types/fetch,@types/fetch,1,mistral,False,False,False,TRUE_HALLUCINATION
@types/flow-typed,@types/flow-typed,1,mistral,False,False,False,TRUE_HALLUCINATION
@types/glsl,@types/glsl,1,codellama7b,False,False,False,TRUE_HALLUCINATION
@types/googleapis,@types/googleapis,1,mistral,False,False,False,TRUE_HALLUCINATION
@types/graphql-tag,@types/graphql-tag,1,mistral,False,False,False,TRUE_HALLUCINATION
@types/lsp,@types/lsp,1,mistral,False,False,False,TRUE_HALLUCINATION
@types/mdn-data,@types/mdn-data,1,codellama7b,False,False,False,TRUE_HALLUCINATION
@types/mdx-bundler,@types/mdx-bundler,1,mistral,False,False,False,TRUE_HALLUCINATION
@types/micromark,@types/micromark,3,"codellama7b,mistral",False,False,False,TRUE_HALLUCINATION
@types/microsoft-office-js,@types/microsoft-office-js,1,mistral,False,False,False,TRUE_HALLUCINATION
@types/microsoft.sp-core-library,@types/microsoft.sp-core-library,1,mistral,False,False,False,TRUE_HALLUCINATION
@types/microsoft.sp-http,@types/microsoft.sp-http,1,mistral,False,False,False,TRUE_HALLUCINATION
@types/my-library,@types/my-library,1,mistral,False,False,False,TRUE_HALLUCINATION
@types/node-config,@types/node-config,1,mistral,False,False,False,TRUE_HALLUCINATION
@types/node-port-finder,@types/node-port-finder,1,mistral,False,False,False,TRUE_HALLUCINATION
@types/node@version,@types/node@version,2,marin,False,False,False,TRUE_HALLUCINATION
@types/office,@types/office,1,mistral,False,False,False,TRUE_HALLUCINATION
@types/office-ui-fabric-react,@types/office-ui-fabric-react,1,mistral,False,False,False,TRUE_HALLUCINATION
@types/olcs,@types/olcs,2,mistral,False,False,False,TRUE_HALLUCINATION
@types/preact,@types/preact,1,qwen,False,False,False,TRUE_HALLUCINATION
@types/prisma,@types/prisma,1,mistral,False,False,False,TRUE_HALLUCINATION
@types/ps-serialization,@types/ps-serialization,1,mistral,False,False,False,TRUE_HALLUCINATION
@types/react-docgen,@types/react-docgen,1,mistral,False,False,False,TRUE_HALLUCINATION
@types/react-hook,@types/react-hook,1,mistral,False,False,False,TRUE_HALLUCINATION
@types/regenerator,@types/regenerator,1,mistral,False,False,False,TRUE_HALLUCINATION
@types/resize-observer,@types/resize-observer,2,mistral,False,False,False,TRUE_HALLUCINATION
@types/rxfire,@types/rxfire,1,gemma,False,False,False,TRUE_HALLUCINATION
@types/sentry,@types/sentry,1,mistral,False,False,False,TRUE_HALLUCINATION
@types/swagger-express-ts,@types/swagger-express-ts,1,mistral,False,False,False,TRUE_HALLUCINATION
@types/ts-node,@types/ts-node,1,mistral,False,False,False,TRUE_HALLUCINATION
@types/ts-stack-di,@types/ts-stack-di,2,mistral,False,False,False,TRUE_HALLUCINATION
@types/ts-typescript-validator,@types/ts-typescript-validator,1,mistral,False,False,False,TRUE_HALLUCINATION
@types/undici,@types/undici,1,mistral,False,False,False,TRUE_HALLUCINATION
@types/util,@types/util,1,mistral,False,False,False,TRUE_HALLUCINATION
@types/vitest,@types/vitest,2,"mistral,qwen",False,False,False,TRUE_HALLUCINATION
@types/vuetify,@types/vuetify,3,codellama7b,False,False,False,TRUE_HALLUCINATION
@types/vuex,@types/vuex,4,"codellama7b,qwen",False,False,False,TRUE_HALLUCINATION
@types/vuex-persistedstate,@types/vuex-persistedstate,1,qwen,False,False,False,TRUE_HALLUCINATION
@types/webpack-cli,@types/webpack-cli,1,mistral,False,False,False,TRUE_HALLUCINATION
@typescript-eslint/eslint-plugin-flowtype,@typescript-eslint/eslint-plugin-flowtype,1,mistral,False,False,False,TRUE_HALLUCINATION
@typescript-eslint/estree,@typescript-eslint/estree,1,codellama7b,False,False,False,TRUE_HALLUCINATION
@typescript-eslint/get-symbol-details,@typescript-eslint/get-symbol-details,1,marin,False,False,False,TRUE_HALLUCINATION
@typescript-eslint/utils-for-esbuild,@typescript-eslint/utils-for-esbuild,1,mistral,False,False,False,TRUE_HALLUCINATION
@typescript-runtime/repl,@typescript-runtime/repl,2,codellama7b,False,False,False,TRUE_HALLUCINATION
@typescript/eslint,@typescript/eslint,2,codellama7b,False,False,False,TRUE_HALLUCINATION
@typescript/json-schema,@typescript/json-schema,1,codellama7b,False,False,False,TRUE_HALLUCINATION
@typescript/language,@typescript/language,1,codellama7b,False,False,False,TRUE_HALLUCINATION
@typestypeorm,@typestypeorm,1,marin,False,False,False,TRUE_HALLUCINATION
@ueberdosis/prosemirror-gaps,@ueberdosis/prosemirror-gaps,1,mistral,False,False,False,TRUE_HALLUCINATION
@ueberdosis/prosemirror-utils,@ueberdosis/prosemirror-utils,1,mistral,False,False,False,TRUE_HALLUCINATION
@ueberdosis/prosemirror-virtual-cursor,@ueberdosis/prosemirror-virtual-cursor,1,mistral,False,False,False,TRUE_HALLUCINATION
@uiw/codemirror-theme-onedark,@uiw/codemirror-theme-onedark,1,qwen,False,False,False,TRUE_HALLUCINATION
@ultralytics/yolov8,@ultralytics/yolov8,1,qwen,False,False,False,TRUE_HALLUCINATION
@umzug/core,@umzug/core,1,mistral,False,False,False,TRUE_HALLUCINATION
@uri/core,@uri/core,1,gemma,False,False,False,TRUE_HALLUCINATION
@utils,@utils,1,codellama7b,False,False,False,TRUE_HALLUCINATION
@utils/auth,@utils/auth,1,qwen,False,False,False,TRUE_HALLUCINATION
@utils/database,@utils/database,7,"codellama7b,gemma,gpt_oss,qwen",False,False,False,TRUE_HALLUCINATION
@utils/helper,@utils/helper,1,gpt_oss,False,False,False,TRUE_HALLUCINATION
@utils/math,@utils/math,1,codellama7b,False,False,False,TRUE_HALLUCINATION
@utils/myUtils,@utils/myUtils,1,mistral,False,False,False,TRUE_HALLUCINATION
@uuid/uuid,@uuid/uuid,1,mistral,False,False,False,TRUE_HALLUCINATION
@uvujs/test,@uvujs/test,1,marin,False,False,False,TRUE_HALLUCINATION
@vaadin/vaadin-ajax,@vaadin/vaadin-ajax,1,mistral,False,False,False,TRUE_HALLUCINATION
@vanillacss/styled,@vanillacss/styled,1,codellama7b,False,False,False,TRUE_HALLUCINATION
@vega/vega-lite,@vega/vega-lite,1,gemma,False,False,False,TRUE_HALLUCINATION
@vercel/remix-runtime,@vercel/remix-runtime,1,mistral,False,False,False,TRUE_HALLUCINATION
@videojs/youtube,@videojs/youtube,1,mistral,False,False,False,TRUE_HALLUCINATION
@vitaly-t/pg-protocol,@vitaly-t/pg-protocol,2,mistral,False,False,False,TRUE_HALLUCINATION
@vitejs,@vitejs,1,marin,False,False,False,TRUE_HALLUCINATION
@vitejs/core,@vitejs/core,1,gemma,False,False,False,TRUE_HALLUCINATION
@vitejs/plugin-babel,@vitejs/plugin-babel,3,"marin,mistral",False,False,False,TRUE_HALLUCINATION
@vitejs/plugin-glsl,@vitejs/plugin-glsl,1,mistral,False,False,False,TRUE_HALLUCINATION
@vitejs/plugin-pwa,@vitejs/plugin-pwa,1,marin,False,False,False,TRUE_HALLUCINATION
@vitejs/plugin-test,@vitejs/plugin-test,4,"mistral,qwen",False,False,False,TRUE_HALLUCINATION
@vitejs/plugin-testing,@vitejs/plugin-testing,1,codellama7b,False,False,False,TRUE_HALLUCINATION
@vitejs/plugin-typescript,@vitejs/plugin-typescript,2,"marin,mistral",False,False,False,TRUE_HALLUCINATION
@vitejs/plugin-vitest,@vitejs/plugin-vitest,1,mistral,False,False,False,TRUE_HALLUCINATION
@vitejs/plugin-vue-unit-test,@vitejs/plugin-vue-unit-test,1,mistral,False,False,False,TRUE_HALLUCINATION
@vitest/test,@vitest/test,1,gemma,False,False,False,TRUE_HALLUCINATION
@vue-native-notify,@vue-native-notify,1,gemma,False,False,False,TRUE_HALLUCINATION
@vue-three/core,@vue-three/core,1,gemma,False,False,False,TRUE_HALLUCINATION
@vue/api-extractor-config-vite,@vue/api-extractor-config-vite,1,mistral,False,False,False,TRUE_HALLUCINATION
@vue/babel-helper-vue-jsx,@vue/babel-helper-vue-jsx,1,mistral,False,False,False,TRUE_HALLUCINATION
@vue/babel-plugin-transform-coffeescript,@vue/babel-plugin-transform-coffeescript,1,codellama7b,False,False,False,TRUE_HALLUCINATION
@vue/babel-plugin-vue,@vue/babel-plugin-vue,1,mistral,False,False,False,TRUE_HALLUCINATION
@vue/cli-api,@vue/cli-api,2,codellama7b,False,False,False,TRUE_HALLUCINATION
@vue/cli-plugin-vite,@vue/cli-plugin-vite,1,gemma,False,False,False,TRUE_HALLUCINATION
@vue/cli-plugin-vitest,@vue/cli-plugin-vitest,1,mistral,False,False,False,TRUE_HALLUCINATION
@vue/cli-plugin-vue,@vue/cli-plugin-vue,3,codellama7b,False,False,False,TRUE_HALLUCINATION
@vue/cli-plugin-vuetify,@vue/cli-plugin-vuetify,1,mistral,False,False,False,TRUE_HALLUCINATION
@vue/compile-api,@vue/compile-api,1,mistral,False,False,False,TRUE_HALLUCINATION
@vue/compiler-internal,@vue/compiler-internal,1,marin,False,False,False,TRUE_HALLUCINATION
@vue/compiler-optimized,@vue/compiler-optimized,1,marin,False,False,False,TRUE_HALLUCINATION
@vue/compiler-optimizer,@vue/compiler-optimizer,1,codellama7b,False,False,False,TRUE_HALLUCINATION
@vue/component,@vue/component,1,mistral,False,False,False,TRUE_HALLUCINATION
@vue/core,@vue/core,1,marin,False,False,False,TRUE_HALLUCINATION
@vue/decorate,@vue/decorate,1,mistral,False,False,False,TRUE_HALLUCINATION
@vue/eslint-parser,@vue/eslint-parser,1,mistral,False,False,False,TRUE_HALLUCINATION
@vue/eslint-plugin-vue,@vue/eslint-plugin-vue,5,mistral,False,False,False,TRUE_HALLUCINATION
@vue/hot-reload,@vue/hot-reload,1,codellama7b,False,False,False,TRUE_HALLUCINATION
@vue/material-ui-core,@vue/material-ui-core,1,mistral,False,False,False,TRUE_HALLUCINATION
@vue/optimize,@vue/optimize,1,marin,False,False,False,TRUE_HALLUCINATION
@vue/optimizer,@vue/optimizer,1,codellama7b,False,False,False,TRUE_HALLUCINATION
@vue/router,@vue/router,4,"codellama7b,mistral",False,False,False,TRUE_HALLUCINATION
@vue/test-utils-jest,@vue/test-utils-jest,1,mistral,False,False,False,TRUE_HALLUCINATION
@vue/test-utils-jest-dom,@vue/test-utils-jest-dom,3,mistral,False,False,False,TRUE_HALLUCINATION
@vue/test-utils-nuxt,@vue/test-utils-nuxt,1,mistral,False,False,False,TRUE_HALLUCINATION
@vue/test-utils-vuetify,@vue/test-utils-vuetify,2,mistral,False,False,False,TRUE_HALLUCINATION
@vue/types-vuex,@vue/types-vuex,4,marin,False,False,False,TRUE_HALLUCINATION
@vuejs/parser,@vuejs/parser,1,marin,False,False,False,TRUE_HALLUCINATION
@vuetify/components,@vuetify/components,2,mistral,False,False,False,TRUE_HALLUCINATION
@vuetify/components-tsx,@vuetify/components-tsx,3,mistral,False,False,False,TRUE_HALLUCINATION
@vuetify/runtime,@vuetify/runtime,1,mistral,False,False,False,TRUE_HALLUCINATION
@vuetify/util,@vuetify/util,1,mistral,False,False,False,TRUE_HALLUCINATION
@vuetify/vite,@vuetify/vite,1,codellama7b,False,False,False,TRUE_HALLUCINATION
@vuetifyjs/components,@vuetifyjs/components,1,mistral,False,False,False,TRUE_HALLUCINATION
@vuetifyjs/components-ripple,@vuetifyjs/components-ripple,1,mistral,False,False,False,TRUE_HALLUCINATION
@vuetifyjs/style,@vuetifyjs/style,1,mistral,False,False,False,TRUE_HALLUCINATION
@vuetifyjs/styles,@vuetifyjs/styles,1,mistral,False,False,False,TRUE_HALLUCINATION
@vueuse/test-utils,@vueuse/test-utils,1,mistral,False,False,False,TRUE_HALLUCINATION
@vuex-store/pinia,@vuex-store/pinia,1,mistral,False,False,False,TRUE_HALLUCINATION
@vuex/router-sync,@vuex/router-sync,1,mistral,False,False,False,TRUE_HALLUCINATION
@wanda-labs/wandb,@wanda-labs/wandb,1,marin,False,False,False,TRUE_HALLUCINATION
@wasm-tool/wasm-asmjs,@wasm-tool/wasm-asmjs,1,mistral,False,False,False,TRUE_HALLUCINATION
@wasm-tool/wasm-pack,@wasm-tool/wasm-pack,1,mistral,False,False,False,TRUE_HALLUCINATION
@wasm/bootstrap,@wasm/bootstrap,1,gemma,False,False,False,TRUE_HALLUCINATION
@wdio/typescript,@wdio/typescript,1,mistral,False,False,False,TRUE_HALLUCINATION
@web-animations/web-animations-js,@web-animations/web-animations-js,2,mistral,False,False,False,TRUE_HALLUCINATION
@web-standards/abortcontroller-polyfill,@web-standards/abortcontroller-polyfill,1,mistral,False,False,False,TRUE_HALLUCINATION
@web3-utils/address,@web3-utils/address,1,mistral,False,False,False,TRUE_HALLUCINATION
@web3-utils/convert-units,@web3-utils/convert-units,1,mistral,False,False,False,TRUE_HALLUCINATION
@webassembly/runtime,@webassembly/runtime,1,codellama7b,False,False,False,TRUE_HALLUCINATION
@webassemblyjs/wasm-codecs,@webassemblyjs/wasm-codecs,1,mistral,False,False,False,TRUE_HALLUCINATION
@webassemblyjs/wasm-edgemicro,@webassemblyjs/wasm-edgemicro,1,mistral,False,False,False,TRUE_HALLUCINATION
@webassemblyjs/wasm-editing,@webassemblyjs/wasm-editing,1,mistral,False,False,False,TRUE_HALLUCINATION
@webassemblyjs/wasm-shim,@webassemblyjs/wasm-shim,1,mistral,False,False,False,TRUE_HALLUCINATION
@webassemblyjs/wasm-stream-api,@webassemblyjs/wasm-stream-api,1,mistral,False,False,False,TRUE_HALLUCINATION
@webassemblyjs/wasm-to-wasm,@webassemblyjs/wasm-to-wasm,2,mistral,False,False,False,TRUE_HALLUCINATION
@webassemblyjs/wasm-to-wat,@webassemblyjs/wasm-to-wat,1,mistral,False,False,False,TRUE_HALLUCINATION
@webcomponents/parcel-plugin,@webcomponents/parcel-plugin,1,mistral,False,False,False,TRUE_HALLUCINATION
@webcomponents/shadydom-element-adapter,@webcomponents/shadydom-element-adapter,1,mistral,False,False,False,TRUE_HALLUCINATION
@webcomponents/web-components,@webcomponents/web-components,1,mistral,False,False,False,TRUE_HALLUCINATION
@webpack-contrib/module-filename-helpers,@webpack-contrib/module-filename-helpers,1,mistral,False,False,False,TRUE_HALLUCINATION
@webworkers/postmessage-stream,@webworkers/postmessage-stream,1,mistral,False,False,False,TRUE_HALLUCINATION
@wikidata/whisper.js,@wikidata/whisper.js,1,mistral,False,False,False,TRUE_HALLUCINATION
@winston/formatter,@winston/formatter,1,marin,False,False,False,TRUE_HALLUCINATION
@winston/logger,@winston/logger,2,codellama7b,False,False,False,TRUE_HALLUCINATION
@winston/logrotate,@winston/logrotate,1,marin,False,False,False,TRUE_HALLUCINATION
@winston/transports,@winston/transports,1,marin,False,False,False,TRUE_HALLUCINATION
@wojtekmaj/enzyme-adapter-react-16,@wojtekmaj/enzyme-adapter-react-16,1,mistral,False,False,False,TRUE_HALLUCINATION
@workbox/webpack-plugin,@workbox/webpack-plugin,1,gemma,False,False,False,TRUE_HALLUCINATION
@x/y,@x/y,15,"codellama7b,gemma,gpt_oss,marin,mistral,qwen",False,False,False,TRUE_HALLUCINATION
@xenova/whisper,@xenova/whisper,1,gpt_oss,False,False,False,TRUE_HALLUCINATION
@xmiguelmota/react-native-viewpager2,@xmiguelmota/react-native-viewpager2,1,mistral,False,False,False,TRUE_HALLUCINATION
@yargs/autocomplete,@yargs/autocomplete,1,mistral,False,False,False,TRUE_HALLUCINATION
@yarnpkg/beryl,@yarnpkg/beryl,1,mistral,False,False,False,TRUE_HALLUCINATION
@ydb/ydb-node,@ydb/ydb-node,1,qwen,False,False,False,TRUE_HALLUCINATION
@your-monorepo/charts,@your-monorepo/charts,1,gemma,False,False,False,TRUE_HALLUCINATION
@your-project-path/path-to-your-plugin,@your-project-path/path-to-your-plugin,1,mistral,False,False,False,TRUE_HALLUCINATION
@your-username/my-library,@your-username/my-library,1,mistral,False,False,False,TRUE_HALLUCINATION
@yourusername/gulp-header,@yourusername/gulp-header,1,mistral,False,False,False,TRUE_HALLUCINATION
@zeit/next-swc,@zeit/next-swc,1,mistral,False,False,False,TRUE_HALLUCINATION
@zlib/gzip-js,@zlib/gzip-js,1,marin,False,False,False,TRUE_HALLUCINATION
a-module,a-module,1,mistral,False,False,False,TRUE_HALLUCINATION
a11y-prop-types,a11y-prop-types,1,mistral,False,False,False,TRUE_HALLUCINATION
abb2hex,abb2hex,1,mistral,False,False,False,TRUE_HALLUCINATION
abi-utils,abi-utils,1,mistral,False,False,False,TRUE_HALLUCINATION
abortcontroller,abortcontroller,3,mistral,False,False,False,TRUE_HALLUCINATION
abstract-encoding-json,abstract-encoding-json,1,mistral,False,False,False,TRUE_HALLUCINATION
ac-automaton,ac-automaton,1,mistral,False,False,False,TRUE_HALLUCINATION
ace-editor,ace-editor,2,gemma,False,False,False,TRUE_HALLUCINATION
acorn-async-generator,acorn-async-generator,1,gpt_oss,False,False,False,TRUE_HALLUCINATION
acorn-css,acorn-css,9,mistral,False,False,False,TRUE_HALLUCINATION
acorn-eval,acorn-eval,1,mistral,False,False,False,TRUE_HALLUCINATION
acorn-fb,acorn-fb,1,mistral,False,False,False,TRUE_HALLUCINATION
acorn-fd,acorn-fd,1,mistral,False,False,False,TRUE_HALLUCINATION
acorn-flow,acorn-flow,2,codellama7b,False,False,False,TRUE_HALLUCINATION
acorn-fs,acorn-fs,2,mistral,False,False,False,TRUE_HALLUCINATION
acorn-html,acorn-html,2,mistral,False,False,False,TRUE_HALLUCINATION
acorn-import,acorn-import,5,mistral,False,False,False,TRUE_HALLUCINATION
acorn-import-assert,acorn-import-assert,2,mistral,False,False,False,TRUE_HALLUCINATION
acorn-native-helpers,acorn-native-helpers,1,mistral,False,False,False,TRUE_HALLUCINATION
acorn-parity,acorn-parity,2,"gpt_oss,qwen",False,False,False,TRUE_HALLUCINATION
acorn-plugins,acorn-plugins,1,qwen,False,False,False,TRUE_HALLUCINATION
acorn-preset-syntastic,acorn-preset-syntastic,2,marin,False,False,False,TRUE_HALLUCINATION
acorn-print,acorn-print,1,mistral,False,False,False,TRUE_HALLUCINATION
acorn-to-estree,acorn-to-estree,1,mistral,False,False,False,TRUE_HALLUCINATION
acorn-traverse,acorn-traverse,10,mistral,False,False,False,TRUE_HALLUCINATION
acorn-typecript,acorn-typecript,1,marin,False,False,False,TRUE_HALLUCINATION
acorn-types,acorn-types,1,mistral,False,False,False,TRUE_HALLUCINATION
acorn-util,acorn-util,1,marin,False,False,False,TRUE_HALLUCINATION
acorn-visit,acorn-visit,9,mistral,False,False,False,TRUE_HALLUCINATION
acorn-visitors,acorn-visitors,2,marin,False,False,False,TRUE_HALLUCINATION
acorn-wait-for-module,acorn-wait-for-module,1,mistral,False,False,False,TRUE_HALLUCINATION
active-directory,active-directory,1,marin,False,False,False,TRUE_HALLUCINATION
active-directory-ng,active-directory-ng,1,mistral,False,False,False,TRUE_HALLUCINATION
active_model-serializers,active_model-serializers,1,mistral,False,False,False,TRUE_HALLUCINATION
active_model_serializers,active_model_serializers,1,mistral,False,False,False,TRUE_HALLUCINATION
ad-auth,ad-auth,1,mistral,False,False,False,TRUE_HALLUCINATION
ad-connector,ad-connector,1,mistral,False,False,False,TRUE_HALLUCINATION
ad-js,ad-js,4,mistral,False,False,False,TRUE_HALLUCINATION
ad-js-ssl,ad-js-ssl,1,mistral,False,False,False,TRUE_HALLUCINATION
adaptive-streaming,adaptive-streaming,1,mistral,False,False,False,TRUE_HALLUCINATION
adbkit-node,adbkit-node,1,mistral,False,False,False,TRUE_HALLUCINATION
add-postcss-plugin-px2viewport,add-postcss-plugin-px2viewport,1,mistral,False,False,False,TRUE_HALLUCINATION
addon-builder,addon-builder,1,mistral,False,False,False,TRUE_HALLUCINATION
adjacency-list,adjacency-list,1,mistral,False,False,False,TRUE_HALLUCINATION
adobe-connect,adobe-connect,1,codellama7b,False,False,False,TRUE_HALLUCINATION
adobe-xd-api-client,adobe-xd-api-client,1,mistral,False,False,False,TRUE_HALLUCINATION
adobe-xd-api-client-axobjectmodel,adobe-xd-api-client-axobjectmodel,1,mistral,False,False,False,TRUE_HALLUCINATION
aftereffects-Exporter,aftereffects-Exporter,2,marin,False,False,False,TRUE_HALLUCINATION
aftereffects-animation,aftereffects-animation,1,marin,False,False,False,TRUE_HALLUCINATION
aftereffects-animexporter,aftereffects-animexporter,1,marin,False,False,False,TRUE_HALLUCINATION
aftereffects-canvas-exporter,aftereffects-canvas-exporter,1,marin,False,False,False,TRUE_HALLUCINATION
aftereffects-canvas-writer,aftereffects-canvas-writer,1,marin,False,False,False,TRUE_HALLUCINATION
aftereffects-exporter,aftereffects-exporter,1,marin,False,False,False,TRUE_HALLUCINATION
aftereffects-svg-exporter,aftereffects-svg-exporter,1,marin,False,False,False,TRUE_HALLUCINATION
aftereffects-svg-writer,aftereffects-svg-writer,1,marin,False,False,False,TRUE_HALLUCINATION
aiohttp,aiohttp,1,qwen,False,False,False,TRUE_HALLUCINATION
ajv-diff,ajv-diff,1,mistral,False,False,False,TRUE_HALLUCINATION
ajv-format,ajv-format,2,mistral,False,False,False,TRUE_HALLUCINATION
ajv-formatter,ajv-formatter,1,mistral,False,False,False,TRUE_HALLUCINATION
ajv-forms,ajv-forms,2,mistral,False,False,False,TRUE_HALLUCINATION
ajv-openapi-schema,ajv-openapi-schema,1,gpt_oss,False,False,False,TRUE_HALLUCINATION
ajv-ref-plugin,ajv-ref-plugin,2,mistral,False,False,False,TRUE_HALLUCINATION
ajv-runtime-scraper,ajv-runtime-scraper,1,mistral,False,False,False,TRUE_HALLUCINATION
ajv-types,ajv-types,1,mistral,False,False,False,TRUE_HALLUCINATION
alias1,alias1,2,mistral,False,False,False,TRUE_HALLUCINATION
alpine-utils,alpine-utils,1,codellama7b,False,False,False,TRUE_HALLUCINATION
alpn,alpn,3,mistral,False,False,False,TRUE_HALLUCINATION
alpn-protocol,alpn-protocol,1,codellama7b,False,False,False,TRUE_HALLUCINATION
alternative-module-a,alternative-module-a,1,codellama7b,False,False,False,TRUE_HALLUCINATION
alternative-module-b,alternative-module-b,1,codellama7b,False,False,False,TRUE_HALLUCINATION
alternative-package-name,alternative-package-name,1,marin,False,False,False,TRUE_HALLUCINATION
amazon-cognito-jwt-verify,amazon-cognito-jwt-verify,1,mistral,False,False,False,TRUE_HALLUCINATION
amd-plugin,amd-plugin,1,codellama7b,False,False,False,TRUE_HALLUCINATION
amplify-react,amplify-react,1,gemma,False,False,False,TRUE_HALLUCINATION
amplitude-web,amplitude-web,1,marin,False,False,False,TRUE_HALLUCINATION
android-input-method,android-input-method,2,marin,False,False,False,TRUE_HALLUCINATION
android.accounts.AccountManager,android.accounts.AccountManager,1,gemma,False,False,False,TRUE_HALLUCINATION
android.app,android.app,2,marin,False,False,False,TRUE_HALLUCINATION
android.content,android.content,2,marin,False,False,False,TRUE_HALLUCINATION
android.content.res.TypedValue,android.content.res.TypedValue,1,mistral,False,False,False,TRUE_HALLUCINATION
android.graphics.Typeface,android.graphics.Typeface,1,mistral,False,False,False,TRUE_HALLUCINATION
android.media,android.media,1,qwen,False,False,False,TRUE_HALLUCINATION
android.widget.TextView,android.widget.TextView,1,mistral,False,False,False,TRUE_HALLUCINATION
angular-cli-build-webpack-config,angular-cli-build-webpack-config,1,mistral,False,False,False,TRUE_HALLUCINATION
angular-compiler-cli,angular-compiler-cli,5,"codellama7b,gemma,mistral",False,False,False,TRUE_HALLUCINATION
angular-datatables-ngx,angular-datatables-ngx,1,mistral,False,False,False,TRUE_HALLUCINATION
angular-estore,angular-estore,1,gemma,False,False,False,TRUE_HALLUCINATION
angular-infra-promises,angular-infra-promises,1,marin,False,False,False,TRUE_HALLUCINATION
angular-keyboard-shortcuts,angular-keyboard-shortcuts,1,codellama7b,False,False,False,TRUE_HALLUCINATION
angular-keypress,angular-keypress,1,codellama7b,False,False,False,TRUE_HALLUCINATION
angular-oclazyload,angular-oclazyload,1,codellama7b,False,False,False,TRUE_HALLUCINATION
angular-sass,angular-sass,1,marin,False,False,False,TRUE_HALLUCINATION
angular-ui-router-extras,angular-ui-router-extras,2,mistral,False,False,False,TRUE_HALLUCINATION
angular-webpack2-template,angular-webpack2-template,1,qwen,False,False,False,TRUE_HALLUCINATION
angularjs-bootstrap,angularjs-bootstrap,1,mistral,False,False,False,TRUE_HALLUCINATION
ansi-trim,ansi-trim,1,codellama7b,False,False,False,TRUE_HALLUCINATION
antlr,antlr,1,codellama7b,False,False,False,TRUE_HALLUCINATION
antlr4-typescript,antlr4-typescript,1,qwen,False,False,False,TRUE_HALLUCINATION
apigee-cli,apigee-cli,1,mistral,False,False,False,TRUE_HALLUCINATION
apimanager,apimanager,1,mistral,False,False,False,TRUE_HALLUCINATION
apis-common-errors,apis-common-errors,1,mistral,False,False,False,TRUE_HALLUCINATION
apollo-datasource-commons,apollo-datasource-commons,1,mistral,False,False,False,TRUE_HALLUCINATION
apollo-link-cache-inmemory,apollo-link-cache-inmemory,1,mistral,False,False,False,TRUE_HALLUCINATION
apollo-server-typescript,apollo-server-typescript,1,mistral,False,False,False,TRUE_HALLUCINATION
apollon-cache,apollon-cache,1,qwen,False,False,False,TRUE_HALLUCINATION
appauth,appauth,1,qwen,False,False,False,TRUE_HALLUCINATION
appium-driver,appium-driver,1,qwen,False,False,False,TRUE_HALLUCINATION
apple-script-js,apple-script-js,2,mistral,False,False,False,TRUE_HALLUCINATION
appmetadata,appmetadata,1,gemma,False,False,False,TRUE_HALLUCINATION
arc-swap,arc-swap,1,mistral,False,False,False,TRUE_HALLUCINATION
archive-entry,archive-entry,1,mistral,False,False,False,TRUE_HALLUCINATION
argparsejs,argparsejs,2,marin,False,False,False,TRUE_HALLUCINATION
array-buffer-tools,array-buffer-tools,1,mistral,False,False,False,TRUE_HALLUCINATION
array-circular,array-circular,1,mistral,False,False,False,TRUE_HALLUCINATION
array-fill-value,array-fill-value,1,mistral,False,False,False,TRUE_HALLUCINATION
array-flat-map,array-flat-map,4,mistral,False,False,False,TRUE_HALLUCINATION
array-iter-nd,array-iter-nd,1,mistral,False,False,False,TRUE_HALLUCINATION
array-min-max,array-min-max,1,mistral,False,False,False,TRUE_HALLUCINATION
array-of-tuples,array-of-tuples,1,mistral,False,False,False,TRUE_HALLUCINATION
array-paging,array-paging,1,marin,False,False,False,TRUE_HALLUCINATION
array-reduce-recursive,array-reduce-recursive,1,mistral,False,False,False,TRUE_HALLUCINATION
array-split-at,array-split-at,2,mistral,False,False,False,TRUE_HALLUCINATION
array-values,array-values,1,codellama7b,False,False,False,TRUE_HALLUCINATION
arrays-circular,arrays-circular,1,mistral,False,False,False,TRUE_HALLUCINATION
asar-unpack,asar-unpack,1,mistral,False,False,False,TRUE_HALLUCINATION
ascii-tab,ascii-tab,1,mistral,False,False,False,TRUE_HALLUCINATION
asmjs-wasm,asmjs-wasm,3,mistral,False,False,False,TRUE_HALLUCINATION
asn1-browserify,asn1-browserify,1,mistral,False,False,False,TRUE_HALLUCINATION
asn1-browserify-sign,asn1-browserify-sign,1,mistral,False,False,False,TRUE_HALLUCINATION
asn1-js,asn1-js,3,"gemma,mistral",False,False,False,TRUE_HALLUCINATION
aspnetcore,aspnetcore,1,qwen,False,False,False,TRUE_HALLUCINATION
aspnetcore-routing,aspnetcore-routing,1,qwen,False,False,False,TRUE_HALLUCINATION
assert-regexp,assert-regexp,1,mistral,False,False,False,TRUE_HALLUCINATION
ast-filter,ast-filter,1,codellama7b,False,False,False,TRUE_HALLUCINATION
ast-manipulate,ast-manipulate,1,codellama7b,False,False,False,TRUE_HALLUCINATION
ast-to-code,ast-to-code,1,marin,False,False,False,TRUE_HALLUCINATION
ast-to-graphviz,ast-to-graphviz,1,marin,False,False,False,TRUE_HALLUCINATION
ast-to-string,ast-to-string,1,marin,False,False,False,TRUE_HALLUCINATION
ast-traversal,ast-traversal,5,mistral,False,False,False,TRUE_HALLUCINATION
ast-util-identifier,ast-util-identifier,1,marin,False,False,False,TRUE_HALLUCINATION
ast-util-identifiers,ast-util-identifiers,1,marin,False,False,False,TRUE_HALLUCINATION
ast-util-jsx,ast-util-jsx,2,marin,False,False,False,TRUE_HALLUCINATION
ast-util-regex,ast-util-regex,1,marin,False,False,False,TRUE_HALLUCINATION
ast-util-xml,ast-util-xml,2,marin,False,False,False,TRUE_HALLUCINATION
ast-visit,ast-visit,1,marin,False,False,False,TRUE_HALLUCINATION
astro-partytown,astro-partytown,1,codellama7b,False,False,False,TRUE_HALLUCINATION
async-generator-state-machine,async-generator-state-machine,1,mistral,False,False,False,TRUE_HALLUCINATION
async-iterable-pager,async-iterable-pager,1,codellama7b,False,False,False,TRUE_HALLUCINATION
async_queue,async_queue,1,mistral,False,False,False,TRUE_HALLUCINATION
at-regex,at-regex,1,mistral,False,False,False,TRUE_HALLUCINATION
atob,atob,3,"gpt_oss,qwen",False,False,False,TRUE_HALLUCINATION
atom-parser,atom-parser,2,marin,False,False,False,TRUE_HALLUCINATION
audio-encoding,audio-encoding,1,qwen,False,False,False,TRUE_HALLUCINATION
audioscript,audioscript,1,qwen,False,False,False,TRUE_HALLUCINATION
auto-vendor-prefixes,auto-vendor-prefixes,1,mistral,False,False,False,TRUE_HALLUCINATION
autocomplete-npm,autocomplete-npm,1,mistral,False,False,False,TRUE_HALLUCINATION
autosize-polyfill,autosize-polyfill,1,mistral,False,False,False,TRUE_HALLUCINATION
avahi-av,avahi-av,1,marin,False,False,False,TRUE_HALLUCINATION
avalon-gl,avalon-gl,1,mistral,False,False,False,TRUE_HALLUCINATION
avif-encoder,avif-encoder,1,mistral,False,False,False,TRUE_HALLUCINATION
avr-gcc,avr-gcc,1,codellama7b,False,False,False,TRUE_HALLUCINATION
avr-libc,avr-libc,1,mistral,False,False,False,TRUE_HALLUCINATION
avrdude,avrdude,1,codellama7b,False,False,False,TRUE_HALLUCINATION
avrdudejs,avrdudejs,1,mistral,False,False,False,TRUE_HALLUCINATION
avrojs,avrojs,1,mistral,False,False,False,TRUE_HALLUCINATION
avx512,avx512,1,codellama7b,False,False,False,TRUE_HALLUCINATION
awesome-media-queries,awesome-media-queries,3,"gpt_oss,marin,qwen",False,False,False,TRUE_HALLUCINATION
aws-athena-query-builder,aws-athena-query-builder,1,mistral,False,False,False,TRUE_HALLUCINATION
aws-lambda-middleware-express,aws-lambda-middleware-express,1,mistral,False,False,False,TRUE_HALLUCINATION
aws-middleware-expect-continue,aws-middleware-expect-continue,1,mistral,False,False,False,TRUE_HALLUCINATION
aws-react-native-sdk,aws-react-native-sdk,1,gemma,False,False,False,TRUE_HALLUCINATION
aws-sdk-browser,aws-sdk-browser,1,gpt_oss,False,False,False,TRUE_HALLUCINATION
aws-sdk-browser-bundle,aws-sdk-browser-bundle,1,mistral,False,False,False,TRUE_HALLUCINATION
aws-sdk-client-middleware-logging,aws-sdk-client-middleware-logging,1,mistral,False,False,False,TRUE_HALLUCINATION
aws-sdk-client-promise,aws-sdk-client-promise,1,mistral,False,False,False,TRUE_HALLUCINATION
aws-sdk-client-retry,aws-sdk-client-retry,1,mistral,False,False,False,TRUE_HALLUCINATION
aws-sdk-js,aws-sdk-js,2,"codellama7b,mistral",False,False,False,TRUE_HALLUCINATION
aws-sdk-js-core,aws-sdk-js-core,1,gemma,False,False,False,TRUE_HALLUCINATION
aws-sdk-middleware-host-header,aws-sdk-middleware-host-header,1,mistral,False,False,False,TRUE_HALLUCINATION
aws-sdk-middleware-signer-v4,aws-sdk-middleware-signer-v4,1,mistral,False,False,False,TRUE_HALLUCINATION
aws-sdk-provider-credentials,aws-sdk-provider-credentials,2,gemma,False,False,False,TRUE_HALLUCINATION
aws-sdk-react-native,aws-sdk-react-native,1,gemma,False,False,False,TRUE_HALLUCINATION
aws-sdk-sso,aws-sdk-sso,1,mistral,False,False,False,TRUE_HALLUCINATION
aws-sdk-types,aws-sdk-types,1,mistral,False,False,False,TRUE_HALLUCINATION
aws-sig-v4,aws-sig-v4,7,mistral,False,False,False,TRUE_HALLUCINATION
aws-signapromise,aws-signapromise,1,mistral,False,False,False,TRUE_HALLUCINATION
ax-spreadsheet-loader,ax-spreadsheet-loader,1,mistral,False,False,False,TRUE_HALLUCINATION
axios-cache-ajax,axios-cache-ajax,4,mistral,False,False,False,TRUE_HALLUCINATION
axios-cors,axios-cors,1,mistral,False,False,False,TRUE_HALLUCINATION
axios-headers,axios-headers,3,mistral,False,False,False,TRUE_HALLUCINATION
axios-timeout,axios-timeout,1,mistral,False,False,False,TRUE_HALLUCINATION
axon-arp,axon-arp,1,marin,False,False,False,TRUE_HALLUCINATION
axscholar-allowlist,axscholar-allowlist,1,mistral,False,False,False,TRUE_HALLUCINATION
azure-ad,azure-ad,1,gemma,False,False,False,TRUE_HALLUCINATION
azure-core-http,azure-core-http,2,qwen,False,False,False,TRUE_HALLUCINATION
azure-cosmosdb-cassandra,azure-cosmosdb-cassandra,4,"gemma,gpt_oss,mistral,qwen",False,False,False,TRUE_HALLUCINATION
azure-devops-cli,azure-devops-cli,1,mistral,False,False,False,TRUE_HALLUCINATION
azure-pipelines-cli,azure-pipelines-cli,1,mistral,False,False,False,TRUE_HALLUCINATION
azure-servicebus,azure-servicebus,1,qwen,False,False,False,TRUE_HALLUCINATION
azureml-node-sdk,azureml-node-sdk,1,qwen,False,False,False,TRUE_HALLUCINATION
babel-hast,babel-hast,1,qwen,False,False,False,TRUE_HALLUCINATION
babel-parser,babel-parser,10,"codellama7b,gemma,marin,mistral",False,False,False,TRUE_HALLUCINATION
babel-plugin-configuration,babel-plugin-configuration,1,marin,False,False,False,TRUE_HALLUCINATION
babel-plugin-core-js-polyfill,babel-plugin-core-js-polyfill,1,mistral,False,False,False,TRUE_HALLUCINATION
babel-plugin-css-js,babel-plugin-css-js,1,codellama7b,False,False,False,TRUE_HALLUCINATION
babel-plugin-env,babel-plugin-env,1,mistral,False,False,False,TRUE_HALLUCINATION
babel-plugin-istanbul-instrumenter,babel-plugin-istanbul-instrumenter,1,mistral,False,False,False,TRUE_HALLUCINATION
babel-plugin-jest-playwright-coverage,babel-plugin-jest-playwright-coverage,2,mistral,False,False,False,TRUE_HALLUCINATION
babel-plugin-jsx-a11y,babel-plugin-jsx-a11y,1,mistral,False,False,False,TRUE_HALLUCINATION
babel-plugin-macro,babel-plugin-macro,2,mistral,False,False,False,TRUE_HALLUCINATION
babel-plugin-module-import-export,babel-plugin-module-import-export,3,mistral,False,False,False,TRUE_HALLUCINATION
babel-plugin-module-resolver-webpack-alias,babel-plugin-module-resolver-webpack-alias,1,mistral,False,False,False,TRUE_HALLUCINATION
babel-plugin-nativewind,babel-plugin-nativewind,1,mistral,False,False,False,TRUE_HALLUCINATION
babel-plugin-polyfill,babel-plugin-polyfill,1,marin,False,False,False,TRUE_HALLUCINATION
babel-plugin-proposal-class-properties,babel-plugin-proposal-class-properties,1,mistral,False,False,False,TRUE_HALLUCINATION
babel-plugin-proposal-json-strings,babel-plugin-proposal-json-strings,1,mistral,False,False,False,TRUE_HALLUCINATION
babel-plugin-proposal-object-rest-spread,babel-plugin-proposal-object-rest-spread,1,mistral,False,False,False,TRUE_HALLUCINATION
babel-plugin-rewrites,babel-plugin-rewrites,1,gemma,False,False,False,TRUE_HALLUCINATION
babel-plugin-styled-components-preprocessor,babel-plugin-styled-components-preprocessor,1,mistral,False,False,False,TRUE_HALLUCINATION
babel-plugin-swc,babel-plugin-swc,1,mistral,False,False,False,TRUE_HALLUCINATION
babel-plugin-transform-amd,babel-plugin-transform-amd,2,mistral,False,False,False,TRUE_HALLUCINATION
babel-plugin-transform-class-static-to-const,babel-plugin-transform-class-static-to-const,1,mistral,False,False,False,TRUE_HALLUCINATION
babel-plugin-transform-classes,babel-plugin-transform-classes,2,mistral,False,False,False,TRUE_HALLUCINATION
babel-plugin-transform-computed-properties,babel-plugin-transform-computed-properties,1,mistral,False,False,False,TRUE_HALLUCINATION
babel-plugin-transform-es2015-block-scop,babel-plugin-transform-es2015-block-scop,1,mistral,False,False,False,TRUE_HALLUCINATION
babel-plugin-transform-es2015-object-rest-spread,babel-plugin-transform-es2015-object-rest-spread,1,mistral,False,False,False,TRUE_HALLUCINATION
babel-plugin-transform-imports,babel-plugin-transform-imports,1,mistral,False,False,False,TRUE_HALLUCINATION
babel-plugin-transform-jsx-self-closing,babel-plugin-transform-jsx-self-closing,1,mistral,False,False,False,TRUE_HALLUCINATION
babel-plugin-transform-modules-commonjs,babel-plugin-transform-modules-commonjs,3,"codellama7b,mistral",False,False,False,TRUE_HALLUCINATION
babel-visit,babel-visit,1,marin,False,False,False,TRUE_HALLUCINATION
backbone.undo,backbone.undo,1,mistral,False,False,False,TRUE_HALLUCINATION
ballerina-http,ballerina-http,1,codellama7b,False,False,False,TRUE_HALLUCINATION
ballerina-js,ballerina-js,1,codellama7b,False,False,False,TRUE_HALLUCINATION
barcode-server,barcode-server,1,marin,False,False,False,TRUE_HALLUCINATION
base-64-image,base-64-image,1,mistral,False,False,False,TRUE_HALLUCINATION
base-64-url,base-64-url,1,mistral,False,False,False,TRUE_HALLUCINATION
bcd-js,bcd-js,1,mistral,False,False,False,TRUE_HALLUCINATION
beej-endian,beej-endian,1,mistral,False,False,False,TRUE_HALLUCINATION
bf-tree,bf-tree,1,mistral,False,False,False,TRUE_HALLUCINATION
big-buffer,big-buffer,1,mistral,False,False,False,TRUE_HALLUCINATION
big-float,big-float,1,mistral,False,False,False,TRUE_HALLUCINATION
big-math,big-math,1,mistral,False,False,False,TRUE_HALLUCINATION
big-number-js,big-number-js,2,mistral,False,False,False,TRUE_HALLUCINATION
bigint-js,bigint-js,1,mistral,False,False,False,TRUE_HALLUCINATION
biglobejs,biglobejs,1,mistral,False,False,False,TRUE_HALLUCINATION
binary-array-buffer,binary-array-buffer,1,mistral,False,False,False,TRUE_HALLUCINATION
binary-field,binary-field,1,marin,False,False,False,TRUE_HALLUCINATION
binary-to-json,binary-to-json,1,mistral,False,False,False,TRUE_HALLUCINATION
bit-counter,bit-counter,1,mistral,False,False,False,TRUE_HALLUCINATION
bit-operations,bit-operations,1,marin,False,False,False,TRUE_HALLUCINATION
bit-transforms,bit-transforms,1,mistral,False,False,False,TRUE_HALLUCINATION
bit-wise,bit-wise,4,mistral,False,False,False,TRUE_HALLUCINATION
bitbucket-webhook,bitbucket-webhook,1,mistral,False,False,False,TRUE_HALLUCINATION
bitfield-stream,bitfield-stream,1,mistral,False,False,False,TRUE_HALLUCINATION
bitwise-lib,bitwise-lib,1,mistral,False,False,False,TRUE_HALLUCINATION
bitwise-limit,bitwise-limit,1,mistral,False,False,False,TRUE_HALLUCINATION
bitwise-ops,bitwise-ops,2,"codellama7b,mistral",False,False,False,TRUE_HALLUCINATION
blazing-fast-compiler,blazing-fast-compiler,1,codellama7b,False,False,False,TRUE_HALLUCINATION
blob-constructor,blob-constructor,1,codellama7b,False,False,False,TRUE_HALLUCINATION
blob-utilities,blob-utilities,1,mistral,False,False,False,TRUE_HALLUCINATION
blockchainjs-node,blockchainjs-node,1,marin,False,False,False,TRUE_HALLUCINATION
bluebird-config,bluebird-config,1,mistral,False,False,False,TRUE_HALLUCINATION
blueimp-base64,blueimp-base64,2,mistral,False,False,False,TRUE_HALLUCINATION
bluetooth-adapter,bluetooth-adapter,2,qwen,False,False,False,TRUE_HALLUCINATION
bluetooth-central,bluetooth-central,2,mistral,False,False,False,TRUE_HALLUCINATION
bluetooth-peripheral,bluetooth-peripheral,1,mistral,False,False,False,TRUE_HALLUCINATION
body-parser-types,body-parser-types,1,mistral,False,False,False,TRUE_HALLUCINATION
bolt-get-packages,bolt-get-packages,2,mistral,False,False,False,TRUE_HALLUCINATION
boost-thread-1_79_0,boost-thread-1_79_0,1,mistral,False,False,False,TRUE_HALLUCINATION
bootstrap-table5-extension-links,bootstrap-table5-extension-links,1,mistral,False,False,False,TRUE_HALLUCINATION
botdetection,botdetection,1,codellama7b,False,False,False,TRUE_HALLUCINATION
bower-component,bower-component,1,marin,False,False,False,TRUE_HALLUCINATION
brace-expand,brace-expand,2,"codellama7b,mistral",False,False,False,TRUE_HALLUCINATION
braces-expansion,braces-expansion,1,mistral,False,False,False,TRUE_HALLUCINATION
brightness-contrast,brightness-contrast,1,mistral,False,False,False,TRUE_HALLUCINATION
broccoli-cache-bust-multi,broccoli-cache-bust-multi,1,mistral,False,False,False,TRUE_HALLUCINATION
broccoli-core,broccoli-core,1,gemma,False,False,False,TRUE_HALLUCINATION
broccoli-ftp,broccoli-ftp,1,mistral,False,False,False,TRUE_HALLUCINATION
broccoli-hash,broccoli-hash,1,mistral,False,False,False,TRUE_HALLUCINATION
broccoli-reader,broccoli-reader,1,qwen,False,False,False,TRUE_HALLUCINATION
broccoli-static,broccoli-static,1,mistral,False,False,False,TRUE_HALLUCINATION
broccoli-tree,broccoli-tree,1,qwen,False,False,False,TRUE_HALLUCINATION
brotli-decompress,brotli-decompress,4,mistral,False,False,False,TRUE_HALLUCINATION
brotli-node,brotli-node,1,mistral,False,False,False,TRUE_HALLUCINATION
brotlijs,brotlijs,4,marin,False,False,False,TRUE_HALLUCINATION
browser-deprecate,browser-deprecate,1,mistral,False,False,False,TRUE_HALLUCINATION
browser-domain,browser-domain,1,mistral,False,False,False,TRUE_HALLUCINATION
browser-field-support,browser-field-support,1,marin,False,False,False,TRUE_HALLUCINATION
browser-fsm,browser-fsm,1,mistral,False,False,False,TRUE_HALLUCINATION
browser-global,browser-global,1,mistral,False,False,False,TRUE_HALLUCINATION
browser-list-parser,browser-list-parser,1,mistral,False,False,False,TRUE_HALLUCINATION
browser-support-check,browser-support-check,1,gemma,False,False,False,TRUE_HALLUCINATION
browser-sync-css,browser-sync-css,1,mistral,False,False,False,TRUE_HALLUCINATION
browser-sync-gui,browser-sync-gui,1,mistral,False,False,False,TRUE_HALLUCINATION
browser-winston,browser-winston,1,mistral,False,False,False,TRUE_HALLUCINATION
browserify-asset-inliner,browserify-asset-inliner,1,gpt_oss,False,False,False,TRUE_HALLUCINATION
browserify-desktop,browserify-desktop,1,mistral,False,False,False,TRUE_HALLUCINATION
browserify-desugar,browserify-desugar,1,mistral,False,False,False,TRUE_HALLUCINATION
browserify-https,browserify-https,1,mistral,False,False,False,TRUE_HALLUCINATION
browserify-rng,browserify-rng,1,mistral,False,False,False,TRUE_HALLUCINATION
browserify-tap-transform,browserify-tap-transform,1,mistral,False,False,False,TRUE_HALLUCINATION
browserstack-cdp,browserstack-cdp,1,mistral,False,False,False,TRUE_HALLUCINATION
browserstack-javascript,browserstack-javascript,1,mistral,False,False,False,TRUE_HALLUCINATION
browserstack-local-client,browserstack-local-client,2,"gemma,mistral",False,False,False,TRUE_HALLUCINATION
browserstack-local-utils,browserstack-local-utils,1,mistral,False,False,False,TRUE_HALLUCINATION
browserstack-sdk-js,browserstack-sdk-js,1,mistral,False,False,False,TRUE_HALLUCINATION
browserstack-sdk-node,browserstack-sdk-node,1,mistral,False,False,False,TRUE_HALLUCINATION
bs4,bs4,1,marin,False,False,False,TRUE_HALLUCINATION
bson-browserify,bson-browserify,2,mistral,False,False,False,TRUE_HALLUCINATION
bspline,bspline,1,qwen,False,False,False,TRUE_HALLUCINATION
bsplinejs,bsplinejs,1,qwen,False,False,False,TRUE_HALLUCINATION
btoa,btoa,1,mistral,False,False,False,TRUE_HALLUCINATION
buf-rw,buf-rw,1,qwen,False,False,False,TRUE_HALLUCINATION
buffer-allocator,buffer-allocator,1,mistral,False,False,False,TRUE_HALLUCINATION
buffer-as-stream,buffer-as-stream,1,mistral,False,False,False,TRUE_HALLUCINATION
buffer-from-arraybuffer,buffer-from-arraybuffer,1,mistral,False,False,False,TRUE_HALLUCINATION
buffer-to-binary,buffer-to-binary,1,mistral,False,False,False,TRUE_HALLUCINATION
buffer-utf8-detect,buffer-utf8-detect,1,mistral,False,False,False,TRUE_HALLUCINATION
buffered-http,buffered-http,2,marin,False,False,False,TRUE_HALLUCINATION
bufjs,bufjs,1,marin,False,False,False,TRUE_HALLUCINATION
builtin-es6-lodash,builtin-es6-lodash,1,mistral,False,False,False,TRUE_HALLUCINATION
builtin1,builtin1,1,mistral,False,False,False,TRUE_HALLUCINATION
bunsqlite3,bunsqlite3,1,qwen,False,False,False,TRUE_HALLUCINATION
bunyan-daily-rotate-file,bunyan-daily-rotate-file,1,codellama7b,False,False,False,TRUE_HALLUCINATION
button-react,button-react,1,mistral,False,False,False,TRUE_HALLUCINATION
bz-wasm,bz-wasm,1,mistral,False,False,False,TRUE_HALLUCINATION
bz2-stream,bz2-stream,1,mistral,False,False,False,TRUE_HALLUCINATION
bzip2-decompressor,bzip2-decompressor,2,codellama7b,False,False,False,TRUE_HALLUCINATION
bzip2-js,bzip2-js,1,codellama7b,False,False,False,TRUE_HALLUCINATION
caData,caData,1,mistral,False,False,False,TRUE_HALLUCINATION
cab-parser,cab-parser,1,gemma,False,False,False,TRUE_HALLUCINATION
cachetools,cachetools,3,"gemma,mistral,qwen",False,False,False,TRUE_HALLUCINATION
cadese,cadese,1,codellama7b,False,False,False,TRUE_HALLUCINATION
cairo-canvas,cairo-canvas,2,gemma,False,False,False,TRUE_HALLUCINATION
cairo-emscripten,cairo-emscripten,1,mistral,False,False,False,TRUE_HALLUCINATION
calculate-diff,calculate-diff,1,codellama7b,False,False,False,TRUE_HALLUCINATION
call-site,call-site,3,mistral,False,False,False,TRUE_HALLUCINATION
caller-callee,caller-callee,2,mistral,False,False,False,TRUE_HALLUCINATION
caller-file,caller-file,1,mistral,False,False,False,TRUE_HALLUCINATION
caller-function,caller-function,2,mistral,False,False,False,TRUE_HALLUCINATION
callsite-name,callsite-name,1,mistral,False,False,False,TRUE_HALLUCINATION
callsite-parser,callsite-parser,1,mistral,False,False,False,TRUE_HALLUCINATION
cancelable-timeout,cancelable-timeout,1,mistral,False,False,False,TRUE_HALLUCINATION
canvas-intersect,canvas-intersect,1,mistral,False,False,False,TRUE_HALLUCINATION
canvas-justify-text,canvas-justify-text,1,mistral,False,False,False,TRUE_HALLUCINATION
canvas-resizer,canvas-resizer,1,mistral,False,False,False,TRUE_HALLUCINATION
capacitor-router,capacitor-router,1,gemma,False,False,False,TRUE_HALLUCINATION
caret.js,caret.js,1,mistral,False,False,False,TRUE_HALLUCINATION
case-insensitive-search,case-insensitive-search,1,mistral,False,False,False,TRUE_HALLUCINATION
casper-cookies,casper-cookies,1,mistral,False,False,False,TRUE_HALLUCINATION
casper-utilities-inject-css,casper-utilities-inject-css,1,mistral,False,False,False,TRUE_HALLUCINATION
casperjs-cookies,casperjs-cookies,1,codellama7b,False,False,False,TRUE_HALLUCINATION
cc-validator,cc-validator,2,mistral,False,False,False,TRUE_HALLUCINATION
cdk-lib,cdk-lib,1,mistral,False,False,False,TRUE_HALLUCINATION
cesium-3d-tile-layer,cesium-3d-tile-layer,1,codellama7b,False,False,False,TRUE_HALLUCINATION
cesium-3d-tiles,cesium-3d-tiles,1,codellama7b,False,False,False,TRUE_HALLUCINATION
cesium-ion,cesium-ion,2,"codellama7b,marin",False,False,False,TRUE_HALLUCINATION
cesium-terrain-server,cesium-terrain-server,1,codellama7b,False,False,False,TRUE_HALLUCINATION
cf-parser,cf-parser,1,mistral,False,False,False,TRUE_HALLUCINATION
cf-reader,cf-reader,1,mistral,False,False,False,TRUE_HALLUCINATION
cff-parser,cff-parser,1,codellama7b,False,False,False,TRUE_HALLUCINATION
cgo-linux,cgo-linux,1,codellama7b,False,False,False,TRUE_HALLUCINATION
chacha20-poly1305,chacha20-poly1305,1,qwen,False,False,False,TRUE_HALLUCINATION
chai-deep-equal,chai-deep-equal,2,mistral,False,False,False,TRUE_HALLUCINATION
chai-jest-expect,chai-jest-expect,1,mistral,False,False,False,TRUE_HALLUCINATION
chalk-bg,chalk-bg,1,marin,False,False,False,TRUE_HALLUCINATION
chalk-bg-bright,chalk-bg-bright,1,marin,False,False,False,TRUE_HALLUCINATION
chalk-bg-paired,chalk-bg-paired,1,marin,False,False,False,TRUE_HALLUCINATION
chalk-bgb,chalk-bgb,1,marin,False,False,False,TRUE_HALLUCINATION
chalk-bgblack,chalk-bgblack,1,marin,False,False,False,TRUE_HALLUCINATION
chalk-bggray,chalk-bggray,1,marin,False,False,False,TRUE_HALLUCINATION
chalk-bggreen,chalk-bggreen,1,marin,False,False,False,TRUE_HALLUCINATION
chalk-bgmuted,chalk-bgmuted,1,marin,False,False,False,TRUE_HALLUCINATION
chalk-bgorange,chalk-bgorange,1,marin,False,False,False,TRUE_HALLUCINATION
chalk-bgpurple,chalk-bgpurple,1,marin,False,False,False,TRUE_HALLUCINATION
chalk-bgred,chalk-bgred,1,marin,False,False,False,TRUE_HALLUCINATION
chalk-bgright,chalk-bgright,1,marin,False,False,False,TRUE_HALLUCINATION
chalk-bgwhite,chalk-bgwhite,1,marin,False,False,False,TRUE_HALLUCINATION
chalk-bgyellow,chalk-bgyellow,1,marin,False,False,False,TRUE_HALLUCINATION
chalk-bright,chalk-bright,1,marin,False,False,False,TRUE_HALLUCINATION
chalk-brightmuted,chalk-brightmuted,1,marin,False,False,False,TRUE_HALLUCINATION
chalk-muted,chalk-muted,1,marin,False,False,False,TRUE_HALLUCINATION
chalk-paired,chalk-paired,1,marin,False,False,False,TRUE_HALLUCINATION
chalk-parser,chalk-parser,2,marin,False,False,False,TRUE_HALLUCINATION
changeCase,changeCase,1,codellama7b,False,False,False,TRUE_HALLUCINATION
character-classes,character-classes,2,mistral,False,False,False,TRUE_HALLUCINATION
character-classes-xml,character-classes-xml,1,mistral,False,False,False,TRUE_HALLUCINATION
character-set,character-set,1,codellama7b,False,False,False,TRUE_HALLUCINATION
character-types,character-types,1,mistral,False,False,False,TRUE_HALLUCINATION
chardet-browser,chardet-browser,1,mistral,False,False,False,TRUE_HALLUCINATION
chart.js-plugin-data-labels,chart.js-plugin-data-labels,1,marin,False,False,False,TRUE_HALLUCINATION
chartjs-adapter-lite-native,chartjs-adapter-lite-native,3,mistral,False,False,False,TRUE_HALLUCINATION
chartjs-adapter-vue3,chartjs-adapter-vue3,5,mistral,False,False,False,TRUE_HALLUCINATION
chartjs-axis-label-pro,chartjs-axis-label-pro,1,mistral,False,False,False,TRUE_HALLUCINATION
chartjs-plugin-circular,chartjs-plugin-circular,1,mistral,False,False,False,TRUE_HALLUCINATION
chartjs-plugin-dates,chartjs-plugin-dates,2,marin,False,False,False,TRUE_HALLUCINATION
chartjs-plugin-doughnut,chartjs-plugin-doughnut,1,mistral,False,False,False,TRUE_HALLUCINATION
chartjs-plugin-doughnut-label,chartjs-plugin-doughnut-label,2,mistral,False,False,False,TRUE_HALLUCINATION
chartjs-plugin-doughnut-round-edges,chartjs-plugin-doughnut-round-edges,1,codellama7b,False,False,False,TRUE_HALLUCINATION
chartjs-plugin-grid-lines,chartjs-plugin-grid-lines,1,mistral,False,False,False,TRUE_HALLUCINATION
chartjs-plugin-radar,chartjs-plugin-radar,1,mistral,False,False,False,TRUE_HALLUCINATION
chartjs-plugin-rounded-bar,chartjs-plugin-rounded-bar,1,codellama7b,False,False,False,TRUE_HALLUCINATION
chartjs-react-canvas,chartjs-react-canvas,1,mistral,False,False,False,TRUE_HALLUCINATION
checkstyle,checkstyle,1,marin,False,False,False,TRUE_HALLUCINATION
checkstyle-log4j2,checkstyle-log4j2,1,mistral,False,False,False,TRUE_HALLUCINATION
checkstyle-qual,checkstyle-qual,1,mistral,False,False,False,TRUE_HALLUCINATION
checkstyle-trycatch,checkstyle-trycatch,1,mistral,False,False,False,TRUE_HALLUCINATION
child_mon,child_mon,1,mistral,False,False,False,TRUE_HALLUCINATION
child_process-send,child_process-send,1,mistral,False,False,False,TRUE_HALLUCINATION
chokidar-fs-events,chokidar-fs-events,1,mistral,False,False,False,TRUE_HALLUCINATION
chown-chmod,chown-chmod,1,mistral,False,False,False,TRUE_HALLUCINATION
chroma-terminal,chroma-terminal,1,gemma,False,False,False,TRUE_HALLUCINATION
chroma-terminator,chroma-terminator,1,marin,False,False,False,TRUE_HALLUCINATION
chrome-.debugger,chrome-.debugger,1,marin,False,False,False,TRUE_HALLUCINATION
chrome-devtools-protocol,chrome-devtools-protocol,1,codellama7b,False,False,False,TRUE_HALLUCINATION
chrome-driver,chrome-driver,2,codellama7b,False,False,False,TRUE_HALLUCINATION
chrome-extension-console,chrome-extension-console,1,codellama7b,False,False,False,TRUE_HALLUCINATION
chrome-extension-logger,chrome-extension-logger,1,mistral,False,False,False,TRUE_HALLUCINATION
chrome-extension-polyfill,chrome-extension-polyfill,2,mistral,False,False,False,TRUE_HALLUCINATION
chrome-extension-reload,chrome-extension-reload,1,gpt_oss,False,False,False,TRUE_HALLUCINATION
chrome-extension-task-runner,chrome-extension-task-runner,1,mistral,False,False,False,TRUE_HALLUCINATION
chrome-extension-utils,chrome-extension-utils,1,qwen,False,False,False,TRUE_HALLUCINATION
chrome-extension-webpack,chrome-extension-webpack,1,mistral,False,False,False,TRUE_HALLUCINATION
chrome-protocol,chrome-protocol,3,marin,False,False,False,TRUE_HALLUCINATION
chromedevtoolsprotocol,chromedevtoolsprotocol,1,mistral,False,False,False,TRUE_HALLUCINATION
chromedp,chromedp,1,mistral,False,False,False,TRUE_HALLUCINATION
chromedriver-aws-lambda,chromedriver-aws-lambda,1,mistral,False,False,False,TRUE_HALLUCINATION
chromium-launch,chromium-launch,1,mistral,False,False,False,TRUE_HALLUCINATION
cilium-cli,cilium-cli,1,codellama7b,False,False,False,TRUE_HALLUCINATION
cilium-utils,cilium-utils,1,codellama7b,False,False,False,TRUE_HALLUCINATION
circle-rectangle-intersection,circle-rectangle-intersection,1,codellama7b,False,False,False,TRUE_HALLUCINATION
circular-dependency,circular-dependency,8,"codellama7b,gemma,gpt_oss,marin,mistral,qwen",False,False,False,TRUE_HALLUCINATION
circular-dependency-checker,circular-dependency-checker,1,gemma,False,False,False,TRUE_HALLUCINATION
circularjson,circularjson,2,marin,False,False,False,TRUE_HALLUCINATION
ckeditor5-link,ckeditor5-link,1,mistral,False,False,False,TRUE_HALLUCINATION
ckeditor5-paragraph,ckeditor5-paragraph,1,mistral,False,False,False,TRUE_HALLUCINATION
class-constructor-util,class-constructor-util,1,mistral,False,False,False,TRUE_HALLUCINATION
class-decorator,class-decorator,1,mistral,False,False,False,TRUE_HALLUCINATION
class-private,class-private,1,mistral,False,False,False,TRUE_HALLUCINATION
class-transformer-reflect-metadata,class-transformer-reflect-metadata,1,mistral,False,False,False,TRUE_HALLUCINATION
clear-immediate,clear-immediate,1,mistral,False,False,False,TRUE_HALLUCINATION
cli-midi,cli-midi,1,mistral,False,False,False,TRUE_HALLUCINATION
clipboardjs,clipboardjs,1,mistral,False,False,False,TRUE_HALLUCINATION
cljs-data,cljs-data,1,mistral,False,False,False,TRUE_HALLUCINATION
clojure-java,clojure-java,1,mistral,False,False,False,TRUE_HALLUCINATION
closure-class,closure-class,1,mistral,False,False,False,TRUE_HALLUCINATION
cloud-events,cloud-events,2,"gemma,mistral",False,False,False,TRUE_HALLUCINATION
cloudinary-node,cloudinary-node,2,codellama7b,False,False,False,TRUE_HALLUCINATION
cockroachdb-client,cockroachdb-client,1,codellama7b,False,False,False,TRUE_HALLUCINATION
cockroachsql,cockroachsql,1,mistral,False,False,False,TRUE_HALLUCINATION
codemirror-curdoc,codemirror-curdoc,1,mistral,False,False,False,TRUE_HALLUCINATION
codemirror-dark-neutral-palette,codemirror-dark-neutral-palette,1,mistral,False,False,False,TRUE_HALLUCINATION
codemirror-keymap,codemirror-keymap,1,mistral,False,False,False,TRUE_HALLUCINATION
codemirror-lint,codemirror-lint,4,mistral,False,False,False,TRUE_HALLUCINATION
codemirror-search,codemirror-search,1,mistral,False,False,False,TRUE_HALLUCINATION
codemirror-state,codemirror-state,1,mistral,False,False,False,TRUE_HALLUCINATION
codemirror-state-history,codemirror-state-history,1,mistral,False,False,False,TRUE_HALLUCINATION
codemirror-textmath,codemirror-textmath,1,mistral,False,False,False,TRUE_HALLUCINATION
codemirror-theme-dracula,codemirror-theme-dracula,1,mistral,False,False,False,TRUE_HALLUCINATION
codemirror5,codemirror5,1,mistral,False,False,False,TRUE_HALLUCINATION
codemirror5-gutter,codemirror5-gutter,1,mistral,False,False,False,TRUE_HALLUCINATION
codemirror6-theme-dark,codemirror6-theme-dark,1,mistral,False,False,False,TRUE_HALLUCINATION
coffee-front-matter,coffee-front-matter,2,qwen,False,False,False,TRUE_HALLUCINATION
coffee-script-globally,coffee-script-globally,1,mistral,False,False,False,TRUE_HALLUCINATION
collect-unicode-property-values,collect-unicode-property-values,1,mistral,False,False,False,TRUE_HALLUCINATION
color-emoji,color-emoji,1,marin,False,False,False,TRUE_HALLUCINATION
color-gradient-js,color-gradient-js,1,mistral,False,False,False,TRUE_HALLUCINATION
color-name-to-hex,color-name-to-hex,2,mistral,False,False,False,TRUE_HALLUCINATION
color-opponent,color-opponent,1,mistral,False,False,False,TRUE_HALLUCINATION
color-thief-js,color-thief-js,4,mistral,False,False,False,TRUE_HALLUCINATION
colored-json,colored-json,7,"codellama7b,gemma,marin,qwen",False,False,False,TRUE_HALLUCINATION
com.android.content,com.android.content,1,mistral,False,False,False,TRUE_HALLUCINATION
combined-string-horn-flattener,combined-string-horn-flattener,1,mistral,False,False,False,TRUE_HALLUCINATION
combined-string-query,combined-string-query,1,mistral,False,False,False,TRUE_HALLUCINATION
commatize,commatize,1,mistral,False,False,False,TRUE_HALLUCINATION
commit-lint,commit-lint,1,codellama7b,False,False,False,TRUE_HALLUCINATION
commit-msg-changelog,commit-msg-changelog,1,mistral,False,False,False,TRUE_HALLUCINATION
commutify,commutify,1,mistral,False,False,False,TRUE_HALLUCINATION
component-name,component-name,1,mistral,False,False,False,TRUE_HALLUCINATION
compoundfilejs,compoundfilejs,2,marin,False,False,False,TRUE_HALLUCINATION
compress-archive,compress-archive,1,mistral,False,False,False,TRUE_HALLUCINATION
concurrent-futures,concurrent-futures,1,qwen,False,False,False,TRUE_HALLUCINATION
concurrent-set,concurrent-set,1,mistral,False,False,False,TRUE_HALLUCINATION
conda-api,conda-api,1,codellama7b,False,False,False,TRUE_HALLUCINATION
connect-ban,connect-ban,2,mistral,False,False,False,TRUE_HALLUCINATION
connect-directory-listing,connect-directory-listing,1,mistral,False,False,False,TRUE_HALLUCINATION
connected-component-indexer,connected-component-indexer,1,mistral,False,False,False,TRUE_HALLUCINATION
console-color-palette,console-color-palette,2,mistral,False,False,False,TRUE_HALLUCINATION
console-color-php,console-color-php,1,mistral,False,False,False,TRUE_HALLUCINATION
console-color-string,console-color-string,1,mistral,False,False,False,TRUE_HALLUCINATION
console-group-collapse,console-group-collapse,2,mistral,False,False,False,TRUE_HALLUCINATION
console-output,console-output,1,gemma,False,False,False,TRUE_HALLUCINATION
console-polyfill-browser,console-polyfill-browser,1,mistral,False,False,False,TRUE_HALLUCINATION
console-tree,console-tree,1,mistral,False,False,False,TRUE_HALLUCINATION
consolidate-dot,consolidate-dot,1,mistral,False,False,False,TRUE_HALLUCINATION
consolidate-eco,consolidate-eco,1,mistral,False,False,False,TRUE_HALLUCINATION
consolidate-ejs,consolidate-ejs,1,mistral,False,False,False,TRUE_HALLUCINATION
consolidate-haml,consolidate-haml,1,mistral,False,False,False,TRUE_HALLUCINATION
consolidate-handlebars,consolidate-handlebars,1,mistral,False,False,False,TRUE_HALLUCINATION
consolidate-hogan,consolidate-hogan,1,mistral,False,False,False,TRUE_HALLUCINATION
consolidate-jade,consolidate-jade,1,mistral,False,False,False,TRUE_HALLUCINATION
consolidate-lodash,consolidate-lodash,1,mistral,False,False,False,TRUE_HALLUCINATION
consolidate-markdown,consolidate-markdown,1,mistral,False,False,False,TRUE_HALLUCINATION
consolidate-marko,consolidate-marko,1,mistral,False,False,False,TRUE_HALLUCINATION
consolidate-mustache,consolidate-mustache,1,mistral,False,False,False,TRUE_HALLUCINATION
consolidate-mustache-helpers,consolidate-mustache-helpers,1,mistral,False,False,False,TRUE_HALLUCINATION
consolidate-nunjucks,consolidate-nunjucks,1,mistral,False,False,False,TRUE_HALLUCINATION
consolidate-pug,consolidate-pug,1,mistral,False,False,False,TRUE_HALLUCINATION
consolidate-pug-bootstrap,consolidate-pug-bootstrap,1,mistral,False,False,False,TRUE_HALLUCINATION
consolidate-svelte,consolidate-svelte,1,mistral,False,False,False,TRUE_HALLUCINATION
consolidate-swig,consolidate-swig,1,mistral,False,False,False,TRUE_HALLUCINATION
consolidate-underscores,consolidate-underscores,1,mistral,False,False,False,TRUE_HALLUCINATION
constant-expression,constant-expression,1,mistral,False,False,False,TRUE_HALLUCINATION
constant-time-compare,constant-time-compare,1,mistral,False,False,False,TRUE_HALLUCINATION
container-registry-client,container-registry-client,1,marin,False,False,False,TRUE_HALLUCINATION
content-type-detector,content-type-detector,1,mistral,False,False,False,TRUE_HALLUCINATION
content.handlebars.js,content.handlebars.js,1,marin,False,False,False,TRUE_HALLUCINATION
contenteditable-polyfill,contenteditable-polyfill,1,mistral,False,False,False,TRUE_HALLUCINATION
contentful-react-renderer,contentful-react-renderer,3,"marin,qwen",False,False,False,TRUE_HALLUCINATION
contentful-rich-text,contentful-rich-text,1,gemma,False,False,False,TRUE_HALLUCINATION
control-chars,control-chars,1,mistral,False,False,False,TRUE_HALLUCINATION
conventional-changelog-adapter,conventional-changelog-adapter,2,qwen,False,False,False,TRUE_HALLUCINATION
conventional-changelog-angular-preset,conventional-changelog-angular-preset,2,codellama7b,False,False,False,TRUE_HALLUCINATION
conventional-changelog-js,conventional-changelog-js,1,gemma,False,False,False,TRUE_HALLUCINATION
conventional-changelog-lib,conventional-changelog-lib,1,qwen,False,False,False,TRUE_HALLUCINATION
conventional-changelog-parser,conventional-changelog-parser,2,mistral,False,False,False,TRUE_HALLUCINATION
conventional-changelog-processor,conventional-changelog-processor,2,qwen,False,False,False,TRUE_HALLUCINATION
conventional-commit-parser,conventional-commit-parser,1,mistral,False,False,False,TRUE_HALLUCINATION
conventional-config,conventional-config,1,mistral,False,False,False,TRUE_HALLUCINATION
conventional-revert-parser,conventional-revert-parser,1,mistral,False,False,False,TRUE_HALLUCINATION
conventionalcommits,conventionalcommits,1,marin,False,False,False,TRUE_HALLUCINATION
conversational-ai-chatbot,conversational-ai-chatbot,1,mistral,False,False,False,TRUE_HALLUCINATION
cookie-serializer,cookie-serializer,1,marin,False,False,False,TRUE_HALLUCINATION
cookie-sync,cookie-sync,1,marin,False,False,False,TRUE_HALLUCINATION
copyjunction,copyjunction,1,qwen,False,False,False,TRUE_HALLUCINATION
cordova-check,cordova-check,1,marin,False,False,False,TRUE_HALLUCINATION
core-bluetooth,core-bluetooth,1,qwen,False,False,False,TRUE_HALLUCINATION
core-js-polyfill,core-js-polyfill,2,marin,False,False,False,TRUE_HALLUCINATION
corr-matrix,corr-matrix,1,mistral,False,False,False,TRUE_HALLUCINATION
count-event-listeners,count-event-listeners,1,mistral,False,False,False,TRUE_HALLUCINATION
coverage-json,coverage-json,1,mistral,False,False,False,TRUE_HALLUCINATION
cpp-js,cpp-js,1,mistral,False,False,False,TRUE_HALLUCINATION
cpu-browser,cpu-browser,1,mistral,False,False,False,TRUE_HALLUCINATION
cpu_features,cpu_features,4,"codellama7b,qwen",False,False,False,TRUE_HALLUCINATION
craco-babel-plugin,craco-babel-plugin,1,mistral,False,False,False,TRUE_HALLUCINATION
crash-reporter,crash-reporter,16,"codellama7b,gemma,marin,mistral,qwen",False,False,False,TRUE_HALLUCINATION
crc32-wasm,crc32-wasm,1,mistral,False,False,False,TRUE_HALLUCINATION
crc32js,crc32js,1,mistral,False,False,False,TRUE_HALLUCINATION
create-cache,create-cache,1,qwen,False,False,False,TRUE_HALLUCINATION
create-hash-history,create-hash-history,2,codellama7b,False,False,False,TRUE_HALLUCINATION
create-mocha-tests,create-mocha-tests,1,mistral,False,False,False,TRUE_HALLUCINATION
create-react-app-scripts-ts,create-react-app-scripts-ts,1,mistral,False,False,False,TRUE_HALLUCINATION
create-vite-plugin-jest,create-vite-plugin-jest,1,mistral,False,False,False,TRUE_HALLUCINATION
cross-browser-path,cross-browser-path,1,mistral,False,False,False,TRUE_HALLUCINATION
cross-domain-event-emitter,cross-domain-event-emitter,1,mistral,False,False,False,TRUE_HALLUCINATION
cross-event-emitter,cross-event-emitter,1,mistral,False,False,False,TRUE_HALLUCINATION
cross-filenames,cross-filenames,1,mistral,False,False,False,TRUE_HALLUCINATION
cross-iframe,cross-iframe,1,codellama7b,False,False,False,TRUE_HALLUCINATION
cross-origin-isolated-storage,cross-origin-isolated-storage,1,mistral,False,False,False,TRUE_HALLUCINATION
cross-origin-opener-policy,cross-origin-opener-policy,1,mistral,False,False,False,TRUE_HALLUCINATION
cross-realm,cross-realm,3,codellama7b,False,False,False,TRUE_HALLUCINATION
cross-realm-comparison,cross-realm-comparison,1,codellama7b,False,False,False,TRUE_HALLUCINATION
crypto-aes,crypto-aes,1,mistral,False,False,False,TRUE_HALLUCINATION
crypto-aes-cbc,crypto-aes-cbc,1,mistral,False,False,False,TRUE_HALLUCINATION
crypto-blst,crypto-blst,1,mistral,False,False,False,TRUE_HALLUCINATION
crypto-es6,crypto-es6,1,codellama7b,False,False,False,TRUE_HALLUCINATION
crypto-random-unique,crypto-random-unique,1,mistral,False,False,False,TRUE_HALLUCINATION
crypto-signing,crypto-signing,1,codellama7b,False,False,False,TRUE_HALLUCINATION
crypto.randomBytes,crypto.randomBytes,1,gemma,False,False,False,TRUE_HALLUCINATION
cryptofile,cryptofile,1,mistral,False,False,False,TRUE_HALLUCINATION
cryptographically-secure-random,cryptographically-secure-random,1,mistral,False,False,False,TRUE_HALLUCINATION
cryptography,cryptography,1,codellama7b,False,False,False,TRUE_HALLUCINATION
cryptui,cryptui,1,codellama7b,False,False,False,TRUE_HALLUCINATION
csf-loader,csf-loader,1,qwen,False,False,False,TRUE_HALLUCINATION
csi-controller-aws,csi-controller-aws,1,mistral,False,False,False,TRUE_HALLUCINATION
csp-evaluator,csp-evaluator,1,mistral,False,False,False,TRUE_HALLUCINATION
csp-html,csp-html,1,codellama7b,False,False,False,TRUE_HALLUCINATION
csp-report-parser,csp-report-parser,1,mistral,False,False,False,TRUE_HALLUCINATION
css-animation-hook,css-animation-hook,2,mistral,False,False,False,TRUE_HALLUCINATION
css-box-sizing-polyfill,css-box-sizing-polyfill,1,mistral,False,False,False,TRUE_HALLUCINATION
css-color-stop,css-color-stop,6,"codellama7b,gemma,gpt_oss,marin,mistral,qwen",False,False,False,TRUE_HALLUCINATION
css-escape,css-escape,1,gemma,False,False,False,TRUE_HALLUCINATION
css-escape-lib,css-escape-lib,1,gpt_oss,False,False,False,TRUE_HALLUCINATION
css-escaper,css-escaper,1,qwen,False,False,False,TRUE_HALLUCINATION
css-matches,css-matches,1,marin,False,False,False,TRUE_HALLUCINATION
css-minifier,css-minifier,1,gemma,False,False,False,TRUE_HALLUCINATION
css-minimizer-plugin,css-minimizer-plugin,1,codellama7b,False,False,False,TRUE_HALLUCINATION
css-modules-transform,css-modules-transform,2,"gpt_oss,marin",False,False,False,TRUE_HALLUCINATION
css-optimize,css-optimize,1,codellama7b,False,False,False,TRUE_HALLUCINATION
css-property-descriptions,css-property-descriptions,2,mistral,False,False,False,TRUE_HALLUCINATION
css-recipe-processor,css-recipe-processor,1,marin,False,False,False,TRUE_HALLUCINATION
css-search,css-search,1,marin,False,False,False,TRUE_HALLUCINATION
css-selectors,css-selectors,1,codellama7b,False,False,False,TRUE_HALLUCINATION
css-string-escape,css-string-escape,1,mistral,False,False,False,TRUE_HALLUCINATION
css-transition-hook,css-transition-hook,2,mistral,False,False,False,TRUE_HALLUCINATION
css-unwrap-rules,css-unwrap-rules,1,mistral,False,False,False,TRUE_HALLUCINATION
cssnano-grunt,cssnano-grunt,1,marin,False,False,False,TRUE_HALLUCINATION
cssnano-preset-custom-properties,cssnano-preset-custom-properties,1,marin,False,False,False,TRUE_HALLUCINATION
cssnano-preset-esting,cssnano-preset-esting,1,marin,False,False,False,TRUE_HALLUCINATION
cssnano-preset-media,cssnano-preset-media,1,marin,False,False,False,TRUE_HALLUCINATION
cssnano-preset-theme,cssnano-preset-theme,1,marin,False,False,False,TRUE_HALLUCINATION
cssnano-v8,cssnano-v8,1,marin,False,False,False,TRUE_HALLUCINATION
cssselect,cssselect,1,mistral,False,False,False,TRUE_HALLUCINATION
csstox,csstox,2,"gpt_oss,mistral",False,False,False,TRUE_HALLUCINATION
csstoxjs,csstoxjs,7,"codellama7b,gemma,marin,qwen",False,False,False,TRUE_HALLUCINATION
csstria,csstria,3,"codellama7b,gpt_oss",False,False,False,TRUE_HALLUCINATION
cstria,cstria,1,gemma,False,False,False,TRUE_HALLUCINATION
csv-parser-async,csv-parser-async,1,codellama7b,False,False,False,TRUE_HALLUCINATION
cumulative-distribution-function-js,cumulative-distribution-function-js,1,mistral,False,False,False,TRUE_HALLUCINATION
curlstream,curlstream,2,mistral,False,False,False,TRUE_HALLUCINATION
curry-partial,curry-partial,1,mistral,False,False,False,TRUE_HALLUCINATION
curve25519-dalek,curve25519-dalek,1,mistral,False,False,False,TRUE_HALLUCINATION
custom-error-deconstruction,custom-error-deconstruction,1,mistral,False,False,False,TRUE_HALLUCINATION
cv2,cv2,1,gemma,False,False,False,TRUE_HALLUCINATION
cwebp-wrapper,cwebp-wrapper,4,"codellama7b,mistral",False,False,False,TRUE_HALLUCINATION
cypress-dynamically-loaded-plugins,cypress-dynamically-loaded-plugins,2,mistral,False,False,False,TRUE_HALLUCINATION
cypress-iframe,cypress-iframe,1,codellama7b,False,False,False,TRUE_HALLUCINATION
cypress-mock-service,cypress-mock-service,1,mistral,False,False,False,TRUE_HALLUCINATION
cypress-plugin-readfile,cypress-plugin-readfile,1,codellama7b,False,False,False,TRUE_HALLUCINATION
cypress-run-reporter,cypress-run-reporter,1,marin,False,False,False,TRUE_HALLUCINATION
cypress-vite-plugin,cypress-vite-plugin,2,mistral,False,False,False,TRUE_HALLUCINATION
cypress-vite-plugin-istanbul,cypress-vite-plugin-istanbul,6,qwen,False,False,False,TRUE_HALLUCINATION
cypress-window,cypress-window,1,codellama7b,False,False,False,TRUE_HALLUCINATION
cypress-xhr,cypress-xhr,1,mistral,False,False,False,TRUE_HALLUCINATION
d3-geo-sphere,d3-geo-sphere,1,mistral,False,False,False,TRUE_HALLUCINATION
d3-graph-tool,d3-graph-tool,1,mistral,False,False,False,TRUE_HALLUCINATION
d3-projection,d3-projection,1,mistral,False,False,False,TRUE_HALLUCINATION
d3-responsive,d3-responsive,1,codellama7b,False,False,False,TRUE_HALLUCINATION
d3-stat-logit,d3-stat-logit,1,mistral,False,False,False,TRUE_HALLUCINATION
dart-to-js,dart-to-js,1,gemma,False,False,False,TRUE_HALLUCINATION
dash_clientside,dash_clientside,1,gemma,False,False,False,TRUE_HALLUCINATION
dash_core_components,dash_core_components,1,gemma,False,False,False,TRUE_HALLUCINATION
data-transfer,data-transfer,1,mistral,False,False,False,TRUE_HALLUCINATION
data-uri-js,data-uri-js,1,mistral,False,False,False,TRUE_HALLUCINATION
data.table,data.table,3,"gemma,mistral",False,False,False,TRUE_HALLUCINATION
datadog-api-client,datadog-api-client,4,"gemma,qwen",False,False,False,TRUE_HALLUCINATION
datasets-tokenizers,datasets-tokenizers,1,mistral,False,False,False,TRUE_HALLUCINATION
datatables.net-colReorder,datatables.net-colReorder,1,mistral,False,False,False,TRUE_HALLUCINATION
datatables.net-responsive-vue3,datatables.net-responsive-vue3,1,mistral,False,False,False,TRUE_HALLUCINATION
datatables.net-rowGroup,datatables.net-rowGroup,1,mistral,False,False,False,TRUE_HALLUCINATION
datatables.net-vue,datatables.net-vue,3,"marin,mistral",False,False,False,TRUE_HALLUCINATION
dateformat-node,dateformat-node,1,mistral,False,False,False,TRUE_HALLUCINATION
dateformat-parser,dateformat-parser,1,mistral,False,False,False,TRUE_HALLUCINATION
dbscan-js,dbscan-js,1,mistral,False,False,False,TRUE_HALLUCINATION
debug-daily-rotate-file,debug-daily-rotate-file,1,codellama7b,False,False,False,TRUE_HALLUCINATION
dec2hex,dec2hex,3,"codellama7b,mistral",False,False,False,TRUE_HALLUCINATION
decorate-function,decorate-function,1,mistral,False,False,False,TRUE_HALLUCINATION
decorator-all,decorator-all,1,mistral,False,False,False,TRUE_HALLUCINATION
decorator-factory,decorator-factory,2,mistral,False,False,False,TRUE_HALLUCINATION
decorator-functions,decorator-functions,3,mistral,False,False,False,TRUE_HALLUCINATION
decorator-pattern,decorator-pattern,1,mistral,False,False,False,TRUE_HALLUCINATION
decorator-tools,decorator-tools,2,mistral,False,False,False,TRUE_HALLUCINATION
density-estimation,density-estimation,1,mistral,False,False,False,TRUE_HALLUCINATION
dependabot-core-license-finder,dependabot-core-license-finder,1,mistral,False,False,False,TRUE_HALLUCINATION
dependencies.json,dependencies.json,2,mistral,False,False,False,TRUE_HALLUCINATION
dependency-A,dependency-A,1,qwen,False,False,False,TRUE_HALLUCINATION
dependency-B,dependency-B,1,qwen,False,False,False,TRUE_HALLUCINATION
dependency-parse,dependency-parse,1,mistral,False,False,False,TRUE_HALLUCINATION
des-js,des-js,1,mistral,False,False,False,TRUE_HALLUCINATION
detachable-bundler,detachable-bundler,1,mistral,False,False,False,TRUE_HALLUCINATION
deteor,deteor,1,marin,False,False,False,TRUE_HALLUCINATION
device-pixel-ratio,device-pixel-ratio,1,mistral,False,False,False,TRUE_HALLUCINATION
deviceinfo,deviceinfo,2,"codellama7b,marin",False,False,False,TRUE_HALLUCINATION
devinfo,devinfo,1,qwen,False,False,False,TRUE_HALLUCINATION
dgeni-packages-angular,dgeni-packages-angular,1,qwen,False,False,False,TRUE_HALLUCINATION
dgeni-packages-tsdoc,dgeni-packages-tsdoc,1,qwen,False,False,False,TRUE_HALLUCINATION
diagnostic-module,diagnostic-module,1,qwen,False,False,False,TRUE_HALLUCINATION
diagnostic-publisher,diagnostic-publisher,1,marin,False,False,False,TRUE_HALLUCINATION
dialog-utils,dialog-utils,1,gemma,False,False,False,TRUE_HALLUCINATION
digest-auth,digest-auth,1,gemma,False,False,False,TRUE_HALLUCINATION
dijit.layout.AccordionContainer,dijit.layout.AccordionContainer,1,mistral,False,False,False,TRUE_HALLUCINATION
directory-browser-middleware,directory-browser-middleware,1,mistral,False,False,False,TRUE_HALLUCINATION
discard-overridden-rules,discard-overridden-rules,2,mistral,False,False,False,TRUE_HALLUCINATION
discord.ext,discord.ext,1,marin,False,False,False,TRUE_HALLUCINATION
discord.js-ext-pagination,discord.js-ext-pagination,1,mistral,False,False,False,TRUE_HALLUCINATION
discord.js-ext-utils,discord.js-ext-utils,1,mistral,False,False,False,TRUE_HALLUCINATION
discord.js-upgrade,discord.js-upgrade,1,mistral,False,False,False,TRUE_HALLUCINATION
disk-cache-loader,disk-cache-loader,3,"gemma,mistral",False,False,False,TRUE_HALLUCINATION
display-stream-compression,display-stream-compression,1,codellama7b,False,False,False,TRUE_HALLUCINATION
dns-discover,dns-discover,1,codellama7b,False,False,False,TRUE_HALLUCINATION
dns-pdns,dns-pdns,1,mistral,False,False,False,TRUE_HALLUCINATION
dns-pod,dns-pod,1,codellama7b,False,False,False,TRUE_HALLUCINATION
dns-sd,dns-sd,17,"codellama7b,gemma,gpt_oss,marin,mistral,qwen",False,False,False,TRUE_HALLUCINATION
dns-tsid,dns-tsid,1,mistral,False,False,False,TRUE_HALLUCINATION
dns-tsort,dns-tsort,1,mistral,False,False,False,TRUE_HALLUCINATION
dns_sd,dns_sd,1,qwen,False,False,False,TRUE_HALLUCINATION
docgen-api,docgen-api,2,mistral,False,False,False,TRUE_HALLUCINATION
docgen-typescript-plugin,docgen-typescript-plugin,1,mistral,False,False,False,TRUE_HALLUCINATION
docker-group,docker-group,1,codellama7b,False,False,False,TRUE_HALLUCINATION
docker-middleware,docker-middleware,1,gemma,False,False,False,TRUE_HALLUCINATION
docker-user,docker-user,1,codellama7b,False,False,False,TRUE_HALLUCINATION
dojo-esm,dojo-esm,1,codellama7b,False,False,False,TRUE_HALLUCINATION
dom-ains,dom-ains,11,"codellama7b,gemma,gpt_oss,marin,mistral,qwen",False,False,False,TRUE_HALLUCINATION
dom-ast,dom-ast,1,mistral,False,False,False,TRUE_HALLUCINATION
dom-browser,dom-browser,1,mistral,False,False,False,TRUE_HALLUCINATION
dom-browserify,dom-browserify,1,mistral,False,False,False,TRUE_HALLUCINATION
dom-exception,dom-exception,2,codellama7b,False,False,False,TRUE_HALLUCINATION
dom-geometry,dom-geometry,1,mistral,False,False,False,TRUE_HALLUCINATION
dom-parsing,dom-parsing,1,mistral,False,False,False,TRUE_HALLUCINATION
dom-repeat,dom-repeat,1,mistral,False,False,False,TRUE_HALLUCINATION
dom-to-css,dom-to-css,1,mistral,False,False,False,TRUE_HALLUCINATION
dom-to-markdown,dom-to-markdown,3,mistral,False,False,False,TRUE_HALLUCINATION
dom-to-style,dom-to-style,1,mistral,False,False,False,TRUE_HALLUCINATION
dom-to-xml,dom-to-xml,1,mistral,False,False,False,TRUE_HALLUCINATION
dom-traversal,dom-traversal,2,mistral,False,False,False,TRUE_HALLUCINATION
domains-next,domains-next,1,mistral,False,False,False,TRUE_HALLUCINATION
dominant-newline,dominant-newline,1,mistral,False,False,False,TRUE_HALLUCINATION
dot-regex,dot-regex,2,mistral,False,False,False,TRUE_HALLUCINATION
download-git-repo,download-git-repo,2,mistral,False,False,False,TRUE_HALLUCINATION
dpdk-devbind,dpdk-devbind,1,mistral,False,False,False,TRUE_HALLUCINATION
dpdk-js,dpdk-js,1,codellama7b,False,False,False,TRUE_HALLUCINATION
dplyr-js,dplyr-js,1,mistral,False,False,False,TRUE_HALLUCINATION
dpromise,dpromise,1,mistral,False,False,False,TRUE_HALLUCINATION
draft-convert-markdown,draft-convert-markdown,1,mistral,False,False,False,TRUE_HALLUCINATION
draft-js-plugins,draft-js-plugins,2,"codellama7b,mistral",False,False,False,TRUE_HALLUCINATION
draft-js-plugins-buttons,draft-js-plugins-buttons,1,gpt_oss,False,False,False,TRUE_HALLUCINATION
draft-js-plugins-image,draft-js-plugins-image,1,mistral,False,False,False,TRUE_HALLUCINATION
draft-js-plugins-inline-toolbar,draft-js-plugins-inline-toolbar,1,gpt_oss,False,False,False,TRUE_HALLUCINATION
draft-js-plugins-media,draft-js-plugins-media,1,gpt_oss,False,False,False,TRUE_HALLUCINATION
draft-js-plugins-toolbar,draft-js-plugins-toolbar,1,gpt_oss,False,False,False,TRUE_HALLUCINATION
draggable-element,draggable-element,1,qwen,False,False,False,TRUE_HALLUCINATION
dsc-detect,dsc-detect,1,codellama7b,False,False,False,TRUE_HALLUCINATION
dva-office,dva-office,1,codellama7b,False,False,False,TRUE_HALLUCINATION
dynamic-ng-include,dynamic-ng-include,1,mistral,False,False,False,TRUE_HALLUCINATION
dynamic-programming-table,dynamic-programming-table,1,mistral,False,False,False,TRUE_HALLUCINATION
dynamicModule,dynamicModule,1,qwen,False,False,False,TRUE_HALLUCINATION
dynamodb-document,dynamodb-document,1,qwen,False,False,False,TRUE_HALLUCINATION
eas-version-parse,eas-version-parse,1,mistral,False,False,False,TRUE_HALLUCINATION
easing-function-polyfill,easing-function-polyfill,1,mistral,False,False,False,TRUE_HALLUCINATION
easymotion,easymotion,1,mistral,False,False,False,TRUE_HALLUCINATION
easytween,easytween,1,mistral,False,False,False,TRUE_HALLUCINATION
ebml-parser,ebml-parser,1,mistral,False,False,False,TRUE_HALLUCINATION
ecdsa-sig-js,ecdsa-sig-js,1,mistral,False,False,False,TRUE_HALLUCINATION
ecdsa-sig-util,ecdsa-sig-util,1,mistral,False,False,False,TRUE_HALLUCINATION
ecmascript-modules,ecmascript-modules,4,"gpt_oss,marin,mistral",False,False,False,TRUE_HALLUCINATION
ed25519-js,ed25519-js,2,"gemma,mistral",False,False,False,TRUE_HALLUCINATION
edits-distance,edits-distance,1,mistral,False,False,False,TRUE_HALLUCINATION
edmonds-karp,edmonds-karp,1,mistral,False,False,False,TRUE_HALLUCINATION
edn-format,edn-format,1,mistral,False,False,False,TRUE_HALLUCINATION
einsum-js,einsum-js,1,mistral,False,False,False,TRUE_HALLUCINATION
ejs-css,ejs-css,1,codellama7b,False,False,False,TRUE_HALLUCINATION
ejs-includes,ejs-includes,1,codellama7b,False,False,False,TRUE_HALLUCINATION
ejs-render-to-string,ejs-render-to-string,1,mistral,False,False,False,TRUE_HALLUCINATION
elastic-agent,elastic-agent,1,codellama7b,False,False,False,TRUE_HALLUCINATION
elasticsearch-js,elasticsearch-js,2,codellama7b,False,False,False,TRUE_HALLUCINATION
electron-browser-reuse,electron-browser-reuse,1,mistral,False,False,False,TRUE_HALLUCINATION
electron-isomorphic-fetch,electron-isomorphic-fetch,3,codellama7b,False,False,False,TRUE_HALLUCINATION
electron-jquery,electron-jquery,1,codellama7b,False,False,False,TRUE_HALLUCINATION
electron-zip,electron-zip,2,gemma,False,False,False,TRUE_HALLUCINATION
elm-core,elm-core,1,gemma,False,False,False,TRUE_HALLUCINATION
email-parser,email-parser,5,"gemma,marin,mistral",False,False,False,TRUE_HALLUCINATION
ember-adapter-jsonapi,ember-adapter-jsonapi,1,gemma,False,False,False,TRUE_HALLUCINATION
ember-addon,ember-addon,1,marin,False,False,False,TRUE_HALLUCINATION
ember-cli-cache,ember-cli-cache,1,mistral,False,False,False,TRUE_HALLUCINATION
ember-cli-dependency-check,ember-cli-dependency-check,1,mistral,False,False,False,TRUE_HALLUCINATION
ember-cli-deps,ember-cli-deps,1,mistral,False,False,False,TRUE_HALLUCINATION
ember-cli-json-api,ember-cli-json-api,1,mistral,False,False,False,TRUE_HALLUCINATION
ember-cli-metadata,ember-cli-metadata,1,mistral,False,False,False,TRUE_HALLUCINATION
ember-cli-url-loader,ember-cli-url-loader,1,codellama7b,False,False,False,TRUE_HALLUCINATION
ember-cli-version,ember-cli-version,1,qwen,False,False,False,TRUE_HALLUCINATION
ember-comp-layout,ember-comp-layout,1,qwen,False,False,False,TRUE_HALLUCINATION
ember-computed-if,ember-computed-if,1,mistral,False,False,False,TRUE_HALLUCINATION
ember-data-adapter-json-api,ember-data-adapter-json-api,1,marin,False,False,False,TRUE_HALLUCINATION
ember-data-queries,ember-data-queries,1,marin,False,False,False,TRUE_HALLUCINATION
ember-datasource-model,ember-datasource-model,1,mistral,False,False,False,TRUE_HALLUCINATION
ember-google-tag-manager,ember-google-tag-manager,1,mistral,False,False,False,TRUE_HALLUCINATION
ember-hot-reload,ember-hot-reload,1,marin,False,False,False,TRUE_HALLUCINATION
ember-object,ember-object,1,gemma,False,False,False,TRUE_HALLUCINATION
emitter-listener-limit,emitter-listener-limit,2,mistral,False,False,False,TRUE_HALLUCINATION
emitter-on,emitter-on,1,mistral,False,False,False,TRUE_HALLUCINATION
emoji-datasource-unicode,emoji-datasource-unicode,1,mistral,False,False,False,TRUE_HALLUCINATION
emotion-serialize,emotion-serialize,1,mistral,False,False,False,TRUE_HALLUCINATION
emotion-styled-api-wrapper,emotion-styled-api-wrapper,1,mistral,False,False,False,TRUE_HALLUCINATION
emscripten-ffi,emscripten-ffi,1,mistral,False,False,False,TRUE_HALLUCINATION
emscriptenv,emscriptenv,1,marin,False,False,False,TRUE_HALLUCINATION
encodeuri-component,encodeuri-component,2,mistral,False,False,False,TRUE_HALLUCINATION
encoding-detect,encoding-detect,3,"marin,qwen",False,False,False,TRUE_HALLUCINATION
encoding-indexes,encoding-indexes,1,codellama7b,False,False,False,TRUE_HALLUCINATION
end-of-line,end-of-line,2,mistral,False,False,False,TRUE_HALLUCINATION
endian-js,endian-js,1,mistral,False,False,False,TRUE_HALLUCINATION
english-wordlist,english-wordlist,1,qwen,False,False,False,TRUE_HALLUCINATION
entity-encoding,entity-encoding,1,mistral,False,False,False,TRUE_HALLUCINATION
enzyme-adapter-react-17,enzyme-adapter-react-17,1,mistral,False,False,False,TRUE_HALLUCINATION
equirect2cubemap,equirect2cubemap,1,qwen,False,False,False,TRUE_HALLUCINATION
equirectangular-to-cubic,equirectangular-to-cubic,1,mistral,False,False,False,TRUE_HALLUCINATION
error-constructor,error-constructor,2,mistral,False,False,False,TRUE_HALLUCINATION
error-detector,error-detector,1,marin,False,False,False,TRUE_HALLUCINATION
error-js,error-js,1,gemma,False,False,False,TRUE_HALLUCINATION
error-stack-parser-polyfill,error-stack-parser-polyfill,1,mistral,False,False,False,TRUE_HALLUCINATION
errorModule,errorModule,1,codellama7b,False,False,False,TRUE_HALLUCINATION
errors-to-json-schema,errors-to-json-schema,1,mistral,False,False,False,TRUE_HALLUCINATION
es-abstract-enum,es-abstract-enum,1,mistral,False,False,False,TRUE_HALLUCINATION
es-browser-compat-data,es-browser-compat-data,1,mistral,False,False,False,TRUE_HALLUCINATION
es-module,es-module,1,gemma,False,False,False,TRUE_HALLUCINATION
es-module-bundler,es-module-bundler,1,codellama7b,False,False,False,TRUE_HALLUCINATION
es-module-paths,es-module-paths,1,mistral,False,False,False,TRUE_HALLUCINATION
es-module-specifier-resolver,es-module-specifier-resolver,2,mistral,False,False,False,TRUE_HALLUCINATION
es-native-symbol,es-native-symbol,1,mistral,False,False,False,TRUE_HALLUCINATION
es-property-has-own,es-property-has-own,1,mistral,False,False,False,TRUE_HALLUCINATION
es-property-is-extensible,es-property-is-extensible,1,mistral,False,False,False,TRUE_HALLUCINATION
es-shaman,es-shaman,1,mistral,False,False,False,TRUE_HALLUCINATION
es-shim,es-shim,9,mistral,False,False,False,TRUE_HALLUCINATION
es-shims,es-shims,3,mistral,False,False,False,TRUE_HALLUCINATION
es-symbol-define-property,es-symbol-define-property,1,mistral,False,False,False,TRUE_HALLUCINATION
es2015-generator-polyfill,es2015-generator-polyfill,5,"codellama7b,marin,mistral,qwen",False,False,False,TRUE_HALLUCINATION
es2015-generator-utils,es2015-generator-utils,8,"codellama7b,gemma,gpt_oss,marin,mistral,qwen",False,False,False,TRUE_HALLUCINATION
es2015-modules,es2015-modules,1,codellama7b,False,False,False,TRUE_HALLUCINATION
es2015-to-systemjs-plugin,es2015-to-systemjs-plugin,1,codellama7b,False,False,False,TRUE_HALLUCINATION
es2015-to-umd,es2015-to-umd,1,codellama7b,False,False,False,TRUE_HALLUCINATION
es2015toSystemjs,es2015toSystemjs,1,marin,False,False,False,TRUE_HALLUCINATION
es2d,es2d,1,qwen,False,False,False,TRUE_HALLUCINATION
es5-sham,es5-sham,1,mistral,False,False,False,TRUE_HALLUCINATION
es5-to-text,es5-to-text,1,marin,False,False,False,TRUE_HALLUCINATION
es6-class-decorators,es6-class-decorators,1,mistral,False,False,False,TRUE_HALLUCINATION
es6-class-helper,es6-class-helper,4,mistral,False,False,False,TRUE_HALLUCINATION
es6-class-helpers,es6-class-helpers,1,mistral,False,False,False,TRUE_HALLUCINATION
es6-class-inheritance,es6-class-inheritance,2,mistral,False,False,False,TRUE_HALLUCINATION
es6-class-loader,es6-class-loader,1,mistral,False,False,False,TRUE_HALLUCINATION
es6-deep-assign,es6-deep-assign,1,mistral,False,False,False,TRUE_HALLUCINATION
es6-deep-equal,es6-deep-equal,1,mistral,False,False,False,TRUE_HALLUCINATION
es6-deep-get,es6-deep-get,1,mistral,False,False,False,TRUE_HALLUCINATION
es6-deep-merge,es6-deep-merge,2,mistral,False,False,False,TRUE_HALLUCINATION
es6-dom-exception,es6-dom-exception,1,mistral,False,False,False,TRUE_HALLUCINATION
es6-enum-from,es6-enum-from,1,mistral,False,False,False,TRUE_HALLUCINATION
es6-format,es6-format,1,mistral,False,False,False,TRUE_HALLUCINATION
es6-hoist-variables,es6-hoist-variables,1,mistral,False,False,False,TRUE_HALLUCINATION
es6-html-parser,es6-html-parser,1,mistral,False,False,False,TRUE_HALLUCINATION
es6-html-templates,es6-html-templates,1,mistral,False,False,False,TRUE_HALLUCINATION
es6-iterable,es6-iterable,1,mistral,False,False,False,TRUE_HALLUCINATION
es6-module-constants,es6-module-constants,1,mistral,False,False,False,TRUE_HALLUCINATION
es6-module-field-transpiler,es6-module-field-transpiler,1,marin,False,False,False,TRUE_HALLUCINATION
es6-module-utils,es6-module-utils,2,mistral,False,False,False,TRUE_HALLUCINATION
es6-private,es6-private,2,mistral,False,False,False,TRUE_HALLUCINATION
es6-prompt,es6-prompt,1,mistral,False,False,False,TRUE_HALLUCINATION
es6-property,es6-property,3,mistral,False,False,False,TRUE_HALLUCINATION
es6-property-helpers,es6-property-helpers,1,mistral,False,False,False,TRUE_HALLUCINATION
es6-property-naming,es6-property-naming,1,mistral,False,False,False,TRUE_HALLUCINATION
es6-reflect,es6-reflect,1,mistral,False,False,False,TRUE_HALLUCINATION
es6-reflection,es6-reflection,1,mistral,False,False,False,TRUE_HALLUCINATION
es6-semaphore,es6-semaphore,1,mistral,False,False,False,TRUE_HALLUCINATION
es6-semver,es6-semver,1,mistral,False,False,False,TRUE_HALLUCINATION
es6-shuffle,es6-shuffle,3,mistral,False,False,False,TRUE_HALLUCINATION
es6-symbol-sham,es6-symbol-sham,1,mistral,False,False,False,TRUE_HALLUCINATION
es6-symbols,es6-symbols,1,codellama7b,False,False,False,TRUE_HALLUCINATION
es6-to-commonjs,es6-to-commonjs,1,mistral,False,False,False,TRUE_HALLUCINATION
es6-trie,es6-trie,1,mistral,False,False,False,TRUE_HALLUCINATION
esbuild-path-alias-plugin,esbuild-path-alias-plugin,1,codellama7b,False,False,False,TRUE_HALLUCINATION
esbuild-plugin-import-meta-alias,esbuild-plugin-import-meta-alias,1,mistral,False,False,False,TRUE_HALLUCINATION
esbuild-plugin-remove-unused-exports,esbuild-plugin-remove-unused-exports,1,mistral,False,False,False,TRUE_HALLUCINATION
esbuild-plugin-remove-unused-imports,esbuild-plugin-remove-unused-imports,1,mistral,False,False,False,TRUE_HALLUCINATION
eslint-Formatter-react-jsx-beautify,eslint-Formatter-react-jsx-beautify,1,mistral,False,False,False,TRUE_HALLUCINATION
eslint-Loader,eslint-Loader,1,marin,False,False,False,TRUE_HALLUCINATION
eslint-autofix,eslint-autofix,1,codellama7b,False,False,False,TRUE_HALLUCINATION
eslint-code-mirror,eslint-code-mirror,1,mistral,False,False,False,TRUE_HALLUCINATION
eslint-codemirror,eslint-codemirror,1,mistral,False,False,False,TRUE_HALLUCINATION
eslint-compiler,eslint-compiler,1,marin,False,False,False,TRUE_HALLUCINATION
eslint-config-conventional-changelog,eslint-config-conventional-changelog,2,mistral,False,False,False,TRUE_HALLUCINATION
eslint-config-eslint-recommended,eslint-config-eslint-recommended,1,mistral,False,False,False,TRUE_HALLUCINATION
eslint-config-flow,eslint-config-flow,1,mistral,False,False,False,TRUE_HALLUCINATION
eslint-config-multi,eslint-config-multi,1,mistral,False,False,False,TRUE_HALLUCINATION
eslint-config-mystandard,eslint-config-mystandard,1,gpt_oss,False,False,False,TRUE_HALLUCINATION
eslint-config-next-typescript,eslint-config-next-typescript,1,codellama7b,False,False,False,TRUE_HALLUCINATION
eslint-config-nuxt,eslint-config-nuxt,1,mistral,False,False,False,TRUE_HALLUCINATION
eslint-config-react-app-typescript,eslint-config-react-app-typescript,1,codellama7b,False,False,False,TRUE_HALLUCINATION
eslint-config-unimport,eslint-config-unimport,1,mistral,False,False,False,TRUE_HALLUCINATION
eslint-construct,eslint-construct,1,marin,False,False,False,TRUE_HALLUCINATION
eslint-define-rule,eslint-define-rule,1,mistral,False,False,False,TRUE_HALLUCINATION
eslint-engine-worker,eslint-engine-worker,1,mistral,False,False,False,TRUE_HALLUCINATION
eslint-formatter-prettier,eslint-formatter-prettier,1,mistral,False,False,False,TRUE_HALLUCINATION
eslint-lint,eslint-lint,1,marin,False,False,False,TRUE_HALLUCINATION
eslint-matcher,eslint-matcher,1,mistral,False,False,False,TRUE_HALLUCINATION
eslint-parser,eslint-parser,2,"marin,qwen",False,False,False,TRUE_HALLUCINATION
eslint-parser-json,eslint-parser-json,5,"marin,mistral",False,False,False,TRUE_HALLUCINATION
eslint-plugin-angular-naming-conventions,eslint-plugin-angular-naming-conventions,1,codellama7b,False,False,False,TRUE_HALLUCINATION
eslint-plugin-angular-styleguide,eslint-plugin-angular-styleguide,2,marin,False,False,False,TRUE_HALLUCINATION
eslint-plugin-babel-config-naming-convention,eslint-plugin-babel-config-naming-convention,1,mistral,False,False,False,TRUE_HALLUCINATION
eslint-plugin-codemirror,eslint-plugin-codemirror,1,marin,False,False,False,TRUE_HALLUCINATION
eslint-plugin-color-log,eslint-plugin-color-log,1,mistral,False,False,False,TRUE_HALLUCINATION
eslint-plugin-commitlint,eslint-plugin-commitlint,1,mistral,False,False,False,TRUE_HALLUCINATION
eslint-plugin-compiler,eslint-plugin-compiler,1,codellama7b,False,False,False,TRUE_HALLUCINATION
eslint-plugin-configuration,eslint-plugin-configuration,1,marin,False,False,False,TRUE_HALLUCINATION
eslint-plugin-conventional-changelog,eslint-plugin-conventional-changelog,2,mistral,False,False,False,TRUE_HALLUCINATION
eslint-plugin-create,eslint-plugin-create,1,marin,False,False,False,TRUE_HALLUCINATION
eslint-plugin-directive-comment,eslint-plugin-directive-comment,1,marin,False,False,False,TRUE_HALLUCINATION
eslint-plugin-filename-case,eslint-plugin-filename-case,2,mistral,False,False,False,TRUE_HALLUCINATION
eslint-plugin-fixter,eslint-plugin-fixter,1,mistral,False,False,False,TRUE_HALLUCINATION
eslint-plugin-jdoc,eslint-plugin-jdoc,1,marin,False,False,False,TRUE_HALLUCINATION
eslint-plugin-jest-junit,eslint-plugin-jest-junit,2,mistral,False,False,False,TRUE_HALLUCINATION
eslint-plugin-loDash,eslint-plugin-loDash,1,marin,False,False,False,TRUE_HALLUCINATION
eslint-plugin-markdown-code-fences,eslint-plugin-markdown-code-fences,1,mistral,False,False,False,TRUE_HALLUCINATION
eslint-plugin-module6,eslint-plugin-module6,1,marin,False,False,False,TRUE_HALLUCINATION
eslint-plugin-my-alias,eslint-plugin-my-alias,1,mistral,False,False,False,TRUE_HALLUCINATION
eslint-plugin-my-jest-best-practices,eslint-plugin-my-jest-best-practices,1,mistral,False,False,False,TRUE_HALLUCINATION
eslint-plugin-my-rules,eslint-plugin-my-rules,2,mistral,False,False,False,TRUE_HALLUCINATION
eslint-plugin-no-new-objects,eslint-plugin-no-new-objects,1,mistral,False,False,False,TRUE_HALLUCINATION
eslint-plugin-no-unsafe-optional-chaining,eslint-plugin-no-unsafe-optional-chaining,2,"codellama7b,mistral",False,False,False,TRUE_HALLUCINATION
eslint-plugin-no-unsupported-features,eslint-plugin-no-unsupported-features,2,qwen,False,False,False,TRUE_HALLUCINATION
eslint-plugin-no-unused-vars,eslint-plugin-no-unused-vars,1,mistral,False,False,False,TRUE_HALLUCINATION
eslint-plugin-npm-commit-msg,eslint-plugin-npm-commit-msg,1,mistral,False,False,False,TRUE_HALLUCINATION
eslint-plugin-optional-chaining,eslint-plugin-optional-chaining,5,"codellama7b,marin",False,False,False,TRUE_HALLUCINATION
eslint-plugin-pure-comments,eslint-plugin-pure-comments,1,mistral,False,False,False,TRUE_HALLUCINATION
eslint-plugin-react-native-lint,eslint-plugin-react-native-lint,1,gpt_oss,False,False,False,TRUE_HALLUCINATION
eslint-plugin-react-pure-expression,eslint-plugin-react-pure-expression,1,mistral,False,False,False,TRUE_HALLUCINATION
eslint-plugin-reacteslint-plugin-react-hooks,eslint-plugin-reacteslint-plugin-react-hooks,1,marin,False,False,False,TRUE_HALLUCINATION
eslint-plugin-shopware-administration,eslint-plugin-shopware-administration,1,mistral,False,False,False,TRUE_HALLUCINATION
eslint-plugin-shopware-storefront,eslint-plugin-shopware-storefront,1,mistral,False,False,False,TRUE_HALLUCINATION
eslint-plugin-sort-imports,eslint-plugin-sort-imports,1,mistral,False,False,False,TRUE_HALLUCINATION
eslint-plugin-space-before,eslint-plugin-space-before,1,marin,False,False,False,TRUE_HALLUCINATION
eslint-plugin-styleguide,eslint-plugin-styleguide,2,"marin,mistral",False,False,False,TRUE_HALLUCINATION
eslint-plugin-styleguidist,eslint-plugin-styleguidist,1,mistral,False,False,False,TRUE_HALLUCINATION
eslint-plugin-testing-library-angular,eslint-plugin-testing-library-angular,1,codellama7b,False,False,False,TRUE_HALLUCINATION
eslint-plugin-testing-library-appium,eslint-plugin-testing-library-appium,1,codellama7b,False,False,False,TRUE_HALLUCINATION
eslint-plugin-testing-library-ava,eslint-plugin-testing-library-ava,1,codellama7b,False,False,False,TRUE_HALLUCINATION
eslint-plugin-testing-library-azure-devops,eslint-plugin-testing-library-azure-devops,1,codellama7b,False,False,False,TRUE_HALLUCINATION
eslint-plugin-testing-library-behave,eslint-plugin-testing-library-behave,1,codellama7b,False,False,False,TRUE_HALLUCINATION
eslint-plugin-testing-library-bitbucket-pipelines,eslint-plugin-testing-library-bitbucket-pipelines,1,codellama7b,False,False,False,TRUE_HALLUCINATION
eslint-plugin-testing-library-circleci,eslint-plugin-testing-library-circleci,1,codellama7b,False,False,False,TRUE_HALLUCINATION
eslint-plugin-testing-library-codecov,eslint-plugin-testing-library-codecov,1,codellama7b,False,False,False,TRUE_HALLUCINATION
eslint-plugin-testing-library-coverage,eslint-plugin-testing-library-coverage,1,codellama7b,False,False,False,TRUE_HALLUCINATION
eslint-plugin-testing-library-cucumber,eslint-plugin-testing-library-cucumber,1,codellama7b,False,False,False,TRUE_HALLUCINATION
eslint-plugin-testing-library-cypress,eslint-plugin-testing-library-cypress,1,codellama7b,False,False,False,TRUE_HALLUCINATION
eslint-plugin-testing-library-doctest,eslint-plugin-testing-library-doctest,1,codellama7b,False,False,False,TRUE_HALLUCINATION
eslint-plugin-testing-library-dom,eslint-plugin-testing-library-dom,1,codellama7b,False,False,False,TRUE_HALLUCINATION
eslint-plugin-testing-library-gherkin,eslint-plugin-testing-library-gherkin,1,codellama7b,False,False,False,TRUE_HALLUCINATION
eslint-plugin-testing-library-github-actions,eslint-plugin-testing-library-github-actions,1,codellama7b,False,False,False,TRUE_HALLUCINATION
eslint-plugin-testing-library-gitlab-ci,eslint-plugin-testing-library-gitlab-ci,1,codellama7b,False,False,False,TRUE_HALLUCINATION
eslint-plugin-testing-library-jenkins,eslint-plugin-testing-library-jenkins,1,codellama7b,False,False,False,TRUE_HALLUCINATION
eslint-plugin-testing-library-jest,eslint-plugin-testing-library-jest,1,codellama7b,False,False,False,TRUE_HALLUCINATION
eslint-plugin-testing-library-lit,eslint-plugin-testing-library-lit,1,codellama7b,False,False,False,TRUE_HALLUCINATION
eslint-plugin-testing-library-mocha,eslint-plugin-testing-library-mocha,1,codellama7b,False,False,False,TRUE_HALLUCINATION
eslint-plugin-testing-library-nightwatch,eslint-plugin-testing-library-nightwatch,1,codellama7b,False,False,False,TRUE_HALLUCINATION
eslint-plugin-testing-library-playwright,eslint-plugin-testing-library-playwright,1,codellama7b,False,False,False,TRUE_HALLUCINATION
eslint-plugin-testing-library-preact,eslint-plugin-testing-library-preact,1,codellama7b,False,False,False,TRUE_HALLUCINATION
eslint-plugin-testing-library-puppeteer,eslint-plugin-testing-library-puppeteer,1,codellama7b,False,False,False,TRUE_HALLUCINATION
eslint-plugin-testing-library-pytest,eslint-plugin-testing-library-pytest,1,codellama7b,False,False,False,TRUE_HALLUCINATION
eslint-plugin-testing-library-selenium,eslint-plugin-testing-library-selenium,1,codellama7b,False,False,False,TRUE_HALLUCINATION
eslint-plugin-testing-library-solid,eslint-plugin-testing-library-solid,1,codellama7b,False,False,False,TRUE_HALLUCINATION
eslint-plugin-testing-library-svelte,eslint-plugin-testing-library-svelte,1,codellama7b,False,False,False,TRUE_HALLUCINATION
eslint-plugin-testing-library-testcafe,eslint-plugin-testing-library-testcafe,1,codellama7b,False,False,False,TRUE_HALLUCINATION
eslint-plugin-testing-library-tox,eslint-plugin-testing-library-tox,1,codellama7b,False,False,False,TRUE_HALLUCINATION
eslint-plugin-testing-library-travis-ci,eslint-plugin-testing-library-travis-ci,1,codellama7b,False,False,False,TRUE_HALLUCINATION
eslint-plugin-testing-library-unittest,eslint-plugin-testing-library-unittest,1,codellama7b,False,False,False,TRUE_HALLUCINATION
eslint-plugin-testing-library-vue,eslint-plugin-testing-library-vue,1,codellama7b,False,False,False,TRUE_HALLUCINATION
eslint-plugin-transform-class-properties,eslint-plugin-transform-class-properties,1,mistral,False,False,False,TRUE_HALLUCINATION
eslint-plugin-typescript-annotations,eslint-plugin-typescript-annotations,1,mistral,False,False,False,TRUE_HALLUCINATION
eslint-plugin-unified-exports,eslint-plugin-unified-exports,1,mistral,False,False,False,TRUE_HALLUCINATION
eslint-plugin-unsafe-guard,eslint-plugin-unsafe-guard,2,mistral,False,False,False,TRUE_HALLUCINATION
eslint-plugin-unsafe-optional-chaining,eslint-plugin-unsafe-optional-chaining,1,mistral,False,False,False,TRUE_HALLUCINATION
eslint-plugin-unsafe-plus,eslint-plugin-unsafe-plus,1,mistral,False,False,False,TRUE_HALLUCINATION
eslint-plugin-uppercase-keyword,eslint-plugin-uppercase-keyword,1,marin,False,False,False,TRUE_HALLUCINATION
eslint-plugin-webpack,eslint-plugin-webpack,4,"codellama7b,marin,mistral,qwen",False,False,False,TRUE_HALLUCINATION
eslint-plugin-webpack-contrib,eslint-plugin-webpack-contrib,1,mistral,False,False,False,TRUE_HALLUCINATION
eslint-rule,eslint-rule,1,marin,False,False,False,TRUE_HALLUCINATION
eslint-spaces,eslint-spaces,1,mistral,False,False,False,TRUE_HALLUCINATION
eslint-util-is-generator,eslint-util-is-generator,1,mistral,False,False,False,TRUE_HALLUCINATION
eslint-utils-markdown,eslint-utils-markdown,1,mistral,False,False,False,TRUE_HALLUCINATION
eslint-visit,eslint-visit,1,marin,False,False,False,TRUE_HALLUCINATION
eslint-visitor-utils,eslint-visitor-utils,1,mistral,False,False,False,TRUE_HALLUCINATION
eslint-visitors,eslint-visitors,1,marin,False,False,False,TRUE_HALLUCINATION
esm-bundler,esm-bundler,1,codellama7b,False,False,False,TRUE_HALLUCINATION
esm-entry-point-compiler,esm-entry-point-compiler,1,mistral,False,False,False,TRUE_HALLUCINATION
esm-module-bundler,esm-module-bundler,1,mistral,False,False,False,TRUE_HALLUCINATION
esm-polyfill,esm-polyfill,1,marin,False,False,False,TRUE_HALLUCINATION
esm-require-from-string,esm-require-from-string,2,mistral,False,False,False,TRUE_HALLUCINATION
esm-require-map,esm-require-map,1,mistral,False,False,False,TRUE_HALLUCINATION
esm-sh,esm-sh,1,mistral,False,False,False,TRUE_HALLUCINATION
esm-shim,esm-shim,1,mistral,False,False,False,TRUE_HALLUCINATION
esm-to-umd,esm-to-umd,1,codellama7b,False,False,False,TRUE_HALLUCINATION
esm6-transpiler,esm6-transpiler,1,qwen,False,False,False,TRUE_HALLUCINATION
esp32-bluetooth,esp32-bluetooth,1,qwen,False,False,False,TRUE_HALLUCINATION
espr,espr,1,mistral,False,False,False,TRUE_HALLUCINATION
esprima-mangle,esprima-mangle,1,marin,False,False,False,TRUE_HALLUCINATION
esprima-uta,esprima-uta,1,mistral,False,False,False,TRUE_HALLUCINATION
esprima-util,esprima-util,2,mistral,False,False,False,TRUE_HALLUCINATION
esprima-util-traverse,esprima-util-traverse,2,mistral,False,False,False,TRUE_HALLUCINATION
esprima-utils,esprima-utils,11,mistral,False,False,False,TRUE_HALLUCINATION
estgenerate,estgenerate,1,mistral,False,False,False,TRUE_HALLUCINATION
estrange,estrange,1,marin,False,False,False,TRUE_HALLUCINATION
estraverse-transform,estraverse-transform,1,gemma,False,False,False,TRUE_HALLUCINATION
estree,estree,53,"codellama7b,gemma,gpt_oss,marin,mistral,qwen",False,False,False,TRUE_HALLUCINATION
estree-js,estree-js,2,mistral,False,False,False,TRUE_HALLUCINATION
estree-jsx-parser,estree-jsx-parser,3,mistral,False,False,False,TRUE_HALLUCINATION
estree-to-code,estree-to-code,1,gemma,False,False,False,TRUE_HALLUCINATION
estree-traverse,estree-traverse,9,mistral,False,False,False,TRUE_HALLUCINATION
estree-util-has-children,estree-util-has-children,2,mistral,False,False,False,TRUE_HALLUCINATION
estree-util-is,estree-util-is,1,mistral,False,False,False,TRUE_HALLUCINATION
estree-util-is-identifier,estree-util-is-identifier,2,mistral,False,False,False,TRUE_HALLUCINATION
estree-util-plugin,estree-util-plugin,1,mistral,False,False,False,TRUE_HALLUCINATION
estree-util-traverse,estree-util-traverse,1,mistral,False,False,False,TRUE_HALLUCINATION
estree-utilities,estree-utilities,8,mistral,False,False,False,TRUE_HALLUCINATION
estree-visit,estree-visit,2,marin,False,False,False,TRUE_HALLUCINATION
estree-visitor-keys,estree-visitor-keys,1,mistral,False,False,False,TRUE_HALLUCINATION
estring,estring,8,"codellama7b,gemma,marin,mistral,qwen",False,False,False,TRUE_HALLUCINATION
esttraverse,esttraverse,1,mistral,False,False,False,TRUE_HALLUCINATION
esutil,esutil,4,mistral,False,False,False,TRUE_HALLUCINATION
eth-transaction-builder,eth-transaction-builder,1,marin,False,False,False,TRUE_HALLUCINATION
eth-utility-library,eth-utility-library,1,marin,False,False,False,TRUE_HALLUCINATION
ethereum-waffle-coverage,ethereum-waffle-coverage,1,mistral,False,False,False,TRUE_HALLUCINATION
ethereumjs-hdkey,ethereumjs-hdkey,1,mistral,False,False,False,TRUE_HALLUCINATION
ethereumjs-provider,ethereumjs-provider,1,mistral,False,False,False,TRUE_HALLUCINATION
ethereumjs-rpc-provider,ethereumjs-rpc-provider,1,mistral,False,False,False,TRUE_HALLUCINATION
ethereumjs-util-ec,ethereumjs-util-ec,1,mistral,False,False,False,TRUE_HALLUCINATION
ethereumjs-util-ed25519,ethereumjs-util-ed25519,1,mistral,False,False,False,TRUE_HALLUCINATION
ethereumjs-util-keccak256,ethereumjs-util-keccak256,1,mistral,False,False,False,TRUE_HALLUCINATION
ethereumjs-util-secp256k1,ethereumjs-util-secp256k1,1,mistral,False,False,False,TRUE_HALLUCINATION
ethereumjs-util-sha3,ethereumjs-util-sha3,1,mistral,False,False,False,TRUE_HALLUCINATION
etherpad-node,etherpad-node,2,gemma,False,False,False,TRUE_HALLUCINATION
ethers-abi,ethers-abi,2,"marin,mistral",False,False,False,TRUE_HALLUCINATION
ethers-big-number,ethers-big-number,1,mistral,False,False,False,TRUE_HALLUCINATION
ethers.js,ethers.js,1,marin,False,False,False,TRUE_HALLUCINATION
event-clone,event-clone,1,mistral,False,False,False,TRUE_HALLUCINATION
event-listener-once,event-listener-once,1,mistral,False,False,False,TRUE_HALLUCINATION
event-listener-shim,event-listener-shim,2,mistral,False,False,False,TRUE_HALLUCINATION
event-store-util,event-store-util,1,mistral,False,False,False,TRUE_HALLUCINATION
event-stream-json,event-stream-json,1,mistral,False,False,False,TRUE_HALLUCINATION
eventloop-visualizer,eventloop-visualizer,1,mistral,False,False,False,TRUE_HALLUCINATION
events-limit,events-limit,1,mistral,False,False,False,TRUE_HALLUCINATION
events-namespace,events-namespace,1,mistral,False,False,False,TRUE_HALLUCINATION
events-on,events-on,1,mistral,False,False,False,TRUE_HALLUCINATION
events-wildcard,events-wildcard,1,mistral,False,False,False,TRUE_HALLUCINATION
events3,events3,1,gemma,False,False,False,TRUE_HALLUCINATION
eventstream-library,eventstream-library,1,qwen,False,False,False,TRUE_HALLUCINATION
eventstream-serde-node,eventstream-serde-node,9,"codellama7b,gemma,gpt_oss,marin,mistral,qwen",False,False,False,TRUE_HALLUCINATION
example.js,example.js,1,marin,False,False,False,TRUE_HALLUCINATION
exampleModule,exampleModule,4,qwen,False,False,False,TRUE_HALLUCINATION
excel-workbook-manager,excel-workbook-manager,4,"codellama7b,gemma,gpt_oss",False,False,False,TRUE_HALLUCINATION
exclude-folder,exclude-folder,1,codellama7b,False,False,False,TRUE_HALLUCINATION
exclude-from-modules-webpack-plugin,exclude-from-modules-webpack-plugin,1,mistral,False,False,False,TRUE_HALLUCINATION
exclude-glob,exclude-glob,1,mistral,False,False,False,TRUE_HALLUCINATION
exoplayer,exoplayer,3,"mistral,qwen",False,False,False,TRUE_HALLUCINATION
exoplayer-for-android,exoplayer-for-android,1,mistral,False,False,False,TRUE_HALLUCINATION
expo-config,expo-config,3,"codellama7b,mistral",False,False,False,TRUE_HALLUCINATION
expo-modules-platform,expo-modules-platform,1,gemma,False,False,False,TRUE_HALLUCINATION
expo-orientation,expo-orientation,1,mistral,False,False,False,TRUE_HALLUCINATION
expo-react-native-web,expo-react-native-web,1,mistral,False,False,False,TRUE_HALLUCINATION
expo-version-parse,expo-version-parse,2,mistral,False,False,False,TRUE_HALLUCINATION
express-cookie-session,express-cookie-session,1,mistral,False,False,False,TRUE_HALLUCINATION
express-ejs-css,express-ejs-css,1,codellama7b,False,False,False,TRUE_HALLUCINATION
express-errhandler,express-errhandler,1,mistral,False,False,False,TRUE_HALLUCINATION
express-format-html,express-format-html,1,mistral,False,False,False,TRUE_HALLUCINATION
express-github-api,express-github-api,2,mistral,False,False,False,TRUE_HALLUCINATION
express-koa-static,express-koa-static,1,mistral,False,False,False,TRUE_HALLUCINATION
express-koa-template,express-koa-template,1,mistral,False,False,False,TRUE_HALLUCINATION
express-livereload-server,express-livereload-server,1,qwen,False,False,False,TRUE_HALLUCINATION
express-matcher,express-matcher,1,mistral,False,False,False,TRUE_HALLUCINATION
express-moment,express-moment,1,mistral,False,False,False,TRUE_HALLUCINATION
express-popular-libraries,express-popular-libraries,1,codellama7b,False,False,False,TRUE_HALLUCINATION
express-pretty-html,express-pretty-html,1,gpt_oss,False,False,False,TRUE_HALLUCINATION
express-session-sequentialize,express-session-sequentialize,1,mistral,False,False,False,TRUE_HALLUCINATION
express-static-css,express-static-css,1,codellama7b,False,False,False,TRUE_HALLUCINATION
express-static-handler,express-static-handler,1,mistral,False,False,False,TRUE_HALLUCINATION
express-type-safe,express-type-safe,1,codellama7b,False,False,False,TRUE_HALLUCINATION
fabric-scroll-canvas,fabric-scroll-canvas,1,mistral,False,False,False,TRUE_HALLUCINATION
facebook-nodejs-v12,facebook-nodejs-v12,1,mistral,False,False,False,TRUE_HALLUCINATION
facebook-stream,facebook-stream,1,marin,False,False,False,TRUE_HALLUCINATION
factory-fn,factory-fn,1,mistral,False,False,False,TRUE_HALLUCINATION
fake-gps-ios,fake-gps-ios,1,gemma,False,False,False,TRUE_HALLUCINATION
fake-location,fake-location,1,codellama7b,False,False,False,TRUE_HALLUCINATION
fancy-text-parser,fancy-text-parser,1,codellama7b,False,False,False,TRUE_HALLUCINATION
fast-base-decode,fast-base-decode,1,mistral,False,False,False,TRUE_HALLUCINATION
fast-base-encode,fast-base-encode,1,mistral,False,False,False,TRUE_HALLUCINATION
fast-bit-manipulation,fast-bit-manipulation,1,mistral,False,False,False,TRUE_HALLUCINATION
fast-bit-ops,fast-bit-ops,1,mistral,False,False,False,TRUE_HALLUCINATION
fast-color-syntax,fast-color-syntax,1,mistral,False,False,False,TRUE_HALLUCINATION
fast-compare,fast-compare,1,mistral,False,False,False,TRUE_HALLUCINATION
fast-convolution,fast-convolution,1,mistral,False,False,False,TRUE_HALLUCINATION
fast-decision-tree-visualizer,fast-decision-tree-visualizer,1,mistral,False,False,False,TRUE_HALLUCINATION
fast-dom,fast-dom,3,"mistral,qwen",False,False,False,TRUE_HALLUCINATION
fast-float,fast-float,1,mistral,False,False,False,TRUE_HALLUCINATION
fast-gbm,fast-gbm,1,mistral,False,False,False,TRUE_HALLUCINATION
fast-hash,fast-hash,5,mistral,False,False,False,TRUE_HALLUCINATION
fast-hex-encode,fast-hex-encode,1,mistral,False,False,False,TRUE_HALLUCINATION
fast-hex-parse,fast-hex-parse,1,mistral,False,False,False,TRUE_HALLUCINATION
fast-html-stringify,fast-html-stringify,1,qwen,False,False,False,TRUE_HALLUCINATION
fast-js-decimal,fast-js-decimal,1,mistral,False,False,False,TRUE_HALLUCINATION
fast-js-levenshtein,fast-js-levenshtein,1,mistral,False,False,False,TRUE_HALLUCINATION
fast-js-numpy,fast-js-numpy,1,mistral,False,False,False,TRUE_HALLUCINATION
fast-js-ops,fast-js-ops,1,mistral,False,False,False,TRUE_HALLUCINATION
fast-js-utils,fast-js-utils,1,mistral,False,False,False,TRUE_HALLUCINATION
fast-json-encode,fast-json-encode,1,mistral,False,False,False,TRUE_HALLUCINATION
fast-json-file,fast-json-file,4,mistral,False,False,False,TRUE_HALLUCINATION
fast-json-patch-applied,fast-json-patch-applied,1,mistral,False,False,False,TRUE_HALLUCINATION
fast-json-pointer,fast-json-pointer,1,mistral,False,False,False,TRUE_HALLUCINATION
fast-json-rpc,fast-json-rpc,1,mistral,False,False,False,TRUE_HALLUCINATION
fast-json-schema,fast-json-schema,1,gemma,False,False,False,TRUE_HALLUCINATION
fast-json-stable-parse,fast-json-stable-parse,2,mistral,False,False,False,TRUE_HALLUCINATION
fast-json-web-encoder,fast-json-web-encoder,1,mistral,False,False,False,TRUE_HALLUCINATION
fast-json-web-encoders,fast-json-web-encoders,1,mistral,False,False,False,TRUE_HALLUCINATION
fast-jsonschema-runner,fast-jsonschema-runner,1,mistral,False,False,False,TRUE_HALLUCINATION
fast-jsuite,fast-jsuite,1,mistral,False,False,False,TRUE_HALLUCINATION
fast-lazy,fast-lazy,1,mistral,False,False,False,TRUE_HALLUCINATION
fast-line-point,fast-line-point,1,mistral,False,False,False,TRUE_HALLUCINATION
fast-memoize-ignore-first,fast-memoize-ignore-first,1,mistral,False,False,False,TRUE_HALLUCINATION
fast-pow,fast-pow,1,mistral,False,False,False,TRUE_HALLUCINATION
fast-refresh,fast-refresh,1,marin,False,False,False,TRUE_HALLUCINATION
fast-rf,fast-rf,1,mistral,False,False,False,TRUE_HALLUCINATION
fast-safe-encodeurl,fast-safe-encodeurl,1,mistral,False,False,False,TRUE_HALLUCINATION
fast-semaphore,fast-semaphore,1,mistral,False,False,False,TRUE_HALLUCINATION
fast-string,fast-string,1,mistral,False,False,False,TRUE_HALLUCINATION
fast-unique,fast-unique,1,mistral,False,False,False,TRUE_HALLUCINATION
fast-utf8-decode,fast-utf8-decode,1,mistral,False,False,False,TRUE_HALLUCINATION
fast-utf8-encode,fast-utf8-encode,1,mistral,False,False,False,TRUE_HALLUCINATION
fast-utf8-stream,fast-utf8-stream,1,mistral,False,False,False,TRUE_HALLUCINATION
fast-yaml,fast-yaml,1,mistral,False,False,False,TRUE_HALLUCINATION
fastest-knn,fastest-knn,1,mistral,False,False,False,TRUE_HALLUCINATION
fastify-ajv,fastify-ajv,7,"mistral,qwen",False,False,False,TRUE_HALLUCINATION
fastify-auth-jwt,fastify-auth-jwt,1,qwen,False,False,False,TRUE_HALLUCINATION
fastify-bodyparser,fastify-bodyparser,2,mistral,False,False,False,TRUE_HALLUCINATION
fastify-cacheable-request,fastify-cacheable-request,1,gpt_oss,False,False,False,TRUE_HALLUCINATION
fastify-parse,fastify-parse,1,mistral,False,False,False,TRUE_HALLUCINATION
fastify-reply-typebox,fastify-reply-typebox,1,mistral,False,False,False,TRUE_HALLUCINATION
fastify-swagger-ui-extend,fastify-swagger-ui-extend,1,mistral,False,False,False,TRUE_HALLUCINATION
fastify-type-by-action,fastify-type-by-action,1,mistral,False,False,False,TRUE_HALLUCINATION
fastify-type-provider,fastify-type-provider,1,mistral,False,False,False,TRUE_HALLUCINATION
fb303,fb303,1,mistral,False,False,False,TRUE_HALLUCINATION
fe-feature-queries,fe-feature-queries,1,mistral,False,False,False,TRUE_HALLUCINATION
fetch-timeout-polyfill,fetch-timeout-polyfill,1,mistral,False,False,False,TRUE_HALLUCINATION
ffmpeg-executable,ffmpeg-executable,2,mistral,False,False,False,TRUE_HALLUCINATION
ffmpeg-js,ffmpeg-js,1,mistral,False,False,False,TRUE_HALLUCINATION
ffmpeg-metadata,ffmpeg-metadata,1,mistral,False,False,False,TRUE_HALLUCINATION
figfont,figfont,3,"codellama7b,marin",False,False,False,TRUE_HALLUCINATION
figlet-ascii,figlet-ascii,1,mistral,False,False,False,TRUE_HALLUCINATION
filePath,filePath,1,qwen,False,False,False,TRUE_HALLUCINATION
fileSystem,fileSystem,1,qwen,False,False,False,TRUE_HALLUCINATION
filenamemapper,filenamemapper,1,mistral,False,False,False,TRUE_HALLUCINATION
filenoise,filenoise,8,"gemma,gpt_oss,mistral,qwen",False,False,False,TRUE_HALLUCINATION
filereaderjs,filereaderjs,1,mistral,False,False,False,TRUE_HALLUCINATION
finalization-polyfill,finalization-polyfill,1,mistral,False,False,False,TRUE_HALLUCINATION
finalization-registry,finalization-registry,1,codellama7b,False,False,False,TRUE_HALLUCINATION
finalizer-registry,finalizer-registry,1,mistral,False,False,False,TRUE_HALLUCINATION
firebase-messaging-sw,firebase-messaging-sw,1,mistral,False,False,False,TRUE_HALLUCINATION
fixedColumns,fixedColumns,1,codellama7b,False,False,False,TRUE_HALLUCINATION
flagB,flagB,1,mistral,False,False,False,TRUE_HALLUCINATION
flagsmith-js,flagsmith-js,1,codellama7b,False,False,False,TRUE_HALLUCINATION
flask-babel,flask-babel,1,mistral,False,False,False,TRUE_HALLUCINATION
flask-babel-moment,flask-babel-moment,1,mistral,False,False,False,TRUE_HALLUCINATION
flask-node-connect,flask-node-connect,1,mistral,False,False,False,TRUE_HALLUCINATION
flexbugs,flexbugs,1,codellama7b,False,False,False,TRUE_HALLUCINATION
float-comparison,float-comparison,1,mistral,False,False,False,TRUE_HALLUCINATION
flow-ast,flow-ast,3,mistral,False,False,False,TRUE_HALLUCINATION
flow-ast-parser,flow-ast-parser,1,mistral,False,False,False,TRUE_HALLUCINATION
flow-lint,flow-lint,1,codellama7b,False,False,False,TRUE_HALLUCINATION
flow-lint-rule,flow-lint-rule,1,mistral,False,False,False,TRUE_HALLUCINATION
flow-to-ast,flow-to-ast,1,marin,False,False,False,TRUE_HALLUCINATION
flow-typed-ast,flow-typed-ast,1,mistral,False,False,False,TRUE_HALLUCINATION
flow-typed-def,flow-typed-def,1,mistral,False,False,False,TRUE_HALLUCINATION
flow-typed-definitions,flow-typed-definitions,1,mistral,False,False,False,TRUE_HALLUCINATION
flowlib,flowlib,1,marin,False,False,False,TRUE_HALLUCINATION
flutter-driver,flutter-driver,1,marin,False,False,False,TRUE_HALLUCINATION
folium,folium,1,gemma,False,False,False,TRUE_HALLUCINATION
font-kit,font-kit,1,mistral,False,False,False,TRUE_HALLUCINATION
foo.json,foo.json,1,gpt_oss,False,False,False,TRUE_HALLUCINATION
footer.handlebars.js,footer.handlebars.js,1,marin,False,False,False,TRUE_HALLUCINATION
forge-asn1,forge-asn1,1,mistral,False,False,False,TRUE_HALLUCINATION
forge-pem,forge-pem,1,mistral,False,False,False,TRUE_HALLUCINATION
forge-pki,forge-pki,2,mistral,False,False,False,TRUE_HALLUCINATION
forge-scrypt,forge-scrypt,1,mistral,False,False,False,TRUE_HALLUCINATION
format-to-parts,format-to-parts,1,mistral,False,False,False,TRUE_HALLUCINATION
formulaparser,formulaparser,1,mistral,False,False,False,TRUE_HALLUCINATION
foundry-forge,foundry-forge,1,codellama7b,False,False,False,TRUE_HALLUCINATION
frame-magic,frame-magic,1,mistral,False,False,False,TRUE_HALLUCINATION
from-iterable,from-iterable,1,mistral,False,False,False,TRUE_HALLUCINATION
fs-copy-dir,fs-copy-dir,2,qwen,False,False,False,TRUE_HALLUCINATION
fs-crypt,fs-crypt,1,mistral,False,False,False,TRUE_HALLUCINATION
fs-web-stream,fs-web-stream,1,mistral,False,False,False,TRUE_HALLUCINATION
fs_module,fs_module,1,mistral,False,False,False,TRUE_HALLUCINATION
ftp-ssh,ftp-ssh,1,mistral,False,False,False,TRUE_HALLUCINATION
ftplib,ftplib,3,gemma,False,False,False,TRUE_HALLUCINATION
fullcalendar-jquery-ui,fullcalendar-jquery-ui,1,mistral,False,False,False,TRUE_HALLUCINATION
fullstory-client,fullstory-client,1,marin,False,False,False,TRUE_HALLUCINATION
fullstory-sdk,fullstory-sdk,2,codellama7b,False,False,False,TRUE_HALLUCINATION
funcname,funcname,1,mistral,False,False,False,TRUE_HALLUCINATION
function-arguments-to-array,function-arguments-to-array,1,mistral,False,False,False,TRUE_HALLUCINATION
function-promise,function-promise,1,mistral,False,False,False,TRUE_HALLUCINATION
gamlss,gamlss,1,mistral,False,False,False,TRUE_HALLUCINATION
gamlss.js,gamlss.js,1,mistral,False,False,False,TRUE_HALLUCINATION
gc-js,gc-js,1,codellama7b,False,False,False,TRUE_HALLUCINATION
gcp-logging,gcp-logging,3,codellama7b,False,False,False,TRUE_HALLUCINATION
gekko-js,gekko-js,1,qwen,False,False,False,TRUE_HALLUCINATION
gekkojs,gekkojs,1,gemma,False,False,False,TRUE_HALLUCINATION
generator-jasmine-express,generator-jasmine-express,1,mistral,False,False,False,TRUE_HALLUCINATION
generator-my-custom-generator,generator-my-custom-generator,1,gemma,False,False,False,TRUE_HALLUCINATION
gensim,gensim,1,gemma,False,False,False,TRUE_HALLUCINATION
geojson-3,geojson-3,1,mistral,False,False,False,TRUE_HALLUCINATION
geojson-js,geojson-js,1,marin,False,False,False,TRUE_HALLUCINATION
geojson-polygon,geojson-polygon,1,mistral,False,False,False,TRUE_HALLUCINATION
geojson-wkt,geojson-wkt,1,mistral,False,False,False,TRUE_HALLUCINATION
geom-matrix,geom-matrix,1,mistral,False,False,False,TRUE_HALLUCINATION
geom-point,geom-point,1,mistral,False,False,False,TRUE_HALLUCINATION
geom-transform,geom-transform,1,mistral,False,False,False,TRUE_HALLUCINATION
geometry-js,geometry-js,1,mistral,False,False,False,TRUE_HALLUCINATION
geometry-rectangle,geometry-rectangle,1,codellama7b,False,False,False,TRUE_HALLUCINATION
geopandas,geopandas,1,gemma,False,False,False,TRUE_HALLUCINATION
get-device-pixel-ratio,get-device-pixel-ratio,1,mistral,False,False,False,TRUE_HALLUCINATION
get-pixel-color,get-pixel-color,1,codellama7b,False,False,False,TRUE_HALLUCINATION
getsize,getsize,1,mistral,False,False,False,TRUE_HALLUCINATION
getusermedia-extensions,getusermedia-extensions,1,mistral,False,False,False,TRUE_HALLUCINATION
ggsurvfit,ggsurvfit,1,mistral,False,False,False,TRUE_HALLUCINATION
ghc-js,ghc-js,1,mistral,False,False,False,TRUE_HALLUCINATION
gherkin-js,gherkin-js,10,"codellama7b,gemma,marin,qwen",False,False,False,TRUE_HALLUCINATION
gifsize,gifsize,1,mistral,False,False,False,TRUE_HALLUCINATION
giphy-js-client,giphy-js-client,1,gemma,False,False,False,TRUE_HALLUCINATION
gipsicle,gipsicle,1,marin,False,False,False,TRUE_HALLUCINATION
gist-postcss-variables,gist-postcss-variables,1,mistral,False,False,False,TRUE_HALLUCINATION
git-cLI,git-cLI,1,mistral,False,False,False,TRUE_HALLUCINATION
git-count-filemodify,git-count-filemodify,1,mistral,False,False,False,TRUE_HALLUCINATION
git-credential-cache,git-credential-cache,1,codellama7b,False,False,False,TRUE_HALLUCINATION
git-credential-manager,git-credential-manager,1,codellama7b,False,False,False,TRUE_HALLUCINATION
git-delete-remote-hook,git-delete-remote-hook,1,mistral,False,False,False,TRUE_HALLUCINATION
git-graph,git-graph,1,mistral,False,False,False,TRUE_HALLUCINATION
git-mod,git-mod,9,"codellama7b,gemma,gpt_oss,marin,mistral,qwen",False,False,False,TRUE_HALLUCINATION
git-relative-url,git-relative-url,1,codellama7b,False,False,False,TRUE_HALLUCINATION
git-rev-parse,git-rev-parse,1,mistral,False,False,False,TRUE_HALLUCINATION
git2r,git2r,1,mistral,False,False,False,TRUE_HALLUCINATION
github-auth-api,github-auth-api,1,gemma,False,False,False,TRUE_HALLUCINATION
gitignore-glob,gitignore-glob,1,mistral,False,False,False,TRUE_HALLUCINATION
gl-mat,gl-mat,2,mistral,False,False,False,TRUE_HALLUCINATION
gl-texture-array,gl-texture-array,1,mistral,False,False,False,TRUE_HALLUCINATION
gl-vertex-array,gl-vertex-array,1,mistral,False,False,False,TRUE_HALLUCINATION
glfw.js,glfw.js,1,mistral,False,False,False,TRUE_HALLUCINATION
glob-bracket-expansion,glob-bracket-expansion,1,mistral,False,False,False,TRUE_HALLUCINATION
glob-entry,glob-entry,1,mistral,False,False,False,TRUE_HALLUCINATION
glob-find,glob-find,1,mistral,False,False,False,TRUE_HALLUCINATION
glob-fs-pretty,glob-fs-pretty,1,mistral,False,False,False,TRUE_HALLUCINATION
glob-inline,glob-inline,1,mistral,False,False,False,TRUE_HALLUCINATION
global-from-object,global-from-object,1,mistral,False,False,False,TRUE_HALLUCINATION
global-polyfill,global-polyfill,1,mistral,False,False,False,TRUE_HALLUCINATION
globalThis,globalThis,1,codellama7b,False,False,False,TRUE_HALLUCINATION
glsl-debugger,glsl-debugger,1,codellama7b,False,False,False,TRUE_HALLUCINATION
gltf-extensions,gltf-extensions,1,codellama7b,False,False,False,TRUE_HALLUCINATION
gltf-report,gltf-report,1,codellama7b,False,False,False,TRUE_HALLUCINATION
gltf-to-three,gltf-to-three,1,mistral,False,False,False,TRUE_HALLUCINATION
go-tpm,go-tpm,1,qwen,False,False,False,TRUE_HALLUCINATION
google-analytics-measurement-protocol-js,google-analytics-measurement-protocol-js,1,mistral,False,False,False,TRUE_HALLUCINATION
google-analytics-script-tag,google-analytics-script-tag,1,mistral,False,False,False,TRUE_HALLUCINATION
google-api-common-protos,google-api-common-protos,1,mistral,False,False,False,TRUE_HALLUCINATION
google-api-extensions,google-api-extensions,1,gpt_oss,False,False,False,TRUE_HALLUCINATION
google-api-nodejs-client,google-api-nodejs-client,1,mistral,False,False,False,TRUE_HALLUCINATION
google-auth-jwt,google-auth-jwt,1,mistral,False,False,False,TRUE_HALLUCINATION
google-auth-oauth2,google-auth-oauth2,3,mistral,False,False,False,TRUE_HALLUCINATION
google-auth-oauth2-nodejs,google-auth-oauth2-nodejs,1,mistral,False,False,False,TRUE_HALLUCINATION
google-auth-oauthlib,google-auth-oauthlib,1,mistral,False,False,False,TRUE_HALLUCINATION
google-authenticator,google-authenticator,2,"gemma,marin",False,False,False,TRUE_HALLUCINATION
google-cache-age,google-cache-age,2,codellama7b,False,False,False,TRUE_HALLUCINATION
google-cloud-logging-browser,google-cloud-logging-browser,2,mistral,False,False,False,TRUE_HALLUCINATION
google-maps-event-listener,google-maps-event-listener,1,mistral,False,False,False,TRUE_HALLUCINATION
google-maps-js-api-browser,google-maps-js-api-browser,1,gemma,False,False,False,TRUE_HALLUCINATION
google-maps-marker-cluster,google-maps-marker-cluster,1,gemma,False,False,False,TRUE_HALLUCINATION
google-maps-projection,google-maps-projection,1,codellama7b,False,False,False,TRUE_HALLUCINATION
google-maps-protobuf,google-maps-protobuf,1,mistral,False,False,False,TRUE_HALLUCINATION
google-maps-satellite,google-maps-satellite,1,codellama7b,False,False,False,TRUE_HALLUCINATION
google-maps-services-js,google-maps-services-js,1,mistral,False,False,False,TRUE_HALLUCINATION
google-maps-styled-markers,google-maps-styled-markers,1,gemma,False,False,False,TRUE_HALLUCINATION
google-maps-utils,google-maps-utils,1,codellama7b,False,False,False,TRUE_HALLUCINATION
google-play-inapp-purchases-plugin,google-play-inapp-purchases-plugin,1,mistral,False,False,False,TRUE_HALLUCINATION
google-promise-pool,google-promise-pool,1,mistral,False,False,False,TRUE_HALLUCINATION
google_maps_flutter,google_maps_flutter,2,gemma,False,False,False,TRUE_HALLUCINATION
googles-url,googles-url,1,codellama7b,False,False,False,TRUE_HALLUCINATION
govuk-notify,govuk-notify,2,gemma,False,False,False,TRUE_HALLUCINATION
grafana-embed,grafana-embed,1,codellama7b,False,False,False,TRUE_HALLUCINATION
grammar-base,grammar-base,1,mistral,False,False,False,TRUE_HALLUCINATION
graph-theory,graph-theory,2,codellama7b,False,False,False,TRUE_HALLUCINATION
graph-traversal,graph-traversal,3,mistral,False,False,False,TRUE_HALLUCINATION
graphql-iso-validator,graphql-iso-validator,1,marin,False,False,False,TRUE_HALLUCINATION
graphql-js,graphql-js,2,"codellama7b,marin",False,False,False,TRUE_HALLUCINATION
graphql-js-tag,graphql-js-tag,5,"codellama7b,marin",False,False,False,TRUE_HALLUCINATION
graphql-jsonschema,graphql-jsonschema,11,"codellama7b,gemma,gpt_oss,marin,mistral",False,False,False,TRUE_HALLUCINATION
graphql-scalars-types-url,graphql-scalars-types-url,1,mistral,False,False,False,TRUE_HALLUCINATION
graphql-scalars-util,graphql-scalars-util,1,mistral,False,False,False,TRUE_HALLUCINATION
graphql-tags,graphql-tags,1,mistral,False,False,False,TRUE_HALLUCINATION
graphql-type-int,graphql-type-int,1,mistral,False,False,False,TRUE_HALLUCINATION
graphql-yoga-resolvers,graphql-yoga-resolvers,1,marin,False,False,False,TRUE_HALLUCINATION
graphql-yoga-type-graphql,graphql-yoga-type-graphql,1,marin,False,False,False,TRUE_HALLUCINATION
graphviz-js,graphviz-js,1,gemma,False,False,False,TRUE_HALLUCINATION
grpc-tools-plugin,grpc-tools-plugin,2,mistral,False,False,False,TRUE_HALLUCINATION
grunt-contrib-clean-css,grunt-contrib-clean-css,1,qwen,False,False,False,TRUE_HALLUCINATION
grunt-contrib-copy-recursive,grunt-contrib-copy-recursive,1,mistral,False,False,False,TRUE_HALLUCINATION
grunt-contrib-mkdirp,grunt-contrib-mkdirp,1,qwen,False,False,False,TRUE_HALLUCINATION
grunt-directory-scanner,grunt-directory-scanner,1,codellama7b,False,False,False,TRUE_HALLUCINATION
grunt-dynamic-tasks,grunt-dynamic-tasks,1,codellama7b,False,False,False,TRUE_HALLUCINATION
grunt-file-copy-recursive,grunt-file-copy-recursive,1,mistral,False,False,False,TRUE_HALLUCINATION
grunt-imagemin,grunt-imagemin,1,marin,False,False,False,TRUE_HALLUCINATION
grunt-task-creator,grunt-task-creator,1,codellama7b,False,False,False,TRUE_HALLUCINATION
grunt-uglify,grunt-uglify,4,"marin,mistral",False,False,False,TRUE_HALLUCINATION
gsyml,gsyml,1,mistral,False,False,False,TRUE_HALLUCINATION
gtm-config,gtm-config,1,codellama7b,False,False,False,TRUE_HALLUCINATION
gulp-add-header,gulp-add-header,1,mistral,False,False,False,TRUE_HALLUCINATION
gulp-concurrent,gulp-concurrent,1,mistral,False,False,False,TRUE_HALLUCINATION
gulp-cp,gulp-cp,1,qwen,False,False,False,TRUE_HALLUCINATION
gulp-css-extract,gulp-css-extract,2,"gemma,mistral",False,False,False,TRUE_HALLUCINATION
gulp-directory,gulp-directory,1,qwen,False,False,False,TRUE_HALLUCINATION
gulp-glob,gulp-glob,3,mistral,False,False,False,TRUE_HALLUCINATION
gulp-gutil,gulp-gutil,2,marin,False,False,False,TRUE_HALLUCINATION
gulp-inject-styles,gulp-inject-styles,1,qwen,False,False,False,TRUE_HALLUCINATION
gulp-logging,gulp-logging,1,marin,False,False,False,TRUE_HALLUCINATION
gulp-newer-copy,gulp-newer-copy,1,mistral,False,False,False,TRUE_HALLUCINATION
gulp-newline,gulp-newline,1,mistral,False,False,False,TRUE_HALLUCINATION
gulp-order-files,gulp-order-files,1,mistral,False,False,False,TRUE_HALLUCINATION
gulp-parallel,gulp-parallel,3,"codellama7b,mistral,qwen",False,False,False,TRUE_HALLUCINATION
gulp-revmanifest-legacy,gulp-revmanifest-legacy,1,mistral,False,False,False,TRUE_HALLUCINATION
gulp-sass-watch,gulp-sass-watch,1,marin,False,False,False,TRUE_HALLUCINATION
gulp-uglify-es,gulp-uglify-es,1,qwen,False,False,False,TRUE_HALLUCINATION
gulp-vinyl-buffer,gulp-vinyl-buffer,1,mistral,False,False,False,TRUE_HALLUCINATION
gulp-vinyl-source,gulp-vinyl-source,1,mistral,False,False,False,TRUE_HALLUCINATION
h5py,h5py,1,qwen,False,False,False,TRUE_HALLUCINATION
hadoop-client,hadoop-client,1,qwen,False,False,False,TRUE_HALLUCINATION
handle-wrap,handle-wrap,3,"gemma,mistral",False,False,False,TRUE_HALLUCINATION
handleErrors,handleErrors,1,mistral,False,False,False,TRUE_HALLUCINATION
handlebars-safe,handlebars-safe,1,marin,False,False,False,TRUE_HALLUCINATION
handlebars-template-engine,handlebars-template-engine,1,mistral,False,False,False,TRUE_HALLUCINATION
handlebars-webpack,handlebars-webpack,1,mistral,False,False,False,TRUE_HALLUCINATION
handlebars.js,handlebars.js,2,marin,False,False,False,TRUE_HALLUCINATION
handlewrap,handlewrap,1,marin,False,False,False,TRUE_HALLUCINATION
happy-https,happy-https,1,mistral,False,False,False,TRUE_HALLUCINATION
hard-source-require,hard-source-require,1,mistral,False,False,False,TRUE_HALLUCINATION
hardhat-chai-ethers,hardhat-chai-ethers,1,mistral,False,False,False,TRUE_HALLUCINATION
hardhat-plugin-ethers,hardhat-plugin-ethers,1,qwen,False,False,False,TRUE_HALLUCINATION
haskell-js,haskell-js,1,mistral,False,False,False,TRUE_HALLUCINATION
haskell-platform,haskell-platform,1,mistral,False,False,False,TRUE_HALLUCINATION
hast-parser,hast-parser,1,mistral,False,False,False,TRUE_HALLUCINATION
hast-to-babel-ast,hast-to-babel-ast,1,codellama7b,False,False,False,TRUE_HALLUCINATION
hast-traverse,hast-traverse,1,qwen,False,False,False,TRUE_HALLUCINATION
hast-util,hast-util,9,"codellama7b,gemma,mistral,qwen",False,False,False,TRUE_HALLUCINATION
hast-util-create,hast-util-create,3,marin,False,False,False,TRUE_HALLUCINATION
hast-util-parse,hast-util-parse,1,marin,False,False,False,TRUE_HALLUCINATION
hast-util-parser,hast-util-parser,2,marin,False,False,False,TRUE_HALLUCINATION
hast-util-to-hast,hast-util-to-hast,1,mistral,False,False,False,TRUE_HALLUCINATION
hast-util-to-jsx,hast-util-to-jsx,4,"mistral,qwen",False,False,False,TRUE_HALLUCINATION
hast-util-to-react,hast-util-to-react,2,mistral,False,False,False,TRUE_HALLUCINATION
hast-util-to-vfile,hast-util-to-vfile,1,mistral,False,False,False,TRUE_HALLUCINATION
hast-util-transform,hast-util-transform,3,"marin,qwen",False,False,False,TRUE_HALLUCINATION
hast-util-transform-to-hast,hast-util-transform-to-hast,1,marin,False,False,False,TRUE_HALLUCINATION
hast-util-visit,hast-util-visit,3,"marin,mistral",False,False,False,TRUE_HALLUCINATION
hast-utilities,hast-utilities,8,"gemma,gpt_oss,marin,qwen",False,False,False,TRUE_HALLUCINATION
haste-map,haste-map,1,mistral,False,False,False,TRUE_HALLUCINATION
hbs-compiler,hbs-compiler,1,mistral,False,False,False,TRUE_HALLUCINATION
hdbtable,hdbtable,1,gemma,False,False,False,TRUE_HALLUCINATION
hdrhistogram,hdrhistogram,2,"marin,mistral",False,False,False,TRUE_HALLUCINATION
header.handlebars.js,header.handlebars.js,1,marin,False,False,False,TRUE_HALLUCINATION
heapdump-analyzer,heapdump-analyzer,1,qwen,False,False,False,TRUE_HALLUCINATION
hedera-eth-sdk-solidity,hedera-eth-sdk-solidity,1,marin,False,False,False,TRUE_HALLUCINATION
hedera-evm-sdk,hedera-evm-sdk,1,mistral,False,False,False,TRUE_HALLUCINATION
heic-js,heic-js,2,mistral,False,False,False,TRUE_HALLUCINATION
heif-js,heif-js,1,qwen,False,False,False,TRUE_HALLUCINATION
helmet-async,helmet-async,1,mistral,False,False,False,TRUE_HALLUCINATION
helmet-favicon,helmet-favicon,1,mistral,False,False,False,TRUE_HALLUCINATION
helmet-frameguard,helmet-frameguard,1,mistral,False,False,False,TRUE_HALLUCINATION
helmet-hsts-expiry,helmet-hsts-expiry,1,mistral,False,False,False,TRUE_HALLUCINATION
helmet-integrity,helmet-integrity,1,mistral,False,False,False,TRUE_HALLUCINATION
helmet-no-cache,helmet-no-cache,1,mistral,False,False,False,TRUE_HALLUCINATION
helmet-referrer-policy,helmet-referrer-policy,1,mistral,False,False,False,TRUE_HALLUCINATION
helmet-script-integrity,helmet-script-integrity,1,codellama7b,False,False,False,TRUE_HALLUCINATION
helmet-xss-filter,helmet-xss-filter,1,mistral,False,False,False,TRUE_HALLUCINATION
hermes-chrome-trace,hermes-chrome-trace,2,codellama7b,False,False,False,TRUE_HALLUCINATION
hex-js,hex-js,1,codellama7b,False,False,False,TRUE_HALLUCINATION
hex-to-integer,hex-to-integer,2,mistral,False,False,False,TRUE_HALLUCINATION
hex2a,hex2a,1,mistral,False,False,False,TRUE_HALLUCINATION
hex2abb,hex2abb,1,mistral,False,False,False,TRUE_HALLUCINATION
hibp-session-cookie-csrf,hibp-session-cookie-csrf,1,mistral,False,False,False,TRUE_HALLUCINATION
highcharts-data-grouping,highcharts-data-grouping,1,codellama7b,False,False,False,TRUE_HALLUCINATION
highcharts-modules,highcharts-modules,1,marin,False,False,False,TRUE_HALLUCINATION
highcharts-no-conflict,highcharts-no-conflict,1,mistral,False,False,False,TRUE_HALLUCINATION
highcharts-react-wrapper,highcharts-react-wrapper,1,codellama7b,False,False,False,TRUE_HALLUCINATION
highcharts-time,highcharts-time,1,codellama7b,False,False,False,TRUE_HALLUCINATION
highcharts-types,highcharts-types,1,mistral,False,False,False,TRUE_HALLUCINATION
highcharts-util-draggable,highcharts-util-draggable,1,mistral,False,False,False,TRUE_HALLUCINATION
highcharts-vue,highcharts-vue,1,codellama7b,False,False,False,TRUE_HALLUCINATION
highmaps,highmaps,1,codellama7b,False,False,False,TRUE_HALLUCINATION
highstock,highstock,1,codellama7b,False,False,False,TRUE_HALLUCINATION
history-push-state,history-push-state,2,mistral,False,False,False,TRUE_HALLUCINATION
hive-spark,hive-spark,1,mistral,False,False,False,TRUE_HALLUCINATION
hmac-sha256,hmac-sha256,1,mistral,False,False,False,TRUE_HALLUCINATION
hmr-vue,hmr-vue,1,marin,False,False,False,TRUE_HALLUCINATION
hot-pepper-webpack-plugin,hot-pepper-webpack-plugin,1,gemma,False,False,False,TRUE_HALLUCINATION
hsl-color-palette,hsl-color-palette,1,mistral,False,False,False,TRUE_HALLUCINATION
hsm-client,hsm-client,1,mistral,False,False,False,TRUE_HALLUCINATION
hstore-js,hstore-js,1,qwen,False,False,False,TRUE_HALLUCINATION
htaccess-to-js,htaccess-to-js,1,mistral,False,False,False,TRUE_HALLUCINATION
html-ansi,html-ansi,13,"codellama7b,mistral,qwen",False,False,False,TRUE_HALLUCINATION
html-ansicolor,html-ansicolor,2,marin,False,False,False,TRUE_HALLUCINATION
html-ansti,html-ansti,4,"gpt_oss,marin",False,False,False,TRUE_HALLUCINATION
html-canvas-element,html-canvas-element,1,qwen,False,False,False,TRUE_HALLUCINATION
html-image-tag,html-image-tag,1,mistral,False,False,False,TRUE_HALLUCINATION
html-include-assets-plugin,html-include-assets-plugin,1,codellama7b,False,False,False,TRUE_HALLUCINATION
html-include-assets-webpack-plugin,html-include-assets-webpack-plugin,1,codellama7b,False,False,False,TRUE_HALLUCINATION
html-parser-node,html-parser-node,1,mistral,False,False,False,TRUE_HALLUCINATION
html-svg-shim,html-svg-shim,1,mistral,False,False,False,TRUE_HALLUCINATION
html-to-pdfkit,html-to-pdfkit,1,qwen,False,False,False,TRUE_HALLUCINATION
html-to-xml,html-to-xml,1,qwen,False,False,False,TRUE_HALLUCINATION
html.parser,html.parser,2,marin,False,False,False,TRUE_HALLUCINATION
html2svg2,html2svg2,1,marin,False,False,False,TRUE_HALLUCINATION
html5-drag-and-drop-files,html5-drag-and-drop-files,1,mistral,False,False,False,TRUE_HALLUCINATION
html5-filesystem,html5-filesystem,1,codellama7b,False,False,False,TRUE_HALLUCINATION
htmlansi,htmlansi,1,qwen,False,False,False,TRUE_HALLUCINATION
http-client-in-memory-web-api,http-client-in-memory-web-api,2,marin,False,False,False,TRUE_HALLUCINATION
http-keepalive,http-keepalive,1,mistral,False,False,False,TRUE_HALLUCINATION
http-proxy-auto-index,http-proxy-auto-index,1,marin,False,False,False,TRUE_HALLUCINATION
http-proxy-middlewares,http-proxy-middlewares,1,mistral,False,False,False,TRUE_HALLUCINATION
http-server-bundle,http-server-bundle,1,qwen,False,False,False,TRUE_HALLUCINATION
http-ssl,http-ssl,2,mistral,False,False,False,TRUE_HALLUCINATION
http_proxy,http_proxy,1,marin,False,False,False,TRUE_HALLUCINATION
human-time-format,human-time-format,1,mistral,False,False,False,TRUE_HALLUCINATION
humanize-size,humanize-size,1,mistral,False,False,False,TRUE_HALLUCINATION
hyphenjs,hyphenjs,1,mistral,False,False,False,TRUE_HALLUCINATION
hytm,hytm,1,mistral,False,False,False,TRUE_HALLUCINATION
i18n-abbreviated-locale,i18n-abbreviated-locale,1,mistral,False,False,False,TRUE_HALLUCINATION
i18n-plugin-plural-forms,i18n-plugin-plural-forms,1,mistral,False,False,False,TRUE_HALLUCINATION
i18n-plugin-plural-rules,i18n-plugin-plural-rules,1,mistral,False,False,False,TRUE_HALLUCINATION
i18n-plural,i18n-plural,1,mistral,False,False,False,TRUE_HALLUCINATION
i18n-plural-rules,i18n-plural-rules,1,mistral,False,False,False,TRUE_HALLUCINATION
i18next-backend-fs,i18next-backend-fs,2,mistral,False,False,False,TRUE_HALLUCINATION
i18next-backend-jsonfile,i18next-backend-jsonfile,1,mistral,False,False,False,TRUE_HALLUCINATION
i18next-browser-sdk,i18next-browser-sdk,2,mistral,False,False,False,TRUE_HALLUCINATION
i18next-iso-languagesdata,i18next-iso-languagesdata,1,mistral,False,False,False,TRUE_HALLUCINATION
i18next-node-fs-loader,i18next-node-fs-loader,1,mistral,False,False,False,TRUE_HALLUCINATION
i18next-spring-loader,i18next-spring-loader,1,mistral,False,False,False,TRUE_HALLUCINATION
i18next-sync-front-loader,i18next-sync-front-loader,1,mistral,False,False,False,TRUE_HALLUCINATION
i18next-vscode-ws-backend,i18next-vscode-ws-backend,1,mistral,False,False,False,TRUE_HALLUCINATION
iPhoneXComponentLibrary,iPhoneXComponentLibrary,1,mistral,False,False,False,TRUE_HALLUCINATION
iam-client,iam-client,1,gpt_oss,False,False,False,TRUE_HALLUCINATION
iana-language-subtag,iana-language-subtag,1,mistral,False,False,False,TRUE_HALLUCINATION
iana-language-tag,iana-language-tag,11,"codellama7b,gemma,gpt_oss,marin,mistral,qwen",False,False,False,TRUE_HALLUCINATION
ibm-cloud-sdk,ibm-cloud-sdk,2,"codellama7b,gemma",False,False,False,TRUE_HALLUCINATION
ibm-cloud-sdk-mongodb,ibm-cloud-sdk-mongodb,2,mistral,False,False,False,TRUE_HALLUCINATION
ibm-sdk-core,ibm-sdk-core,2,mistral,False,False,False,TRUE_HALLUCINATION
ibm_cloud,ibm_cloud,2,codellama7b,False,False,False,TRUE_HALLUCINATION
ibmcloud-sdk-core,ibmcloud-sdk-core,1,qwen,False,False,False,TRUE_HALLUCINATION
icann-bidi,icann-bidi,1,mistral,False,False,False,TRUE_HALLUCINATION
icon-pack-name,icon-pack-name,1,qwen,False,False,False,TRUE_HALLUCINATION
iconify-js,iconify-js,2,mistral,False,False,False,TRUE_HALLUCINATION
icu-js,icu-js,8,"codellama7b,gemma,gpt_oss,marin,mistral,qwen",False,False,False,TRUE_HALLUCINATION
icu-message-formatters,icu-message-formatters,1,marin,False,False,False,TRUE_HALLUCINATION
icu-trie,icu-trie,5,"marin,mistral",False,False,False,TRUE_HALLUCINATION
icu4j,icu4j,1,mistral,False,False,False,TRUE_HALLUCINATION
icu4js,icu4js,1,mistral,False,False,False,TRUE_HALLUCINATION
icujs,icujs,1,qwen,False,False,False,TRUE_HALLUCINATION
idna-js,idna-js,1,gemma,False,False,False,TRUE_HALLUCINATION
idna-utf8,idna-utf8,1,qwen,False,False,False,TRUE_HALLUCINATION
iframe-events,iframe-events,1,codellama7b,False,False,False,TRUE_HALLUCINATION
iframe-onload,iframe-onload,1,codellama7b,False,False,False,TRUE_HALLUCINATION
ignore-err,ignore-err,1,mistral,False,False,False,TRUE_HALLUCINATION
igraph.js,igraph.js,5,mistral,False,False,False,TRUE_HALLUCINATION
image-compare-library,image-compare-library,1,gemma,False,False,False,TRUE_HALLUCINATION
image-minimizer-loader,image-minimizer-loader,1,qwen,False,False,False,TRUE_HALLUCINATION
image-save,image-save,1,codellama7b,False,False,False,TRUE_HALLUCINATION
imagemin-bmp,imagemin-bmp,1,marin,False,False,False,TRUE_HALLUCINATION
imagemin-gd,imagemin-gd,1,marin,False,False,False,TRUE_HALLUCINATION
imagemin-gif,imagemin-gif,1,mistral,False,False,False,TRUE_HALLUCINATION
imagemin-gif-anim,imagemin-gif-anim,1,marin,False,False,False,TRUE_HALLUCINATION
imagemin-jpeg,imagemin-jpeg,1,marin,False,False,False,TRUE_HALLUCINATION
imagemin-jpeg-reimager,imagemin-jpeg-reimager,1,gemma,False,False,False,TRUE_HALLUCINATION
imagemin-pegjs,imagemin-pegjs,1,marin,False,False,False,TRUE_HALLUCINATION
imagemin-psi,imagemin-psi,1,marin,False,False,False,TRUE_HALLUCINATION
imagemin-tiff,imagemin-tiff,1,marin,False,False,False,TRUE_HALLUCINATION
immutable-bst,immutable-bst,1,mistral,False,False,False,TRUE_HALLUCINATION
implicit-globals,implicit-globals,1,marin,False,False,False,TRUE_HALLUCINATION
import-meta-assert,import-meta-assert,1,mistral,False,False,False,TRUE_HALLUCINATION
indexeddb-store,indexeddb-store,1,codellama7b,False,False,False,TRUE_HALLUCINATION
indy-ftp,indy-ftp,1,codellama7b,False,False,False,TRUE_HALLUCINATION
inet-ntoa,inet-ntoa,1,mistral,False,False,False,TRUE_HALLUCINATION
inflect.js,inflect.js,1,mistral,False,False,False,TRUE_HALLUCINATION
inno-db,inno-db,15,"codellama7b,gemma,gpt_oss,marin,mistral,qwen",False,False,False,TRUE_HALLUCINATION
inotify-native,inotify-native,1,mistral,False,False,False,TRUE_HALLUCINATION
inotify-watch,inotify-watch,1,gemma,False,False,False,TRUE_HALLUCINATION
inputs-team-select,inputs-team-select,1,gemma,False,False,False,TRUE_HALLUCINATION
inspect-browser,inspect-browser,1,mistral,False,False,False,TRUE_HALLUCINATION
int32-array-buffer,int32-array-buffer,2,mistral,False,False,False,TRUE_HALLUCINATION
int32-arraybuffer,int32-arraybuffer,2,mistral,False,False,False,TRUE_HALLUCINATION
integer-to-hex,integer-to-hex,2,mistral,False,False,False,TRUE_HALLUCINATION
intel-avx2,intel-avx2,1,mistral,False,False,False,TRUE_HALLUCINATION
intersect-js,intersect-js,1,mistral,False,False,False,TRUE_HALLUCINATION
intersect-point-with-viewport,intersect-point-with-viewport,1,mistral,False,False,False,TRUE_HALLUCINATION
intersection-detection,intersection-detection,1,codellama7b,False,False,False,TRUE_HALLUCINATION
intl-date-format-js,intl-date-format-js,1,mistral,False,False,False,TRUE_HALLUCINATION
intl-js,intl-js,1,gemma,False,False,False,TRUE_HALLUCINATION
intl-locale-data,intl-locale-data,4,mistral,False,False,False,TRUE_HALLUCINATION
intl-locale-matcher-polyfill,intl-locale-matcher-polyfill,1,mistral,False,False,False,TRUE_HALLUCINATION
intl-normalize,intl-normalize,1,mistral,False,False,False,TRUE_HALLUCINATION
intl-number-format,intl-number-format,4,mistral,False,False,False,TRUE_HALLUCINATION
intl-relative-time,intl-relative-time,1,marin,False,False,False,TRUE_HALLUCINATION
intl-unicode,intl-unicode,2,mistral,False,False,False,TRUE_HALLUCINATION
intl-unicode-property-value,intl-unicode-property-value,1,mistral,False,False,False,TRUE_HALLUCINATION
intl.datetimeformat,intl.datetimeformat,2,mistral,False,False,False,TRUE_HALLUCINATION
inttypes,inttypes,1,mistral,False,False,False,TRUE_HALLUCINATION
invalid-es6-module,invalid-es6-module,8,"codellama7b,gemma,gpt_oss,marin,mistral,qwen",False,False,False,TRUE_HALLUCINATION
invalid-import,invalid-import,1,qwen,False,False,False,TRUE_HALLUCINATION
io-socket-async,io-socket-async,1,qwen,False,False,False,TRUE_HALLUCINATION
ioredis-redisjson,ioredis-redisjson,2,marin,False,False,False,TRUE_HALLUCINATION
iotdb-js-client,iotdb-js-client,1,mistral,False,False,False,TRUE_HALLUCINATION
ip-arithmetic,ip-arithmetic,1,mistral,False,False,False,TRUE_HALLUCINATION
iphone-x-react-native-lib,iphone-x-react-native-lib,1,gpt_oss,False,False,False,TRUE_HALLUCINATION
is-arraybuffer,is-arraybuffer,2,codellama7b,False,False,False,TRUE_HALLUCINATION
is-binary-file,is-binary-file,1,mistral,False,False,False,TRUE_HALLUCINATION
is-full-width,is-full-width,1,mistral,False,False,False,TRUE_HALLUCINATION
is-text,is-text,2,marin,False,False,False,TRUE_HALLUCINATION
is-tty,is-tty,1,mistral,False,False,False,TRUE_HALLUCINATION
isbinaryjs,isbinaryjs,1,marin,False,False,False,TRUE_HALLUCINATION
isotope-istanbul,isotope-istanbul,1,marin,False,False,False,TRUE_HALLUCINATION
isotope-karma,isotope-karma,1,marin,False,False,False,TRUE_HALLUCINATION
isotope-karma-isolate,isotope-karma-isolate,1,marin,False,False,False,TRUE_HALLUCINATION
istanbul-cjs,istanbul-cjs,2,gemma,False,False,False,TRUE_HALLUCINATION
istanbul-cli,istanbul-cli,1,mistral,False,False,False,TRUE_HALLUCINATION
istanbul-cli-runner,istanbul-cli-runner,2,mistral,False,False,False,TRUE_HALLUCINATION
istanbul-cobertura-reporter,istanbul-cobertura-reporter,1,mistral,False,False,False,TRUE_HALLUCINATION
istanbul-converter,istanbul-converter,10,"codellama7b,gemma,gpt_oss,marin,mistral,qwen",False,False,False,TRUE_HALLUCINATION
istanbul-instrumenter-babel,istanbul-instrumenter-babel,4,"codellama7b,gemma,marin",False,False,False,TRUE_HALLUCINATION
istanbul-instrumenter-node,istanbul-instrumenter-node,1,gemma,False,False,False,TRUE_HALLUCINATION
istanbul-instrumenter-v8,istanbul-instrumenter-v8,1,mistral,False,False,False,TRUE_HALLUCINATION
istanbul-instrumenter-webpack-plugin,istanbul-instrumenter-webpack-plugin,2,gemma,False,False,False,TRUE_HALLUCINATION
istanbul-lcov-reporter,istanbul-lcov-reporter,2,mistral,False,False,False,TRUE_HALLUCINATION
istanbul-lib-build,istanbul-lib-build,1,mistral,False,False,False,TRUE_HALLUCINATION
istanbul-lib-merge,istanbul-lib-merge,1,qwen,False,False,False,TRUE_HALLUCINATION
istanbul-lib-reporters,istanbul-lib-reporters,1,mistral,False,False,False,TRUE_HALLUCINATION
istanbul-merge-reporter,istanbul-merge-reporter,1,marin,False,False,False,TRUE_HALLUCINATION
istanbul-merge-reporters,istanbul-merge-reporters,1,mistral,False,False,False,TRUE_HALLUCINATION
istanbul-mocha,istanbul-mocha,2,mistral,False,False,False,TRUE_HALLUCINATION
istanbul-report,istanbul-report,2,"gemma,marin",False,False,False,TRUE_HALLUCINATION
istanbul-report-terminal,istanbul-report-terminal,1,marin,False,False,False,TRUE_HALLUCINATION
istanbul-reporter,istanbul-reporter,2,"gemma,marin",False,False,False,TRUE_HALLUCINATION
istanbul-reporters,istanbul-reporters,3,"marin,mistral",False,False,False,TRUE_HALLUCINATION
istanbul-reports-cobertura,istanbul-reports-cobertura,1,mistral,False,False,False,TRUE_HALLUCINATION
istanbul-webpack-plugin,istanbul-webpack-plugin,3,mistral,False,False,False,TRUE_HALLUCINATION
istanbuljs-webpack-plugin,istanbuljs-webpack-plugin,2,marin,False,False,False,TRUE_HALLUCINATION
it-iterable,it-iterable,1,mistral,False,False,False,TRUE_HALLUCINATION
it-tap,it-tap,1,mistral,False,False,False,TRUE_HALLUCINATION
iter-map,iter-map,1,mistral,False,False,False,TRUE_HALLUCINATION
iterable-iterator,iterable-iterator,2,"codellama7b,mistral",False,False,False,TRUE_HALLUCINATION
iterable-iterator-helpers,iterable-iterator-helpers,1,mistral,False,False,False,TRUE_HALLUCINATION
iterable-iterator-polyfill,iterable-iterator-polyfill,2,mistral,False,False,False,TRUE_HALLUCINATION
iterable-iterator-tap,iterable-iterator-tap,1,mistral,False,False,False,TRUE_HALLUCINATION
iterable-to-array,iterable-to-array,1,mistral,False,False,False,TRUE_HALLUCINATION
iterative-deepening-js,iterative-deepening-js,1,mistral,False,False,False,TRUE_HALLUCINATION
jade-global,jade-global,1,mistral,False,False,False,TRUE_HALLUCINATION
jaeger-propagator,jaeger-propagator,1,mistral,False,False,False,TRUE_HALLUCINATION
janusgraph,janusgraph,1,qwen,False,False,False,TRUE_HALLUCINATION
japarser,japarser,1,mistral,False,False,False,TRUE_HALLUCINATION
jasmine-mock-extended,jasmine-mock-extended,1,mistral,False,False,False,TRUE_HALLUCINATION
jasmine-mock-q,jasmine-mock-q,1,mistral,False,False,False,TRUE_HALLUCINATION
jasmine-preprocessor,jasmine-preprocessor,1,mistral,False,False,False,TRUE_HALLUCINATION
jasmine-spec-reporters,jasmine-spec-reporters,1,mistral,False,False,False,TRUE_HALLUCINATION
jasmine-spies,jasmine-spies,1,mistral,False,False,False,TRUE_HALLUCINATION
java-client,java-client,1,mistral,False,False,False,TRUE_HALLUCINATION
java-logging-api,java-logging-api,1,mistral,False,False,False,TRUE_HALLUCINATION
java.lang.Class,java.lang.Class,1,mistral,False,False,False,TRUE_HALLUCINATION
java.math.BigDecimal,java.math.BigDecimal,1,gemma,False,False,False,TRUE_HALLUCINATION
java.util.concurrent,java.util.concurrent,4,gemma,False,False,False,TRUE_HALLUCINATION
java.util.concurrent.Executors,java.util.concurrent.Executors,1,gemma,False,False,False,TRUE_HALLUCINATION
javaMailServer,javaMailServer,2,gemma,False,False,False,TRUE_HALLUCINATION
javafx.application,javafx.application,2,gemma,False,False,False,TRUE_HALLUCINATION
javafx.controls,javafx.controls,1,gemma,False,False,False,TRUE_HALLUCINATION
javafx.controls.font,javafx.controls.font,1,gemma,False,False,False,TRUE_HALLUCINATION
javafx.scene,javafx.scene,2,gemma,False,False,False,TRUE_HALLUCINATION
javascript-evaluate,javascript-evaluate,3,"codellama7b,gpt_oss,mistral",False,False,False,TRUE_HALLUCINATION
javascript-loader,javascript-loader,1,mistral,False,False,False,TRUE_HALLUCINATION
javascript-trie,javascript-trie,8,"codellama7b,gemma,gpt_oss,marin,mistral,qwen",False,False,False,TRUE_HALLUCINATION
javascriptKit,javascriptKit,1,qwen,False,False,False,TRUE_HALLUCINATION
javascriptKit.ua,javascriptKit.ua,1,qwen,False,False,False,TRUE_HALLUCINATION
jaydebeapi,jaydebeapi,1,mistral,False,False,False,TRUE_HALLUCINATION
jbcrypt,jbcrypt,3,mistral,False,False,False,TRUE_HALLUCINATION
jest-adapter,jest-adapter,9,"codellama7b,marin,mistral,qwen",False,False,False,TRUE_HALLUCINATION
jest-child-process-mock,jest-child-process-mock,1,marin,False,False,False,TRUE_HALLUCINATION
jest-clone-diff,jest-clone-diff,1,marin,False,False,False,TRUE_HALLUCINATION
jest-code-coverage,jest-code-coverage,1,gemma,False,False,False,TRUE_HALLUCINATION
jest-config-schema,jest-config-schema,1,mistral,False,False,False,TRUE_HALLUCINATION
jest-coverage,jest-coverage,2,"gemma,marin",False,False,False,TRUE_HALLUCINATION
jest-create-matcher,jest-create-matcher,1,mistral,False,False,False,TRUE_HALLUCINATION
jest-create-mock-from-module-path,jest-create-mock-from-module-path,1,mistral,False,False,False,TRUE_HALLUCINATION
jest-deep-equal,jest-deep-equal,1,mistral,False,False,False,TRUE_HALLUCINATION
jest-dom-eslint-plugin,jest-dom-eslint-plugin,1,mistral,False,False,False,TRUE_HALLUCINATION
jest-env,jest-env,1,mistral,False,False,False,TRUE_HALLUCINATION
jest-extend,jest-extend,1,marin,False,False,False,TRUE_HALLUCINATION
jest-extend-mock,jest-extend-mock,1,marin,False,False,False,TRUE_HALLUCINATION
jest-extend-mock-arr,jest-extend-mock-arr,1,marin,False,False,False,TRUE_HALLUCINATION
jest-extend-mock-async,jest-extend-mock-async,1,marin,False,False,False,TRUE_HALLUCINATION
jest-extend-mock-async-fn,jest-extend-mock-async-fn,1,marin,False,False,False,TRUE_HALLUCINATION
jest-extend-mock-fn,jest-extend-mock-fn,1,marin,False,False,False,TRUE_HALLUCINATION
jest-extend-mock-fn-async,jest-extend-mock-fn-async,1,marin,False,False,False,TRUE_HALLUCINATION
jest-extend-mock-fn-async-fn,jest-extend-mock-fn-async-fn,1,marin,False,False,False,TRUE_HALLUCINATION
jest-extend-mock-fn-obj,jest-extend-mock-fn-obj,1,marin,False,False,False,TRUE_HALLUCINATION
jest-extend-mock-fn-obj-fn,jest-extend-mock-fn-obj-fn,1,marin,False,False,False,TRUE_HALLUCINATION
jest-extend-mock-fn-promise,jest-extend-mock-fn-promise,1,marin,False,False,False,TRUE_HALLUCINATION
jest-extend-mock-fn-promise-async,jest-extend-mock-fn-promise-async,1,marin,False,False,False,TRUE_HALLUCINATION
jest-extend-mock-fn-promise-fn,jest-extend-mock-fn-promise-fn,1,marin,False,False,False,TRUE_HALLUCINATION
jest-extend-mock-fn-promise-obj,jest-extend-mock-fn-promise-obj,1,marin,False,False,False,TRUE_HALLUCINATION
jest-extend-mock-obj,jest-extend-mock-obj,1,marin,False,False,False,TRUE_HALLUCINATION
jest-extend-mock-obj-fn,jest-extend-mock-obj-fn,1,marin,False,False,False,TRUE_HALLUCINATION
jest-extend-mock-obj-promise,jest-extend-mock-obj-promise,1,marin,False,False,False,TRUE_HALLUCINATION
jest-extend-mock-promise,jest-extend-mock-promise,1,marin,False,False,False,TRUE_HALLUCINATION
jest-extend-mock-promise-async,jest-extend-mock-promise-async,1,marin,False,False,False,TRUE_HALLUCINATION
jest-extend-mock-promise-fn,jest-extend-mock-promise-fn,1,marin,False,False,False,TRUE_HALLUCINATION
jest-extend-mock-tap,jest-extend-mock-tap,1,marin,False,False,False,TRUE_HALLUCINATION
jest-extend-stub,jest-extend-stub,1,marin,False,False,False,TRUE_HALLUCINATION
jest-extend-stub-arr,jest-extend-stub-arr,1,marin,False,False,False,TRUE_HALLUCINATION
jest-extend-stub-async,jest-extend-stub-async,1,marin,False,False,False,TRUE_HALLUCINATION
jest-extend-stub-async-fn,jest-extend-stub-async-fn,1,marin,False,False,False,TRUE_HALLUCINATION
jest-extend-stub-fn,jest-extend-stub-fn,1,marin,False,False,False,TRUE_HALLUCINATION
jest-extend-stub-fn-async,jest-extend-stub-fn-async,1,marin,False,False,False,TRUE_HALLUCINATION
jest-extend-stub-fn-obj,jest-extend-stub-fn-obj,1,marin,False,False,False,TRUE_HALLUCINATION
jest-extend-stub-fn-obj-fn,jest-extend-stub-fn-obj-fn,1,marin,False,False,False,TRUE_HALLUCINATION
jest-extend-stub-fn-promise,jest-extend-stub-fn-promise,1,marin,False,False,False,TRUE_HALLUCINATION
jest-extend-stub-fn-promise-async,jest-extend-stub-fn-promise-async,1,marin,False,False,False,TRUE_HALLUCINATION
jest-extend-stub-fn-promise-fn,jest-extend-stub-fn-promise-fn,1,marin,False,False,False,TRUE_HALLUCINATION
jest-extend-stub-fn-promise-obj,jest-extend-stub-fn-promise-obj,1,marin,False,False,False,TRUE_HALLUCINATION
jest-extend-stub-obj,jest-extend-stub-obj,1,marin,False,False,False,TRUE_HALLUCINATION
jest-extend-stub-obj-fn,jest-extend-stub-obj-fn,1,marin,False,False,False,TRUE_HALLUCINATION
jest-extend-stub-obj-promise,jest-extend-stub-obj-promise,1,marin,False,False,False,TRUE_HALLUCINATION
jest-extend-stub-promise,jest-extend-stub-promise,1,marin,False,False,False,TRUE_HALLUCINATION
jest-extend-stub-promise-async,jest-extend-stub-promise-async,1,marin,False,False,False,TRUE_HALLUCINATION
jest-extend-stub-promise-fn,jest-extend-stub-promise-fn,1,marin,False,False,False,TRUE_HALLUCINATION
jest-extend-stub-tap,jest-extend-stub-tap,1,marin,False,False,False,TRUE_HALLUCINATION
jest-hbs,jest-hbs,1,codellama7b,False,False,False,TRUE_HALLUCINATION
jest-jquery,jest-jquery,2,mistral,False,False,False,TRUE_HALLUCINATION
jest-jsdom,jest-jsdom,1,mistral,False,False,False,TRUE_HALLUCINATION
jest-matcher,jest-matcher,1,mistral,False,False,False,TRUE_HALLUCINATION
jest-mock-expo,jest-mock-expo,1,mistral,False,False,False,TRUE_HALLUCINATION
jest-mock-fail,jest-mock-fail,1,marin,False,False,False,TRUE_HALLUCINATION
jest-mock-localstorage,jest-mock-localstorage,1,mistral,False,False,False,TRUE_HALLUCINATION
jest-mock-location,jest-mock-location,1,marin,False,False,False,TRUE_HALLUCINATION
jest-mock-styled-components,jest-mock-styled-components,1,mistral,False,False,False,TRUE_HALLUCINATION
jest-mock-window,jest-mock-window,1,mistral,False,False,False,TRUE_HALLUCINATION
jest-moment,jest-moment,1,gemma,False,False,False,TRUE_HALLUCINATION
jest-observable,jest-observable,1,mistral,False,False,False,TRUE_HALLUCINATION
jest-plugin,jest-plugin,10,"codellama7b,marin,mistral,qwen",False,False,False,TRUE_HALLUCINATION
jest-preset,jest-preset,1,mistral,False,False,False,TRUE_HALLUCINATION
jest-preset-jest,jest-preset-jest,1,mistral,False,False,False,TRUE_HALLUCINATION
jest-preset-mocha,jest-preset-mocha,1,mistral,False,False,False,TRUE_HALLUCINATION
jest-providers,jest-providers,1,codellama7b,False,False,False,TRUE_HALLUCINATION
jest-runner-api,jest-runner-api,1,mistral,False,False,False,TRUE_HALLUCINATION
jest-stub-props,jest-stub-props,1,marin,False,False,False,TRUE_HALLUCINATION
jest-supertest,jest-supertest,1,codellama7b,False,False,False,TRUE_HALLUCINATION
jest-transform,jest-transform,1,mistral,False,False,False,TRUE_HALLUCINATION
jest-transformer,jest-transformer,4,marin,False,False,False,TRUE_HALLUCINATION
jest-transformer-source-maps,jest-transformer-source-maps,1,marin,False,False,False,TRUE_HALLUCINATION
jest-vue-server-renderer,jest-vue-server-renderer,1,mistral,False,False,False,TRUE_HALLUCINATION
jest-xml,jest-xml,11,"codellama7b,gemma,gpt_oss,marin,mistral,qwen",False,False,False,TRUE_HALLUCINATION
jet-fighter,jet-fighter,1,mistral,False,False,False,TRUE_HALLUCINATION
jitter-it,jitter-it,1,mistral,False,False,False,TRUE_HALLUCINATION
jmespathjs,jmespathjs,1,marin,False,False,False,TRUE_HALLUCINATION
jna-platform,jna-platform,1,mistral,False,False,False,TRUE_HALLUCINATION
jndi-polyglot,jndi-polyglot,1,mistral,False,False,False,TRUE_HALLUCINATION
joda-time,joda-time,1,mistral,False,False,False,TRUE_HALLUCINATION
jodit-browser,jodit-browser,1,mistral,False,False,False,TRUE_HALLUCINATION
joi-date,joi-date,1,mistral,False,False,False,TRUE_HALLUCINATION
josejs,josejs,1,marin,False,False,False,TRUE_HALLUCINATION
jquery-ajax-redirect,jquery-ajax-redirect,1,codellama7b,False,False,False,TRUE_HALLUCINATION
jquery-animate,jquery-animate,1,codellama7b,False,False,False,TRUE_HALLUCINATION
jquery-another-plugin,jquery-another-plugin,1,mistral,False,False,False,TRUE_HALLUCINATION
jquery-elastic,jquery-elastic,1,codellama7b,False,False,False,TRUE_HALLUCINATION
jquery-redirect,jquery-redirect,1,codellama7b,False,False,False,TRUE_HALLUCINATION
jquery-resize,jquery-resize,1,codellama7b,False,False,False,TRUE_HALLUCINATION
jquery-transit,jquery-transit,1,codellama7b,False,False,False,TRUE_HALLUCINATION
jquery-xhr-redirect,jquery-xhr-redirect,1,codellama7b,False,False,False,TRUE_HALLUCINATION
jquery.unobtrusive,jquery.unobtrusive,1,mistral,False,False,False,TRUE_HALLUCINATION
jquery.validate,jquery.validate,1,mistral,False,False,False,TRUE_HALLUCINATION
js-aes,js-aes,3,mistral,False,False,False,TRUE_HALLUCINATION
js-algorithms-dsa,js-algorithms-dsa,1,mistral,False,False,False,TRUE_HALLUCINATION
js-arrow,js-arrow,1,mistral,False,False,False,TRUE_HALLUCINATION
js-base16,js-base16,1,mistral,False,False,False,TRUE_HALLUCINATION
js-base32,js-base32,1,mistral,False,False,False,TRUE_HALLUCINATION
js-base62,js-base62,1,mistral,False,False,False,TRUE_HALLUCINATION
js-beautifier,js-beautifier,2,gemma,False,False,False,TRUE_HALLUCINATION
js-beautiful-ast,js-beautiful-ast,2,mistral,False,False,False,TRUE_HALLUCINATION
js-beautiful-dom,js-beautiful-dom,2,mistral,False,False,False,TRUE_HALLUCINATION
js-bech32,js-bech32,1,mistral,False,False,False,TRUE_HALLUCINATION
js-bigint,js-bigint,2,mistral,False,False,False,TRUE_HALLUCINATION
js-binary-tree,js-binary-tree,1,mistral,False,False,False,TRUE_HALLUCINATION
js-bitset,js-bitset,1,mistral,False,False,False,TRUE_HALLUCINATION
js-bitwise,js-bitwise,1,mistral,False,False,False,TRUE_HALLUCINATION
js-blob,js-blob,2,mistral,False,False,False,TRUE_HALLUCINATION
js-blob-viewer,js-blob-viewer,1,mistral,False,False,False,TRUE_HALLUCINATION
js-bn.js,js-bn.js,1,mistral,False,False,False,TRUE_HALLUCINATION
js-buffer,js-buffer,1,mistral,False,False,False,TRUE_HALLUCINATION
js-cff,js-cff,1,mistral,False,False,False,TRUE_HALLUCINATION
js-clone,js-clone,1,mistral,False,False,False,TRUE_HALLUCINATION
js-cmyk,js-cmyk,1,mistral,False,False,False,TRUE_HALLUCINATION
js-color,js-color,1,mistral,False,False,False,TRUE_HALLUCINATION
js-conv,js-conv,1,mistral,False,False,False,TRUE_HALLUCINATION
js-crypto,js-crypto,2,"mistral,qwen",False,False,False,TRUE_HALLUCINATION
js-css-modules,js-css-modules,1,mistral,False,False,False,TRUE_HALLUCINATION
js-csstree,js-csstree,1,mistral,False,False,False,TRUE_HALLUCINATION
js-dataclass,js-dataclass,1,mistral,False,False,False,TRUE_HALLUCINATION
js-dataframe,js-dataframe,1,mistral,False,False,False,TRUE_HALLUCINATION
js-deep-equal,js-deep-equal,1,mistral,False,False,False,TRUE_HALLUCINATION
js-depth-first-search,js-depth-first-search,1,mistral,False,False,False,TRUE_HALLUCINATION
js-digest,js-digest,1,mistral,False,False,False,TRUE_HALLUCINATION
js-domain,js-domain,1,mistral,False,False,False,TRUE_HALLUCINATION
js-emmeans,js-emmeans,1,mistral,False,False,False,TRUE_HALLUCINATION
js-error-message,js-error-message,1,mistral,False,False,False,TRUE_HALLUCINATION
js-euclidean,js-euclidean,1,mistral,False,False,False,TRUE_HALLUCINATION
js-eval-safe,js-eval-safe,1,mistral,False,False,False,TRUE_HALLUCINATION
js-event-stream,js-event-stream,1,mistral,False,False,False,TRUE_HALLUCINATION
js-exponential-distribution,js-exponential-distribution,1,mistral,False,False,False,TRUE_HALLUCINATION
js-expression-evaluator,js-expression-evaluator,2,mistral,False,False,False,TRUE_HALLUCINATION
js-expression-parser,js-expression-parser,1,mistral,False,False,False,TRUE_HALLUCINATION
js-fetch-with-credentials,js-fetch-with-credentials,1,mistral,False,False,False,TRUE_HALLUCINATION
js-file-api,js-file-api,5,mistral,False,False,False,TRUE_HALLUCINATION
js-file-browser,js-file-browser,1,mistral,False,False,False,TRUE_HALLUCINATION
js-file-exists,js-file-exists,1,mistral,False,False,False,TRUE_HALLUCINATION
js-float64array,js-float64array,1,mistral,False,False,False,TRUE_HALLUCINATION
js-floyd-warshall,js-floyd-warshall,1,mistral,False,False,False,TRUE_HALLUCINATION
js-ftp,js-ftp,1,mistral,False,False,False,TRUE_HALLUCINATION
js-gamlss,js-gamlss,1,mistral,False,False,False,TRUE_HALLUCINATION
js-gitignore,js-gitignore,1,mistral,False,False,False,TRUE_HALLUCINATION
js-graph-algo,js-graph-algo,2,mistral,False,False,False,TRUE_HALLUCINATION
js-graph-visualizer,js-graph-visualizer,1,mistral,False,False,False,TRUE_HALLUCINATION
js-hash-map,js-hash-map,2,mistral,False,False,False,TRUE_HALLUCINATION
js-hstore,js-hstore,1,mistral,False,False,False,TRUE_HALLUCINATION
js-html-dom,js-html-dom,1,mistral,False,False,False,TRUE_HALLUCINATION
js-iframe-api,js-iframe-api,1,mistral,False,False,False,TRUE_HALLUCINATION
js-igraph,js-igraph,1,mistral,False,False,False,TRUE_HALLUCINATION
js-image-api,js-image-api,1,mistral,False,False,False,TRUE_HALLUCINATION
js-image-data,js-image-data,1,mistral,False,False,False,TRUE_HALLUCINATION
js-image-loader,js-image-loader,2,mistral,False,False,False,TRUE_HALLUCINATION
js-image-size,js-image-size,1,mistral,False,False,False,TRUE_HALLUCINATION
js-image-utils,js-image-utils,1,gemma,False,False,False,TRUE_HALLUCINATION
js-json-file,js-json-file,1,mistral,False,False,False,TRUE_HALLUCINATION
js-json-parse-safe,js-json-parse-safe,1,mistral,False,False,False,TRUE_HALLUCINATION
js-json-stringify-safe,js-json-stringify-safe,2,mistral,False,False,False,TRUE_HALLUCINATION
js-jsonpath,js-jsonpath,3,mistral,False,False,False,TRUE_HALLUCINATION
js-jwk,js-jwk,1,mistral,False,False,False,TRUE_HALLUCINATION
js-jwk-to-pem,js-jwk-to-pem,1,mistral,False,False,False,TRUE_HALLUCINATION
js-ldap,js-ldap,1,mistral,False,False,False,TRUE_HALLUCINATION
js-leb128,js-leb128,1,mistral,False,False,False,TRUE_HALLUCINATION
js-link-header,js-link-header,1,mistral,False,False,False,TRUE_HALLUCINATION
js-linked-list,js-linked-list,1,mistral,False,False,False,TRUE_HALLUCINATION
js-linkify,js-linkify,1,mistral,False,False,False,TRUE_HALLUCINATION
js-lme4,js-lme4,1,mistral,False,False,False,TRUE_HALLUCINATION
js-load-css,js-load-css,1,mistral,False,False,False,TRUE_HALLUCINATION
js-load-img,js-load-img,1,mistral,False,False,False,TRUE_HALLUCINATION
js-math,js-math,1,mistral,False,False,False,TRUE_HALLUCINATION
js-matrix,js-matrix,2,mistral,False,False,False,TRUE_HALLUCINATION
js-matrix-math,js-matrix-math,1,mistral,False,False,False,TRUE_HALLUCINATION
js-msgpack-ext,js-msgpack-ext,1,mistral,False,False,False,TRUE_HALLUCINATION
js-murmurhash3,js-murmurhash3,2,mistral,False,False,False,TRUE_HALLUCINATION
js-networkx,js-networkx,4,mistral,False,False,False,TRUE_HALLUCINATION
js-number-rational,js-number-rational,1,mistral,False,False,False,TRUE_HALLUCINATION
js-numpy,js-numpy,4,"mistral,qwen",False,False,False,TRUE_HALLUCINATION
js-object-serialized,js-object-serialized,1,mistral,False,False,False,TRUE_HALLUCINATION
js-object-to-json-deep,js-object-to-json-deep,1,mistral,False,False,False,TRUE_HALLUCINATION
js-object-to-json-string,js-object-to-json-string,1,mistral,False,False,False,TRUE_HALLUCINATION
js-path,js-path,2,mistral,False,False,False,TRUE_HALLUCINATION
js-pickle,js-pickle,7,mistral,False,False,False,TRUE_HALLUCINATION
js-png,js-png,2,mistral,False,False,False,TRUE_HALLUCINATION
js-r-interface,js-r-interface,1,mistral,False,False,False,TRUE_HALLUCINATION
js-regex-emoji,js-regex-emoji,1,mistral,False,False,False,TRUE_HALLUCINATION
js-regex-json,js-regex-json,1,mistral,False,False,False,TRUE_HALLUCINATION
js-regex-url,js-regex-url,1,mistral,False,False,False,TRUE_HALLUCINATION
js-regexp-to-ast,js-regexp-to-ast,3,mistral,False,False,False,TRUE_HALLUCINATION
js-sequence-alignment,js-sequence-alignment,1,mistral,False,False,False,TRUE_HALLUCINATION
js-sequence-finder,js-sequence-finder,1,mistral,False,False,False,TRUE_HALLUCINATION
js-sequence-iterator,js-sequence-iterator,1,mistral,False,False,False,TRUE_HALLUCINATION
js-serde,js-serde,1,mistral,False,False,False,TRUE_HALLUCINATION
js-set,js-set,1,gemma,False,False,False,TRUE_HALLUCINATION
js-set-union,js-set-union,1,mistral,False,False,False,TRUE_HALLUCINATION
js-sort-array,js-sort-array,1,mistral,False,False,False,TRUE_HALLUCINATION
js-sort-keys,js-sort-keys,1,mistral,False,False,False,TRUE_HALLUCINATION
js-sort-stable,js-sort-stable,1,mistral,False,False,False,TRUE_HALLUCINATION
js-spdx-expression,js-spdx-expression,1,mistral,False,False,False,TRUE_HALLUCINATION
js-statistics-binomial,js-statistics-binomial,1,mistral,False,False,False,TRUE_HALLUCINATION
js-statistics-poisson,js-statistics-poisson,1,mistral,False,False,False,TRUE_HALLUCINATION
js-string-encode,js-string-encode,1,mistral,False,False,False,TRUE_HALLUCINATION
js-string-encoding,js-string-encoding,1,mistral,False,False,False,TRUE_HALLUCINATION
js-string-tokenizer,js-string-tokenizer,1,mistral,False,False,False,TRUE_HALLUCINATION
js-svg-parser,js-svg-parser,2,mistral,False,False,False,TRUE_HALLUCINATION
js-svg-to-jsx,js-svg-to-jsx,1,mistral,False,False,False,TRUE_HALLUCINATION
js-tar,js-tar,2,mistral,False,False,False,TRUE_HALLUCINATION
js-tex-table,js-tex-table,1,mistral,False,False,False,TRUE_HALLUCINATION
js-topo-sort,js-topo-sort,1,mistral,False,False,False,TRUE_HALLUCINATION
js-tree-traversal,js-tree-traversal,1,mistral,False,False,False,TRUE_HALLUCINATION
js-type-detect,js-type-detect,1,mistral,False,False,False,TRUE_HALLUCINATION
js-uri,js-uri,1,mistral,False,False,False,TRUE_HALLUCINATION
js-varint,js-varint,1,mistral,False,False,False,TRUE_HALLUCINATION
js-vpx-decoder,js-vpx-decoder,1,mistral,False,False,False,TRUE_HALLUCINATION
js-xmldom,js-xmldom,1,mistral,False,False,False,TRUE_HALLUCINATION
js-yaml-front-matter,js-yaml-front-matter,2,mistral,False,False,False,TRUE_HALLUCINATION
js-yuv,js-yuv,1,mistral,False,False,False,TRUE_HALLUCINATION
js2dot,js2dot,1,mistral,False,False,False,TRUE_HALLUCINATION
jsPDF,jsPDF,6,"marin,mistral",False,False,False,TRUE_HALLUCINATION
jsanitize,jsanitize,4,"gpt_oss,marin,mistral,qwen",False,False,False,TRUE_HALLUCINATION
jsbn-ec,jsbn-ec,1,gpt_oss,False,False,False,TRUE_HALLUCINATION
jsbn-ecc,jsbn-ecc,1,mistral,False,False,False,TRUE_HALLUCINATION
jsbsafe256,jsbsafe256,1,mistral,False,False,False,TRUE_HALLUCINATION
jsc-inspector,jsc-inspector,1,mistral,False,False,False,TRUE_HALLUCINATION
jsc-transform,jsc-transform,1,mistral,False,False,False,TRUE_HALLUCINATION
jsdes,jsdes,1,mistral,False,False,False,TRUE_HALLUCINATION
jsdoc-to-json,jsdoc-to-json,1,mistral,False,False,False,TRUE_HALLUCINATION
jsdoc-to-ts,jsdoc-to-ts,1,mistral,False,False,False,TRUE_HALLUCINATION
jsdoc-to-typescript,jsdoc-to-typescript,1,mistral,False,False,False,TRUE_HALLUCINATION
jsdom-xpath,jsdom-xpath,1,mistral,False,False,False,TRUE_HALLUCINATION
jshon-ast,jshon-ast,1,mistral,False,False,False,TRUE_HALLUCINATION
json-2-js,json-2-js,2,mistral,False,False,False,TRUE_HALLUCINATION
json-b,json-b,1,mistral,False,False,False,TRUE_HALLUCINATION
json-diff-precise,json-diff-precise,6,"codellama7b,gemma,gpt_oss,marin,mistral",False,False,False,TRUE_HALLUCINATION
json-enc,json-enc,1,mistral,False,False,False,TRUE_HALLUCINATION
json-minimize,json-minimize,1,marin,False,False,False,TRUE_HALLUCINATION
json-parse-better,json-parse-better,2,mistral,False,False,False,TRUE_HALLUCINATION
json-parse-better-than-json-parse,json-parse-better-than-json-parse,1,mistral,False,False,False,TRUE_HALLUCINATION
json-parse-better-than-native,json-parse-better-than-native,1,mistral,False,False,False,TRUE_HALLUCINATION
json-parse-help,json-parse-help,1,codellama7b,False,False,False,TRUE_HALLUCINATION
json-parse-position,json-parse-position,1,mistral,False,False,False,TRUE_HALLUCINATION
json-parse-stringify,json-parse-stringify,1,mistral,False,False,False,TRUE_HALLUCINATION
json-rpc-2-server,json-rpc-2-server,1,mistral,False,False,False,TRUE_HALLUCINATION
json-rpc-parser,json-rpc-parser,1,mistral,False,False,False,TRUE_HALLUCINATION
json-schema-core,json-schema-core,2,gemma,False,False,False,TRUE_HALLUCINATION
json-schema-extensions,json-schema-extensions,1,mistral,False,False,False,TRUE_HALLUCINATION
json-schema-recursive,json-schema-recursive,1,mistral,False,False,False,TRUE_HALLUCINATION
json-schema-to-ajv,json-schema-to-ajv,1,mistral,False,False,False,TRUE_HALLUCINATION
json-schema-to-js,json-schema-to-js,1,mistral,False,False,False,TRUE_HALLUCINATION
json-schema-to-json,json-schema-to-json,1,mistral,False,False,False,TRUE_HALLUCINATION
json-schema-to-json-ld,json-schema-to-json-ld,2,mistral,False,False,False,TRUE_HALLUCINATION
json-schema-to-jsonld,json-schema-to-jsonld,1,mistral,False,False,False,TRUE_HALLUCINATION
json-schema-to-regexp,json-schema-to-regexp,1,mistral,False,False,False,TRUE_HALLUCINATION
json-schema2,json-schema2,1,mistral,False,False,False,TRUE_HALLUCINATION
json-schema3,json-schema3,1,mistral,False,False,False,TRUE_HALLUCINATION
json-stringify-comment,json-stringify-comment,1,gemma,False,False,False,TRUE_HALLUCINATION
json-stringify-enum,json-stringify-enum,1,gemma,False,False,False,TRUE_HALLUCINATION
json-stringify-js,json-stringify-js,1,marin,False,False,False,TRUE_HALLUCINATION
json-stringify-to-json,json-stringify-to-json,1,gemma,False,False,False,TRUE_HALLUCINATION
json2ejs,json2ejs,1,mistral,False,False,False,TRUE_HALLUCINATION
json2hstore,json2hstore,1,codellama7b,False,False,False,TRUE_HALLUCINATION
json2stream,json2stream,3,gemma,False,False,False,TRUE_HALLUCINATION
json5-comment-parser,json5-comment-parser,2,mistral,False,False,False,TRUE_HALLUCINATION
json5-normalize,json5-normalize,1,marin,False,False,False,TRUE_HALLUCINATION
jsonapi-rails,jsonapi-rails,1,gemma,False,False,False,TRUE_HALLUCINATION
jsonbuffer,jsonbuffer,1,mistral,False,False,False,TRUE_HALLUCINATION
jsondict,jsondict,1,mistral,False,False,False,TRUE_HALLUCINATION
jsondiffy,jsondiffy,1,mistral,False,False,False,TRUE_HALLUCINATION
jsondotdotget,jsondotdotget,1,mistral,False,False,False,TRUE_HALLUCINATION
jsonparseany,jsonparseany,2,mistral,False,False,False,TRUE_HALLUCINATION
jsonpathjs,jsonpathjs,1,marin,False,False,False,TRUE_HALLUCINATION
jsonschema-dereference,jsonschema-dereference,4,marin,False,False,False,TRUE_HALLUCINATION
jsonschema-diff,jsonschema-diff,1,mistral,False,False,False,TRUE_HALLUCINATION
jsonschema-format,jsonschema-format,1,mistral,False,False,False,TRUE_HALLUCINATION
jsonschema-ref-parser,jsonschema-ref-parser,1,mistral,False,False,False,TRUE_HALLUCINATION
jsonschema-to-tree,jsonschema-to-tree,1,mistral,False,False,False,TRUE_HALLUCINATION
jsonschema-to-yaml,jsonschema-to-yaml,1,mistral,False,False,False,TRUE_HALLUCINATION
jsonschema-traverse,jsonschema-traverse,1,mistral,False,False,False,TRUE_HALLUCINATION
jsonschema-type-builder,jsonschema-type-builder,1,marin,False,False,False,TRUE_HALLUCINATION
jsonschema2json-types,jsonschema2json-types,1,mistral,False,False,False,TRUE_HALLUCINATION
jsonschema2md,jsonschema2md,3,mistral,False,False,False,TRUE_HALLUCINATION
jsonschema2mdkit,jsonschema2mdkit,1,mistral,False,False,False,TRUE_HALLUCINATION
jsonwebencryption,jsonwebencryption,1,codellama7b,False,False,False,TRUE_HALLUCINATION
jsonwebkeyset,jsonwebkeyset,1,codellama7b,False,False,False,TRUE_HALLUCINATION
jsonwebsignature,jsonwebsignature,1,codellama7b,False,False,False,TRUE_HALLUCINATION
jsonwebtoken-gen,jsonwebtoken-gen,1,codellama7b,False,False,False,TRUE_HALLUCINATION
jsonwebtoken-verify,jsonwebtoken-verify,1,codellama7b,False,False,False,TRUE_HALLUCINATION
jsrsa,jsrsa,1,mistral,False,False,False,TRUE_HALLUCINATION
jss-plugin-camelcase,jss-plugin-camelcase,1,marin,False,False,False,TRUE_HALLUCINATION
jss-plugin-camelcase-rules,jss-plugin-camelcase-rules,1,mistral,False,False,False,TRUE_HALLUCINATION
jss-plugin-function-sass,jss-plugin-function-sass,1,mistral,False,False,False,TRUE_HALLUCINATION
jss-plugin-function-value,jss-plugin-function-value,1,qwen,False,False,False,TRUE_HALLUCINATION
jss-plugin-react,jss-plugin-react,1,mistral,False,False,False,TRUE_HALLUCINATION
jss-plugin-react-styles,jss-plugin-react-styles,1,mistral,False,False,False,TRUE_HALLUCINATION
jss-plugin-responsive,jss-plugin-responsive,1,mistral,False,False,False,TRUE_HALLUCINATION
jss-plugin-rule-syntax,jss-plugin-rule-syntax,1,qwen,False,False,False,TRUE_HALLUCINATION
jss-plugin-styled-components,jss-plugin-styled-components,1,mistral,False,False,False,TRUE_HALLUCINATION
jss-plugin-syntax,jss-plugin-syntax,1,mistral,False,False,False,TRUE_HALLUCINATION
jss-react,jss-react,3,"mistral,qwen",False,False,False,TRUE_HALLUCINATION
jss-theme-adapter,jss-theme-adapter,1,marin,False,False,False,TRUE_HALLUCINATION
jsx-ast-parser,jsx-ast-parser,1,gemma,False,False,False,TRUE_HALLUCINATION
jsx-safe-string,jsx-safe-string,1,mistral,False,False,False,TRUE_HALLUCINATION
jsx-to-svg,jsx-to-svg,2,mistral,False,False,False,TRUE_HALLUCINATION
jsx-transformer,jsx-transformer,9,"codellama7b,gemma,marin,mistral",False,False,False,TRUE_HALLUCINATION
jsx-transformer-plugin,jsx-transformer-plugin,1,gemma,False,False,False,TRUE_HALLUCINATION
jsx-transformer-react-add-props,jsx-transformer-react-add-props,1,mistral,False,False,False,TRUE_HALLUCINATION
jsyaml,jsyaml,2,"marin,mistral",False,False,False,TRUE_HALLUCINATION
junit-test-framework,junit-test-framework,1,gemma,False,False,False,TRUE_HALLUCINATION
jupyter-videoplayer,jupyter-videoplayer,1,codellama7b,False,False,False,TRUE_HALLUCINATION
just-pad-end,just-pad-end,1,mistral,False,False,False,TRUE_HALLUCINATION
justify-align,justify-align,1,mistral,False,False,False,TRUE_HALLUCINATION
justify-regex,justify-regex,1,mistral,False,False,False,TRUE_HALLUCINATION
k8s-service,k8s-service,1,codellama7b,False,False,False,TRUE_HALLUCINATION
kahan-sum,kahan-sum,1,mistral,False,False,False,TRUE_HALLUCINATION
karma-adapter,karma-adapter,1,mistral,False,False,False,TRUE_HALLUCINATION
karma-babel,karma-babel,1,mistral,False,False,False,TRUE_HALLUCINATION
karma-chrome-launcher-canary,karma-chrome-launcher-canary,1,gemma,False,False,False,TRUE_HALLUCINATION
karma-cli-webpack,karma-cli-webpack,1,mistral,False,False,False,TRUE_HALLUCINATION
karma-coverage-reporter,karma-coverage-reporter,1,mistral,False,False,False,TRUE_HALLUCINATION
karma-custom-launcher,karma-custom-launcher,1,mistral,False,False,False,TRUE_HALLUCINATION
karma-debug-plugin,karma-debug-plugin,1,qwen,False,False,False,TRUE_HALLUCINATION
karma-dots-reporter,karma-dots-reporter,1,qwen,False,False,False,TRUE_HALLUCINATION
karma-firefox,karma-firefox,1,marin,False,False,False,TRUE_HALLUCINATION
karma-junit-xml,karma-junit-xml,1,gemma,False,False,False,TRUE_HALLUCINATION
karma-junitxml-reporter,karma-junitxml-reporter,1,marin,False,False,False,TRUE_HALLUCINATION
karma-launcher,karma-launcher,1,mistral,False,False,False,TRUE_HALLUCINATION
karma-mocha-adapter,karma-mocha-adapter,1,mistral,False,False,False,TRUE_HALLUCINATION
karma-mock-module,karma-mock-module,2,mistral,False,False,False,TRUE_HALLUCINATION
karma-protractor,karma-protractor,2,"marin,mistral",False,False,False,TRUE_HALLUCINATION
karma-react,karma-react,3,mistral,False,False,False,TRUE_HALLUCINATION
karma-react-hooks,karma-react-hooks,1,mistral,False,False,False,TRUE_HALLUCINATION
karma-single-file,karma-single-file,1,codellama7b,False,False,False,TRUE_HALLUCINATION
karma-spec-globs,karma-spec-globs,1,mistral,False,False,False,TRUE_HALLUCINATION
karma-typescript-coverage,karma-typescript-coverage,1,mistral,False,False,False,TRUE_HALLUCINATION
karma-web-server,karma-web-server,1,mistral,False,False,False,TRUE_HALLUCINATION
kendo-angular,kendo-angular,1,marin,False,False,False,TRUE_HALLUCINATION
kendo-angular-datetime,kendo-angular-datetime,1,marin,False,False,False,TRUE_HALLUCINATION
kendo-angular-grid,kendo-angular-grid,1,marin,False,False,False,TRUE_HALLUCINATION
kendo-react-editor,kendo-react-editor,1,gemma,False,False,False,TRUE_HALLUCINATION
kendo-vue,kendo-vue,1,marin,False,False,False,TRUE_HALLUCINATION
kerasjs,kerasjs,1,qwen,False,False,False,TRUE_HALLUCINATION
kernel32,kernel32,2,"codellama7b,mistral",False,False,False,TRUE_HALLUCINATION
keyboard-layout-client,keyboard-layout-client,1,mistral,False,False,False,TRUE_HALLUCINATION
keycode-to-keyname,keycode-to-keyname,1,mistral,False,False,False,TRUE_HALLUCINATION
keyname-to-keycode,keyname-to-keycode,1,mistral,False,False,False,TRUE_HALLUCINATION
keytool,keytool,2,"gemma,qwen",False,False,False,TRUE_HALLUCINATION
kibana-api,kibana-api,1,codellama7b,False,False,False,TRUE_HALLUCINATION
kibana-cli,kibana-cli,1,codellama7b,False,False,False,TRUE_HALLUCINATION
kibana-plugin,kibana-plugin,2,"codellama7b,marin",False,False,False,TRUE_HALLUCINATION
kibana-service,kibana-service,1,marin,False,False,False,TRUE_HALLUCINATION
kjur-ecdsa,kjur-ecdsa,1,mistral,False,False,False,TRUE_HALLUCINATION
knex-conflict,knex-conflict,1,codellama7b,False,False,False,TRUE_HALLUCINATION
koa-compression,koa-compression,5,"marin,qwen",False,False,False,TRUE_HALLUCINATION
koa-ehandler,koa-ehandler,2,marin,False,False,False,TRUE_HALLUCINATION
koa-json-bodyparser,koa-json-bodyparser,2,qwen,False,False,False,TRUE_HALLUCINATION
koa-midd,koa-midd,1,marin,False,False,False,TRUE_HALLUCINATION
koa-typescript,koa-typescript,1,mistral,False,False,False,TRUE_HALLUCINATION
kotlin-js,kotlin-js,1,mistral,False,False,False,TRUE_HALLUCINATION
kotlinx-serialization-json,kotlinx-serialization-json,1,gemma,False,False,False,TRUE_HALLUCINATION
kotlinx.coroutines,kotlinx.coroutines,2,gemma,False,False,False,TRUE_HALLUCINATION
kubeconfig-loader,kubeconfig-loader,1,mistral,False,False,False,TRUE_HALLUCINATION
kubelogin,kubelogin,1,codellama7b,False,False,False,TRUE_HALLUCINATION
kubernetes-client-aws,kubernetes-client-aws,1,mistral,False,False,False,TRUE_HALLUCINATION
kubernetes-service,kubernetes-service,1,codellama7b,False,False,False,TRUE_HALLUCINATION
kubernetes-utils,kubernetes-utils,1,codellama7b,False,False,False,TRUE_HALLUCINATION
l298n,l298n,1,mistral,False,False,False,TRUE_HALLUCINATION
laravel-sanctum-nextjs,laravel-sanctum-nextjs,1,codellama7b,False,False,False,TRUE_HALLUCINATION
laravel-watch,laravel-watch,1,mistral,False,False,False,TRUE_HALLUCINATION
latsquare,latsquare,1,mistral,False,False,False,TRUE_HALLUCINATION
launchdarkly-client,launchdarkly-client,1,gemma,False,False,False,TRUE_HALLUCINATION
launchdarkly-js-server,launchdarkly-js-server,1,marin,False,False,False,TRUE_HALLUCINATION
launchdarkly-node,launchdarkly-node,2,codellama7b,False,False,False,TRUE_HALLUCINATION
launchdarkly-server-sdk,launchdarkly-server-sdk,1,mistral,False,False,False,TRUE_HALLUCINATION
launchdarkly-server-side,launchdarkly-server-side,1,gemma,False,False,False,TRUE_HALLUCINATION
lax-phone-number-matcher,lax-phone-number-matcher,1,mistral,False,False,False,TRUE_HALLUCINATION
ldap-auth,ldap-auth,1,codellama7b,False,False,False,TRUE_HALLUCINATION
ldap-template,ldap-template,1,qwen,False,False,False,TRUE_HALLUCINATION
ldap3,ldap3,1,gemma,False,False,False,TRUE_HALLUCINATION
ldapjs-activedirectory,ldapjs-activedirectory,1,codellama7b,False,False,False,TRUE_HALLUCINATION
ldapjs-ui,ldapjs-ui,1,codellama7b,False,False,False,TRUE_HALLUCINATION
less-extract-plugin,less-extract-plugin,2,mistral,False,False,False,TRUE_HALLUCINATION
less-plugin-sass-convert,less-plugin-sass-convert,2,marin,False,False,False,TRUE_HALLUCINATION
less-plugin-svelte,less-plugin-svelte,1,mistral,False,False,False,TRUE_HALLUCINATION
less-webpack-plugin,less-webpack-plugin,4,"gemma,mistral",False,False,False,TRUE_HALLUCINATION
lets-encrypt-express,lets-encrypt-express,1,mistral,False,False,False,TRUE_HALLUCINATION
level-diskdb,level-diskdb,1,mistral,False,False,False,TRUE_HALLUCINATION
level-idb,level-idb,1,mistral,False,False,False,TRUE_HALLUCINATION
level-indexeddb,level-indexeddb,1,mistral,False,False,False,TRUE_HALLUCINATION
level-memory,level-memory,1,qwen,False,False,False,TRUE_HALLUCINATION
levelup-snapshot,levelup-snapshot,1,mistral,False,False,False,TRUE_HALLUCINATION
lezer-parser,lezer-parser,2,"marin,mistral",False,False,False,TRUE_HALLUCINATION
lib-coverage,lib-coverage,1,marin,False,False,False,TRUE_HALLUCINATION
libphonenumber-js,libphonenumber-js,3,gpt_oss,False,False,False,TRUE_HALLUCINATION
libpoll,libpoll,1,gemma,False,False,False,TRUE_HALLUCINATION
library,library,4,"codellama7b,mistral,qwen",False,False,False,TRUE_HALLUCINATION
librosa,librosa,2,"marin,mistral",False,False,False,TRUE_HALLUCINATION
libsass,libsass,9,"codellama7b,gemma,gpt_oss,marin,qwen",False,False,False,TRUE_HALLUCINATION
libsass-native,libsass-native,1,mistral,False,False,False,TRUE_HALLUCINATION
libuv,libuv,3,"codellama7b,gemma",False,False,False,TRUE_HALLUCINATION
like-button-initiator,like-button-initiator,1,mistral,False,False,False,TRUE_HALLUCINATION
linear-assignment-problem,linear-assignment-problem,1,mistral,False,False,False,TRUE_HALLUCINATION
linear-gradient-css,linear-gradient-css,1,mistral,False,False,False,TRUE_HALLUCINATION
linear-gradient-js,linear-gradient-js,1,mistral,False,False,False,TRUE_HALLUCINATION
linked-hash-map,linked-hash-map,1,codellama7b,False,False,False,TRUE_HALLUCINATION
linkedin-oauth2-server,linkedin-oauth2-server,2,gemma,False,False,False,TRUE_HALLUCINATION
linkedin-v2,linkedin-v2,1,marin,False,False,False,TRUE_HALLUCINATION
linkify-it-js,linkify-it-js,1,mistral,False,False,False,TRUE_HALLUCINATION
linux-headers,linux-headers,1,codellama7b,False,False,False,TRUE_HALLUCINATION
linux-kernel-module,linux-kernel-module,1,mistral,False,False,False,TRUE_HALLUCINATION
linux-utils,linux-utils,1,codellama7b,False,False,False,TRUE_HALLUCINATION
lisp-js,lisp-js,1,mistral,False,False,False,TRUE_HALLUCINATION
live-css-reload,live-css-reload,1,codellama7b,False,False,False,TRUE_HALLUCINATION
livecssreload,livecssreload,1,codellama7b,False,False,False,TRUE_HALLUCINATION
llama-index,llama-index,1,mistral,False,False,False,TRUE_HALLUCINATION
local-yarn-cache,local-yarn-cache,1,mistral,False,False,False,TRUE_HALLUCINATION
localStorage-poly,localStorage-poly,1,gemma,False,False,False,TRUE_HALLUCINATION
lockdown-more,lockdown-more,2,codellama7b,False,False,False,TRUE_HALLUCINATION
lodash-clone-deep-with-prototype,lodash-clone-deep-with-prototype,1,mistral,False,False,False,TRUE_HALLUCINATION
lodash-custom-build,lodash-custom-build,1,mistral,False,False,False,TRUE_HALLUCINATION
lodash-deep-equal,lodash-deep-equal,1,mistral,False,False,False,TRUE_HALLUCINATION
lodash-difference,lodash-difference,1,mistral,False,False,False,TRUE_HALLUCINATION
lodash-flow,lodash-flow,1,mistral,False,False,False,TRUE_HALLUCINATION
lodash-function,lodash-function,1,mistral,False,False,False,TRUE_HALLUCINATION
lodash-memoize,lodash-memoize,1,mistral,False,False,False,TRUE_HALLUCINATION
lodash-merge,lodash-merge,2,mistral,False,False,False,TRUE_HALLUCINATION
lodash-minify-bundle,lodash-minify-bundle,1,mistral,False,False,False,TRUE_HALLUCINATION
lodash-sort-by,lodash-sort-by,1,mistral,False,False,False,TRUE_HALLUCINATION
lodash-string,lodash-string,1,mistral,False,False,False,TRUE_HALLUCINATION
lodash-throttle,lodash-throttle,1,mistral,False,False,False,TRUE_HALLUCINATION
lodash-uniq,lodash-uniq,1,mistral,False,False,False,TRUE_HALLUCINATION
lodash._keys,lodash._keys,1,marin,False,False,False,TRUE_HALLUCINATION
lodash.lang,lodash.lang,1,marin,False,False,False,TRUE_HALLUCINATION
lodash.queue,lodash.queue,1,marin,False,False,False,TRUE_HALLUCINATION
log-file,log-file,1,marin,False,False,False,TRUE_HALLUCINATION
log-generator,log-generator,1,codellama7b,False,False,False,TRUE_HALLUCINATION
log4j-api,log4j-api,1,mistral,False,False,False,TRUE_HALLUCINATION
log4j-core,log4j-core,1,mistral,False,False,False,TRUE_HALLUCINATION
log4j2,log4j2,1,gemma,False,False,False,TRUE_HALLUCINATION
log4js-daily-rollover,log4js-daily-rollover,1,mistral,False,False,False,TRUE_HALLUCINATION
log4js-node,log4js-node,2,codellama7b,False,False,False,TRUE_HALLUCINATION
log4js-node-socket-appender,log4js-node-socket-appender,1,mistral,False,False,False,TRUE_HALLUCINATION
logical-assignment-operator,logical-assignment-operator,1,mistral,False,False,False,TRUE_HALLUCINATION
logical-assignment-operators,logical-assignment-operators,2,marin,False,False,False,TRUE_HALLUCINATION
logo.jpg,logo.jpg,1,mistral,False,False,False,TRUE_HALLUCINATION
logo.png,logo.png,2,"gpt_oss,mistral",False,False,False,TRUE_HALLUCINATION
logstash-filter-json,logstash-filter-json,1,mistral,False,False,False,TRUE_HALLUCINATION
logzio,logzio,2,gemma,False,False,False,TRUE_HALLUCINATION
logzio-winston-transport,logzio-winston-transport,2,codellama7b,False,False,False,TRUE_HALLUCINATION
long-task,long-task,1,codellama7b,False,False,False,TRUE_HALLUCINATION
loongarch,loongarch,1,mistral,False,False,False,TRUE_HALLUCINATION
loongarch64,loongarch64,1,mistral,False,False,False,TRUE_HALLUCINATION
lru-cd,lru-cd,1,codellama7b,False,False,False,TRUE_HALLUCINATION
lsp-core,lsp-core,1,marin,False,False,False,TRUE_HALLUCINATION
lsp-node,lsp-node,1,mistral,False,False,False,TRUE_HALLUCINATION
lsp-server,lsp-server,6,mistral,False,False,False,TRUE_HALLUCINATION
lusakan-i18n,lusakan-i18n,1,mistral,False,False,False,TRUE_HALLUCINATION
luxon-js-date-format,luxon-js-date-format,1,mistral,False,False,False,TRUE_HALLUCINATION
lxml,lxml,5,"gemma,gpt_oss,mistral,qwen",False,False,False,TRUE_HALLUCINATION
lxmljs,lxmljs,2,mistral,False,False,False,TRUE_HALLUCINATION
mailtrap-js,mailtrap-js,1,mistral,False,False,False,TRUE_HALLUCINATION
maintainability-index,maintainability-index,1,gpt_oss,False,False,False,TRUE_HALLUCINATION
map-chars,map-chars,1,mistral,False,False,False,TRUE_HALLUCINATION
map-hash,map-hash,3,mistral,False,False,False,TRUE_HALLUCINATION
map-iterate,map-iterate,1,mistral,False,False,False,TRUE_HALLUCINATION
map-iteratee,map-iteratee,1,mistral,False,False,False,TRUE_HALLUCINATION
mapbox-gl-cluster,mapbox-gl-cluster,1,mistral,False,False,False,TRUE_HALLUCINATION
markdown-file,markdown-file,1,mistral,False,False,False,TRUE_HALLUCINATION
markdown-it-attr-link,markdown-it-attr-link,1,mistral,False,False,False,TRUE_HALLUCINATION
markdown-it-commonmark,markdown-it-commonmark,1,qwen,False,False,False,TRUE_HALLUCINATION
markdown-it-footnotes,markdown-it-footnotes,1,gemma,False,False,False,TRUE_HALLUCINATION
markdown-it-linkify,markdown-it-linkify,1,gemma,False,False,False,TRUE_HALLUCINATION
markdown-it-mention,markdown-it-mention,1,gemma,False,False,False,TRUE_HALLUCINATION
markdown-it-plugin,markdown-it-plugin,1,codellama7b,False,False,False,TRUE_HALLUCINATION
markdown-it-rel-links,markdown-it-rel-links,1,mistral,False,False,False,TRUE_HALLUCINATION
markdown-it-slugify,markdown-it-slugify,2,mistral,False,False,False,TRUE_HALLUCINATION
markdown-it-tasklists,markdown-it-tasklists,1,mistral,False,False,False,TRUE_HALLUCINATION
markdownit,markdownit,1,codellama7b,False,False,False,TRUE_HALLUCINATION
marked-commonmark,marked-commonmark,1,mistral,False,False,False,TRUE_HALLUCINATION
marked-file-loader,marked-file-loader,1,mistral,False,False,False,TRUE_HALLUCINATION
marked-it,marked-it,2,codellama7b,False,False,False,TRUE_HALLUCINATION
marked-jsx,marked-jsx,1,mistral,False,False,False,TRUE_HALLUCINATION
markercluster,markercluster,1,gemma,False,False,False,TRUE_HALLUCINATION
maruku,maruku,4,"codellama7b,mistral",False,False,False,TRUE_HALLUCINATION
masked-input,masked-input,1,mistral,False,False,False,TRUE_HALLUCINATION
material-community-icons,material-community-icons,1,marin,False,False,False,TRUE_HALLUCINATION
material-design-icons-react,material-design-icons-react,2,marin,False,False,False,TRUE_HALLUCINATION
material-ui-number-format,material-ui-number-format,1,mistral,False,False,False,TRUE_HALLUCINATION
material-ui-numeral-input,material-ui-numeral-input,1,mistral,False,False,False,TRUE_HALLUCINATION
material-ui-uploader,material-ui-uploader,2,codellama7b,False,False,False,TRUE_HALLUCINATION
math-expression-evaluation,math-expression-evaluation,2,mistral,False,False,False,TRUE_HALLUCINATION
math-expression-parser,math-expression-parser,1,mistral,False,False,False,TRUE_HALLUCINATION
math-random-from-to,math-random-from-to,2,mistral,False,False,False,TRUE_HALLUCINATION
math-statistics-distribution,math-statistics-distribution,1,mistral,False,False,False,TRUE_HALLUCINATION
mathml-parser,mathml-parser,1,mistral,False,False,False,TRUE_HALLUCINATION
matplotlib.pyplot,matplotlib.pyplot,4,qwen,False,False,False,TRUE_HALLUCINATION
matrix-js-sans-io,matrix-js-sans-io,1,mistral,False,False,False,TRUE_HALLUCINATION
matrix-js-sx,matrix-js-sx,1,mistral,False,False,False,TRUE_HALLUCINATION
maui-binding,maui-binding,1,codellama7b,False,False,False,TRUE_HALLUCINATION
maui-bundler,maui-bundler,2,codellama7b,False,False,False,TRUE_HALLUCINATION
maui-dependency-injection,maui-dependency-injection,1,codellama7b,False,False,False,TRUE_HALLUCINATION
maui-observable-property,maui-observable-property,1,codellama7b,False,False,False,TRUE_HALLUCINATION
mda,mda,4,codellama7b,False,False,False,TRUE_HALLUCINATION
mdast-ecma-visitor,mdast-ecma-visitor,4,marin,False,False,False,TRUE_HALLUCINATION
mdast-extension-autolink,mdast-extension-autolink,1,gemma,False,False,False,TRUE_HALLUCINATION
mdast-extension-serializers,mdast-extension-serializers,1,marin,False,False,False,TRUE_HALLUCINATION
mdast-extension-strikethrough,mdast-extension-strikethrough,1,marin,False,False,False,TRUE_HALLUCINATION
mdast-gfm,mdast-gfm,6,"gemma,marin",False,False,False,TRUE_HALLUCINATION
mdast-parser,mdast-parser,6,"marin,mistral",False,False,False,TRUE_HALLUCINATION
mdast-serialize,mdast-serialize,2,marin,False,False,False,TRUE_HALLUCINATION
mdast-serializer,mdast-serializer,2,marin,False,False,False,TRUE_HALLUCINATION
mdast-simple-parser,mdast-simple-parser,1,mistral,False,False,False,TRUE_HALLUCINATION
mdast-table,mdast-table,1,marin,False,False,False,TRUE_HALLUCINATION
mdast-to-ESM,mdast-to-ESM,2,marin,False,False,False,TRUE_HALLUCINATION
mdast-to-hast,mdast-to-hast,3,marin,False,False,False,TRUE_HALLUCINATION
mdast-util-definition,mdast-util-definition,1,qwen,False,False,False,TRUE_HALLUCINATION
mdast-util-from-gfm,mdast-util-from-gfm,1,marin,False,False,False,TRUE_HALLUCINATION
mdast-util-gfm-footnotes,mdast-util-gfm-footnotes,1,qwen,False,False,False,TRUE_HALLUCINATION
mdast-util-html,mdast-util-html,1,marin,False,False,False,TRUE_HALLUCINATION
mdast-util-markdown,mdast-util-markdown,1,qwen,False,False,False,TRUE_HALLUCINATION
mdast-util-mdast,mdast-util-mdast,1,qwen,False,False,False,TRUE_HALLUCINATION
mdast-util-mdparse,mdast-util-mdparse,1,qwen,False,False,False,TRUE_HALLUCINATION
mdast-util-mdurl,mdast-util-mdurl,1,mistral,False,False,False,TRUE_HALLUCINATION
mdast-util-mdx-task-list-item,mdast-util-mdx-task-list-item,1,qwen,False,False,False,TRUE_HALLUCINATION
mdast-util-parse,mdast-util-parse,3,marin,False,False,False,TRUE_HALLUCINATION
mdast-util-parse-arrow,mdast-util-parse-arrow,1,mistral,False,False,False,TRUE_HALLUCINATION
mdast-util-parse-markdown,mdast-util-parse-markdown,1,qwen,False,False,False,TRUE_HALLUCINATION
mdast-util-parse-mdx,mdast-util-parse-mdx,1,mistral,False,False,False,TRUE_HALLUCINATION
mdast-util-parser,mdast-util-parser,1,marin,False,False,False,TRUE_HALLUCINATION
mdast-util-replace,mdast-util-replace,2,"marin,mistral",False,False,False,TRUE_HALLUCINATION
mdast-util-serialize,mdast-util-serialize,12,marin,False,False,False,TRUE_HALLUCINATION
mdast-util-strikethrough,mdast-util-strikethrough,2,"marin,mistral",False,False,False,TRUE_HALLUCINATION
mdast-util-string,mdast-util-string,1,qwen,False,False,False,TRUE_HALLUCINATION
mdast-util-table,mdast-util-table,1,marin,False,False,False,TRUE_HALLUCINATION
mdast-util-to-ast,mdast-util-to-ast,1,marin,False,False,False,TRUE_HALLUCINATION
mdast-util-to-gfm,mdast-util-to-gfm,1,marin,False,False,False,TRUE_HALLUCINATION
mdast-util-to-html,mdast-util-to-html,7,"gpt_oss,mistral",False,False,False,TRUE_HALLUCINATION
mdast-util-to-json,mdast-util-to-json,1,mistral,False,False,False,TRUE_HALLUCINATION
mdast-util-to-mdast,mdast-util-to-mdast,2,mistral,False,False,False,TRUE_HALLUCINATION
mdast-util-to-object,mdast-util-to-object,1,qwen,False,False,False,TRUE_HALLUCINATION
mdast-util-to-vue,mdast-util-to-vue,2,mistral,False,False,False,TRUE_HALLUCINATION
mdast-util-visit-mdx-jsx,mdast-util-visit-mdx-jsx,1,mistral,False,False,False,TRUE_HALLUCINATION
mdast-util-xml,mdast-util-xml,5,marin,False,False,False,TRUE_HALLUCINATION
mdast-visit,mdast-visit,5,marin,False,False,False,TRUE_HALLUCINATION
mdns-client,mdns-client,1,gemma,False,False,False,TRUE_HALLUCINATION
mdx-compile,mdx-compile,1,marin,False,False,False,TRUE_HALLUCINATION
mdx-compiler,mdx-compiler,2,codellama7b,False,False,False,TRUE_HALLUCINATION
mdx-js,mdx-js,5,gemma,False,False,False,TRUE_HALLUCINATION
mdx-plugin,mdx-plugin,1,marin,False,False,False,TRUE_HALLUCINATION
mdx-react-component,mdx-react-component,1,marin,False,False,False,TRUE_HALLUCINATION
mdx-remote-react,mdx-remote-react,1,gemma,False,False,False,TRUE_HALLUCINATION
mdx-transform,mdx-transform,1,marin,False,False,False,TRUE_HALLUCINATION
mdxjs,mdxjs,1,marin,False,False,False,TRUE_HALLUCINATION
measure-width,measure-width,1,mistral,False,False,False,TRUE_HALLUCINATION
media-stream,media-stream,1,mistral,False,False,False,TRUE_HALLUCINATION
media-stream-recorder,media-stream-recorder,1,mistral,False,False,False,TRUE_HALLUCINATION
mediarecorder,mediarecorder,1,codellama7b,False,False,False,TRUE_HALLUCINATION
mem-fs-engine,mem-fs-engine,1,qwen,False,False,False,TRUE_HALLUCINATION
mem-fs-utils,mem-fs-utils,1,qwen,False,False,False,TRUE_HALLUCINATION
memory-cache-lru-cloner,memory-cache-lru-cloner,1,mistral,False,False,False,TRUE_HALLUCINATION
merge-excel,merge-excel,1,mistral,False,False,False,TRUE_HALLUCINATION
messagepack-js,messagepack-js,1,mistral,False,False,False,TRUE_HALLUCINATION
meta-viewport,meta-viewport,1,mistral,False,False,False,TRUE_HALLUCINATION
meteor-performance-monitor,meteor-performance-monitor,1,marin,False,False,False,TRUE_HALLUCINATION
meteor-routing,meteor-routing,1,marin,False,False,False,TRUE_HALLUCINATION
methodr,methodr,1,mistral,False,False,False,TRUE_HALLUCINATION
metro-api,metro-api,3,"marin,mistral",False,False,False,TRUE_HALLUCINATION
metro-bundle,metro-bundle,1,gemma,False,False,False,TRUE_HALLUCINATION
metro-evaluator,metro-evaluator,20,"codellama7b,gemma,gpt_oss,marin,mistral,qwen",False,False,False,TRUE_HALLUCINATION
metro-flow-runtime,metro-flow-runtime,1,mistral,False,False,False,TRUE_HALLUCINATION
metro-react-to-jsx,metro-react-to-jsx,1,mistral,False,False,False,TRUE_HALLUCINATION
metro-react-to-string,metro-react-to-string,1,mistral,False,False,False,TRUE_HALLUCINATION
metro-resolver-node,metro-resolver-node,1,mistral,False,False,False,TRUE_HALLUCINATION
metro-server,metro-server,1,qwen,False,False,False,TRUE_HALLUCINATION
metro-transform,metro-transform,5,"codellama7b,marin",False,False,False,TRUE_HALLUCINATION
metro-transform-flowbabel-runtime,metro-transform-flowbabel-runtime,1,mistral,False,False,False,TRUE_HALLUCINATION
metro-transform-shared-silver,metro-transform-shared-silver,1,mistral,False,False,False,TRUE_HALLUCINATION
metro-transform-wrap,metro-transform-wrap,1,mistral,False,False,False,TRUE_HALLUCINATION
mexc-js,mexc-js,1,mistral,False,False,False,TRUE_HALLUCINATION
mgcv,mgcv,2,"mistral,qwen",False,False,False,TRUE_HALLUCINATION
micromark-cli,micromark-cli,1,mistral,False,False,False,TRUE_HALLUCINATION
micromark-core,micromark-core,2,gpt_oss,False,False,False,TRUE_HALLUCINATION
micromark-destinations,micromark-destinations,1,marin,False,False,False,TRUE_HALLUCINATION
micromark-ext-directives,micromark-ext-directives,1,mistral,False,False,False,TRUE_HALLUCINATION
micromark-ext-html,micromark-ext-html,1,mistral,False,False,False,TRUE_HALLUCINATION
micromark-ext-tochtml,micromark-ext-tochtml,1,mistral,False,False,False,TRUE_HALLUCINATION
micromark-extension,micromark-extension,14,"mistral,qwen",False,False,False,TRUE_HALLUCINATION
micromark-extension-all,micromark-extension-all,1,mistral,False,False,False,TRUE_HALLUCINATION
micromark-extension-attr-class,micromark-extension-attr-class,1,mistral,False,False,False,TRUE_HALLUCINATION
micromark-extension-attr-id,micromark-extension-attr-id,1,mistral,False,False,False,TRUE_HALLUCINATION
micromark-extension-attr-space,micromark-extension-attr-space,1,mistral,False,False,False,TRUE_HALLUCINATION
micromark-extension-attr-strong,micromark-extension-attr-strong,1,mistral,False,False,False,TRUE_HALLUCINATION
micromark-extension-attr-style,micromark-extension-attr-style,1,mistral,False,False,False,TRUE_HALLUCINATION
micromark-extension-attributes,micromark-extension-attributes,1,mistral,False,False,False,TRUE_HALLUCINATION
micromark-extension-autolink-bare,micromark-extension-autolink-bare,1,mistral,False,False,False,TRUE_HALLUCINATION
micromark-extension-code,micromark-extension-code,1,mistral,False,False,False,TRUE_HALLUCINATION
micromark-extension-code-block,micromark-extension-code-block,1,mistral,False,False,False,TRUE_HALLUCINATION
micromark-extension-codehilite,micromark-extension-codehilite,1,mistral,False,False,False,TRUE_HALLUCINATION
micromark-extension-definition-lists,micromark-extension-definition-lists,1,qwen,False,False,False,TRUE_HALLUCINATION
micromark-extension-definitions,micromark-extension-definitions,4,mistral,False,False,False,TRUE_HALLUCINATION
micromark-extension-emoji,micromark-extension-emoji,3,mistral,False,False,False,TRUE_HALLUCINATION
micromark-extension-footnotes,micromark-extension-footnotes,2,"mistral,qwen",False,False,False,TRUE_HALLUCINATION
micromark-extension-gfm-autolink-literals,micromark-extension-gfm-autolink-literals,1,gpt_oss,False,False,False,TRUE_HALLUCINATION
micromark-extension-gfm-tables,micromark-extension-gfm-tables,1,mistral,False,False,False,TRUE_HALLUCINATION
micromark-extension-gfm-tasklists,micromark-extension-gfm-tasklists,1,mistral,False,False,False,TRUE_HALLUCINATION
micromark-extension-headings,micromark-extension-headings,3,mistral,False,False,False,TRUE_HALLUCINATION
micromark-extension-highlight,micromark-extension-highlight,2,gpt_oss,False,False,False,TRUE_HALLUCINATION
micromark-extension-html,micromark-extension-html,9,"codellama7b,gpt_oss,mistral",False,False,False,TRUE_HALLUCINATION
micromark-extension-html-footnote,micromark-extension-html-footnote,1,gpt_oss,False,False,False,TRUE_HALLUCINATION
micromark-extension-ignore-whitespace,micromark-extension-ignore-whitespace,1,qwen,False,False,False,TRUE_HALLUCINATION
micromark-extension-image,micromark-extension-image,3,mistral,False,False,False,TRUE_HALLUCINATION
micromark-extension-link,micromark-extension-link,6,mistral,False,False,False,TRUE_HALLUCINATION
micromark-extension-link-reference,micromark-extension-link-reference,2,mistral,False,False,False,TRUE_HALLUCINATION
micromark-extension-linkify,micromark-extension-linkify,2,mistral,False,False,False,TRUE_HALLUCINATION
micromark-extension-links,micromark-extension-links,1,mistral,False,False,False,TRUE_HALLUCINATION
micromark-extension-markdown,micromark-extension-markdown,1,mistral,False,False,False,TRUE_HALLUCINATION
micromark-extension-markdown-html-extensions,micromark-extension-markdown-html-extensions,1,qwen,False,False,False,TRUE_HALLUCINATION
micromark-extension-markdown-syntax-highlighting,micromark-extension-markdown-syntax-highlighting,1,qwen,False,False,False,TRUE_HALLUCINATION
micromark-extension-numeric-reference,micromark-extension-numeric-reference,1,mistral,False,False,False,TRUE_HALLUCINATION
micromark-extension-remarkable,micromark-extension-remarkable,1,qwen,False,False,False,TRUE_HALLUCINATION
micromark-extension-set,micromark-extension-set,1,mistral,False,False,False,TRUE_HALLUCINATION
micromark-extension-sub,micromark-extension-sub,1,mistral,False,False,False,TRUE_HALLUCINATION
micromark-extension-sub-tokenize,micromark-extension-sub-tokenize,1,mistral,False,False,False,TRUE_HALLUCINATION
micromark-extension-substitute,micromark-extension-substitute,1,mistral,False,False,False,TRUE_HALLUCINATION
micromark-extension-substitution,micromark-extension-substitution,2,mistral,False,False,False,TRUE_HALLUCINATION
micromark-extension-symbols,micromark-extension-symbols,1,mistral,False,False,False,TRUE_HALLUCINATION
micromark-extension-syntax-highlight,micromark-extension-syntax-highlight,1,codellama7b,False,False,False,TRUE_HALLUCINATION
micromark-extension-table,micromark-extension-table,7,mistral,False,False,False,TRUE_HALLUCINATION
micromark-extension-tables,micromark-extension-tables,1,mistral,False,False,False,TRUE_HALLUCINATION
micromark-extension-task-list,micromark-extension-task-list,1,mistral,False,False,False,TRUE_HALLUCINATION
micromark-extension-task-lists,micromark-extension-task-lists,2,mistral,False,False,False,TRUE_HALLUCINATION
micromark-extension-tasklists,micromark-extension-tasklists,1,mistral,False,False,False,TRUE_HALLUCINATION
micromark-extension-to-html,micromark-extension-to-html,2,mistral,False,False,False,TRUE_HALLUCINATION
micromark-extension-toc,micromark-extension-toc,1,mistral,False,False,False,TRUE_HALLUCINATION
micromark-extension-url,micromark-extension-url,2,mistral,False,False,False,TRUE_HALLUCINATION
micromark-extensions,micromark-extensions,4,mistral,False,False,False,TRUE_HALLUCINATION
micromark-extensions-link,micromark-extensions-link,1,mistral,False,False,False,TRUE_HALLUCINATION
micromark-factory-text,micromark-factory-text,1,gpt_oss,False,False,False,TRUE_HALLUCINATION
micromark-gfm,micromark-gfm,13,"gemma,marin,mistral",False,False,False,TRUE_HALLUCINATION
micromark-gfm-table,micromark-gfm-table,2,mistral,False,False,False,TRUE_HALLUCINATION
micromark-html,micromark-html,5,mistral,False,False,False,TRUE_HALLUCINATION
micromark-parse-all,micromark-parse-all,4,mistral,False,False,False,TRUE_HALLUCINATION
micromark-parser,micromark-parser,1,marin,False,False,False,TRUE_HALLUCINATION
micromark-parser-context,micromark-parser-context,1,mistral,False,False,False,TRUE_HALLUCINATION
micromark-plugin-gfm-tag,micromark-plugin-gfm-tag,1,marin,False,False,False,TRUE_HALLUCINATION
micromark-plugin-tag,micromark-plugin-tag,1,marin,False,False,False,TRUE_HALLUCINATION
micromark-remark,micromark-remark,1,marin,False,False,False,TRUE_HALLUCINATION
micromark-resolve-subtoken,micromark-resolve-subtoken,1,qwen,False,False,False,TRUE_HALLUCINATION
micromark-schema-html5-without-mathml,micromark-schema-html5-without-mathml,1,mistral,False,False,False,TRUE_HALLUCINATION
micromark-symbols,micromark-symbols,1,marin,False,False,False,TRUE_HALLUCINATION
micromark-syntax-highlighter,micromark-syntax-highlighter,1,gemma,False,False,False,TRUE_HALLUCINATION
micromark-task-lists,micromark-task-lists,1,mistral,False,False,False,TRUE_HALLUCINATION
micromark-tasklist,micromark-tasklist,1,marin,False,False,False,TRUE_HALLUCINATION
micromark-to-html,micromark-to-html,1,mistral,False,False,False,TRUE_HALLUCINATION
micromark-tokenize,micromark-tokenize,1,qwen,False,False,False,TRUE_HALLUCINATION
micromark-tokenize-url,micromark-tokenize-url,1,qwen,False,False,False,TRUE_HALLUCINATION
micromark-tree-adapter-default,micromark-tree-adapter-default,1,mistral,False,False,False,TRUE_HALLUCINATION
micromark-unicode,micromark-unicode,1,mistral,False,False,False,TRUE_HALLUCINATION
micromark-util-codeblock,micromark-util-codeblock,1,mistral,False,False,False,TRUE_HALLUCINATION
micromark-util-fence,micromark-util-fence,1,mistral,False,False,False,TRUE_HALLUCINATION
micromark-util-find-and-capture,micromark-util-find-and-capture,1,mistral,False,False,False,TRUE_HALLUCINATION
micromark-util-find-attr,micromark-util-find-attr,1,mistral,False,False,False,TRUE_HALLUCINATION
micromark-util-find-heading,micromark-util-find-heading,1,mistral,False,False,False,TRUE_HALLUCINATION
micromark-util-find-in-string,micromark-util-find-in-string,1,mistral,False,False,False,TRUE_HALLUCINATION
micromark-util-find-link,micromark-util-find-link,3,mistral,False,False,False,TRUE_HALLUCINATION
micromark-util-find-link-reference,micromark-util-find-link-reference,5,mistral,False,False,False,TRUE_HALLUCINATION
micromark-util-find-parent,micromark-util-find-parent,2,mistral,False,False,False,TRUE_HALLUCINATION
micromark-util-find-substitution,micromark-util-find-substitution,1,mistral,False,False,False,TRUE_HALLUCINATION
micromark-util-find-syntax-token-at,micromark-util-find-syntax-token-at,1,mistral,False,False,False,TRUE_HALLUCINATION
micromark-util-fragment,micromark-util-fragment,3,mistral,False,False,False,TRUE_HALLUCINATION
micromark-util-framed,micromark-util-framed,2,mistral,False,False,False,TRUE_HALLUCINATION
micromark-util-frank,micromark-util-frank,2,mistral,False,False,False,TRUE_HALLUCINATION
micromark-util-franklin,micromark-util-franklin,3,mistral,False,False,False,TRUE_HALLUCINATION
micromark-util-from-markdown,micromark-util-from-markdown,1,mistral,False,False,False,TRUE_HALLUCINATION
micromark-util-from-stream,micromark-util-from-stream,1,mistral,False,False,False,TRUE_HALLUCINATION
micromark-util-headings,micromark-util-headings,1,mistral,False,False,False,TRUE_HALLUCINATION
micromark-util-html,micromark-util-html,1,mistral,False,False,False,TRUE_HALLUCINATION
micromark-util-html-attributes,micromark-util-html-attributes,1,mistral,False,False,False,TRUE_HALLUCINATION
micromark-util-html-block,micromark-util-html-block,1,mistral,False,False,False,TRUE_HALLUCINATION
micromark-util-html-comment,micromark-util-html-comment,1,mistral,False,False,False,TRUE_HALLUCINATION
micromark-util-html-endtag,micromark-util-html-endtag,1,mistral,False,False,False,TRUE_HALLUCINATION
micromark-util-html-inline,micromark-util-html-inline,1,mistral,False,False,False,TRUE_HALLUCINATION
micromark-util-html-parsecomplete,micromark-util-html-parsecomplete,1,mistral,False,False,False,TRUE_HALLUCINATION
micromark-util-html-parsedone,micromark-util-html-parsedone,1,mistral,False,False,False,TRUE_HALLUCINATION
micromark-util-html-parseerror,micromark-util-html-parseerror,1,mistral,False,False,False,TRUE_HALLUCINATION
micromark-util-html-raw,micromark-util-html-raw,1,mistral,False,False,False,TRUE_HALLUCINATION
micromark-util-html-selfclosing,micromark-util-html-selfclosing,1,mistral,False,False,False,TRUE_HALLUCINATION
micromark-util-html-starttag,micromark-util-html-starttag,1,mistral,False,False,False,TRUE_HALLUCINATION
micromark-util-html-tagname,micromark-util-html-tagname,1,mistral,False,False,False,TRUE_HALLUCINATION
micromark-util-html-text,micromark-util-html-text,1,mistral,False,False,False,TRUE_HALLUCINATION
micromark-util-image,micromark-util-image,1,mistral,False,False,False,TRUE_HALLUCINATION
micromark-util-is,micromark-util-is,1,mistral,False,False,False,TRUE_HALLUCINATION
micromark-util-is-subtoken,micromark-util-is-subtoken,2,mistral,False,False,False,TRUE_HALLUCINATION
micromark-util-is-whitespace,micromark-util-is-whitespace,1,mistral,False,False,False,TRUE_HALLUCINATION
micromark-util-links,micromark-util-links,1,mistral,False,False,False,TRUE_HALLUCINATION
micromark-util-list,micromark-util-list,1,mistral,False,False,False,TRUE_HALLUCINATION
micromark-util-listitem,micromark-util-listitem,1,mistral,False,False,False,TRUE_HALLUCINATION
micromark-util-markdown,micromark-util-markdown,1,qwen,False,False,False,TRUE_HALLUCINATION
micromark-util-parse-link-reference,micromark-util-parse-link-reference,1,mistral,False,False,False,TRUE_HALLUCINATION
micromark-util-parse-text,micromark-util-parse-text,1,mistral,False,False,False,TRUE_HALLUCINATION
micromark-util-sanitize-url,micromark-util-sanitize-url,4,"gpt_oss,mistral",False,False,False,TRUE_HALLUCINATION
micromark-util-slicer,micromark-util-slicer,1,mistral,False,False,False,TRUE_HALLUCINATION
micromark-util-stringify,micromark-util-stringify,1,mistral,False,False,False,TRUE_HALLUCINATION
micromark-util-syntax-tree,micromark-util-syntax-tree,1,gpt_oss,False,False,False,TRUE_HALLUCINATION
micromark-util-to-ast,micromark-util-to-ast,1,mistral,False,False,False,TRUE_HALLUCINATION
micromark-util-to-hast,micromark-util-to-hast,1,mistral,False,False,False,TRUE_HALLUCINATION
micromark-util-to-string,micromark-util-to-string,2,mistral,False,False,False,TRUE_HALLUCINATION
micromark-util-to-vfile,micromark-util-to-vfile,1,mistral,False,False,False,TRUE_HALLUCINATION
micromark-util-tokens,micromark-util-tokens,1,mistral,False,False,False,TRUE_HALLUCINATION
micromark-util-type,micromark-util-type,2,mistral,False,False,False,TRUE_HALLUCINATION
micromark-util-type-text,micromark-util-type-text,1,mistral,False,False,False,TRUE_HALLUCINATION
micromark-util-types-link,micromark-util-types-link,1,mistral,False,False,False,TRUE_HALLUCINATION
micromark-util-typescript,micromark-util-typescript,1,mistral,False,False,False,TRUE_HALLUCINATION
micromark-util-unvisit,micromark-util-unvisit,1,mistral,False,False,False,TRUE_HALLUCINATION
micromark-util-unwrap,micromark-util-unwrap,6,mistral,False,False,False,TRUE_HALLUCINATION
micromark-util-visit,micromark-util-visit,14,mistral,False,False,False,TRUE_HALLUCINATION
micromark-util-visit-link,micromark-util-visit-link,1,mistral,False,False,False,TRUE_HALLUCINATION
micromark-util-visit-url,micromark-util-visit-url,1,mistral,False,False,False,TRUE_HALLUCINATION
micromark-utils,micromark-utils,4,mistral,False,False,False,TRUE_HALLUCINATION
micromark.util,micromark.util,1,codellama7b,False,False,False,TRUE_HALLUCINATION
micronaut-http-client,micronaut-http-client,2,"gemma,marin",False,False,False,TRUE_HALLUCINATION
microsoft-aad-client,microsoft-aad-client,1,mistral,False,False,False,TRUE_HALLUCINATION
microsoft-aspnet-core,microsoft-aspnet-core,1,gemma,False,False,False,TRUE_HALLUCINATION
microsoft-authentication-library,microsoft-authentication-library,2,mistral,False,False,False,TRUE_HALLUCINATION
microsoft-authentication-library-for-javascript,microsoft-authentication-library-for-javascript,4,marin,False,False,False,TRUE_HALLUCINATION
middleware-expect-continue,middleware-expect-continue,5,"codellama7b,gemma,marin,mistral",False,False,False,TRUE_HALLUCINATION
middleware-ssec,middleware-ssec,8,"codellama7b,gemma,marin,mistral,qwen",False,False,False,TRUE_HALLUCINATION
milvus-client-nodejs,milvus-client-nodejs,1,gpt_oss,False,False,False,TRUE_HALLUCINATION
mime-base,mime-base,1,gemma,False,False,False,TRUE_HALLUCINATION
mime-guess,mime-guess,1,mistral,False,False,False,TRUE_HALLUCINATION
mime-types-map,mime-types-map,1,mistral,False,False,False,TRUE_HALLUCINATION
mimic-glob,mimic-glob,1,mistral,False,False,False,TRUE_HALLUCINATION
min-max-precise,min-max-precise,1,mistral,False,False,False,TRUE_HALLUCINATION
min-max-rand,min-max-rand,1,mistral,False,False,False,TRUE_HALLUCINATION
min-regex-parser,min-regex-parser,1,mistral,False,False,False,TRUE_HALLUCINATION
min-string-builder,min-string-builder,2,mistral,False,False,False,TRUE_HALLUCINATION
min-word-length,min-word-length,1,mistral,False,False,False,TRUE_HALLUCINATION
minecraft-cli-json,minecraft-cli-json,1,gemma,False,False,False,TRUE_HALLUCINATION
mini-pass,mini-pass,1,qwen,False,False,False,TRUE_HALLUCINATION
minify-css,minify-css,1,mistral,False,False,False,TRUE_HALLUCINATION
minimalist-module-loader,minimalist-module-loader,1,codellama7b,False,False,False,TRUE_HALLUCINATION
minimatch-regex,minimatch-regex,1,mistral,False,False,False,TRUE_HALLUCINATION
minipass-json,minipass-json,1,mistral,False,False,False,TRUE_HALLUCINATION
minipass-parse,minipass-parse,2,mistral,False,False,False,TRUE_HALLUCINATION
minipass-stream,minipass-stream,1,mistral,False,False,False,TRUE_HALLUCINATION
minipass-transform,minipass-transform,1,gpt_oss,False,False,False,TRUE_HALLUCINATION
mips-abi-mips64el,mips-abi-mips64el,1,mistral,False,False,False,TRUE_HALLUCINATION
mips-toolchain-gcc,mips-toolchain-gcc,1,mistral,False,False,False,TRUE_HALLUCINATION
miragejs-factory,miragejs-factory,1,gemma,False,False,False,TRUE_HALLUCINATION
missing-export,missing-export,9,"codellama7b,gemma,gpt_oss,marin,mistral,qwen",False,False,False,TRUE_HALLUCINATION
mj-image,mj-image,1,marin,False,False,False,TRUE_HALLUCINATION
mj-mediaquery,mj-mediaquery,1,marin,False,False,False,TRUE_HALLUCINATION
mj-text,mj-text,1,marin,False,False,False,TRUE_HALLUCINATION
mjml-parser-gherkin,mjml-parser-gherkin,1,mistral,False,False,False,TRUE_HALLUCINATION
mjsdom,mjsdom,1,mistral,False,False,False,TRUE_HALLUCINATION
ml-classification,ml-classification,2,mistral,False,False,False,TRUE_HALLUCINATION
ml-cluster,ml-cluster,1,mistral,False,False,False,TRUE_HALLUCINATION
ml-density,ml-density,1,mistral,False,False,False,TRUE_HALLUCINATION
ml-estimator,ml-estimator,1,mistral,False,False,False,TRUE_HALLUCINATION
ml-feature-engine,ml-feature-engine,1,mistral,False,False,False,TRUE_HALLUCINATION
ml-hyperopt,ml-hyperopt,1,qwen,False,False,False,TRUE_HALLUCINATION
ml-pipeline,ml-pipeline,1,mistral,False,False,False,TRUE_HALLUCINATION
ml-sklearn,ml-sklearn,1,mistral,False,False,False,TRUE_HALLUCINATION
ml-sklearn-adapters,ml-sklearn-adapters,1,mistral,False,False,False,TRUE_HALLUCINATION
ml-stats,ml-stats,1,mistral,False,False,False,TRUE_HALLUCINATION
mnemonic-utils,mnemonic-utils,1,gemma,False,False,False,TRUE_HALLUCINATION
mocha-chai-sinon,mocha-chai-sinon,1,mistral,False,False,False,TRUE_HALLUCINATION
mocha-karma-adapter,mocha-karma-adapter,1,mistral,False,False,False,TRUE_HALLUCINATION
mocha-plugin-istanbul,mocha-plugin-istanbul,1,gemma,False,False,False,TRUE_HALLUCINATION
mocha-timeout,mocha-timeout,3,"gemma,mistral",False,False,False,TRUE_HALLUCINATION
mochawesome-merge-report,mochawesome-merge-report,1,mistral,False,False,False,TRUE_HALLUCINATION
mochtest,mochtest,1,gemma,False,False,False,TRUE_HALLUCINATION
mock-crypto,mock-crypto,1,mistral,False,False,False,TRUE_HALLUCINATION
model.json,model.json,1,mistral,False,False,False,TRUE_HALLUCINATION
models.js,models.js,1,gpt_oss,False,False,False,TRUE_HALLUCINATION
module-deps-stream,module-deps-stream,1,qwen,False,False,False,TRUE_HALLUCINATION
module-name1,module-name1,1,mistral,False,False,False,TRUE_HALLUCINATION
module-name2,module-name2,1,mistral,False,False,False,TRUE_HALLUCINATION
module-that-throws-error,module-that-throws-error,1,gemma,False,False,False,TRUE_HALLUCINATION
module.patch,module.patch,1,marin,False,False,False,TRUE_HALLUCINATION
module.patcher,module.patcher,1,marin,False,False,False,TRUE_HALLUCINATION
module1.js,module1.js,1,marin,False,False,False,TRUE_HALLUCINATION
module2.js,module2.js,1,marin,False,False,False,TRUE_HALLUCINATION
moduleA,moduleA,4,"gemma,qwen",False,False,False,TRUE_HALLUCINATION
moduleB,moduleB,5,"gemma,qwen",False,False,False,TRUE_HALLUCINATION
moduleC,moduleC,1,gemma,False,False,False,TRUE_HALLUCINATION
modules-utils,modules-utils,1,gemma,False,False,False,TRUE_HALLUCINATION
modulo-math,modulo-math,1,mistral,False,False,False,TRUE_HALLUCINATION
modulo-package,modulo-package,1,mistral,False,False,False,TRUE_HALLUCINATION
moment-calendars,moment-calendars,1,marin,False,False,False,TRUE_HALLUCINATION
moment-cron,moment-cron,6,"marin,mistral,qwen",False,False,False,TRUE_HALLUCINATION
moment-duration-parse,moment-duration-parse,1,mistral,False,False,False,TRUE_HALLUCINATION
moment-locale-en,moment-locale-en,1,mistral,False,False,False,TRUE_HALLUCINATION
moment-with-locales,moment-with-locales,4,marin,False,False,False,TRUE_HALLUCINATION
mongodb-find-or-modify,mongodb-find-or-modify,1,mistral,False,False,False,TRUE_HALLUCINATION
mongodb-query-builder,mongodb-query-builder,1,codellama7b,False,False,False,TRUE_HALLUCINATION
mongodb-streams,mongodb-streams,1,codellama7b,False,False,False,TRUE_HALLUCINATION
mongoose-error-middleware,mongoose-error-middleware,1,mistral,False,False,False,TRUE_HALLUCINATION
mongoose-json,mongoose-json,2,gemma,False,False,False,TRUE_HALLUCINATION
mongoose-map-schema,mongoose-map-schema,1,mistral,False,False,False,TRUE_HALLUCINATION
mongoose-query-builder,mongoose-query-builder,1,codellama7b,False,False,False,TRUE_HALLUCINATION
mongoose-ssl-verify,mongoose-ssl-verify,1,mistral,False,False,False,TRUE_HALLUCINATION
mongoose-string-id,mongoose-string-id,1,mistral,False,False,False,TRUE_HALLUCINATION
more-itertools,more-itertools,1,mistral,False,False,False,TRUE_HALLUCINATION
mouse-coordinates,mouse-coordinates,1,codellama7b,False,False,False,TRUE_HALLUCINATION
mousepx,mousepx,1,mistral,False,False,False,TRUE_HALLUCINATION
mozilla-js-parser,mozilla-js-parser,1,qwen,False,False,False,TRUE_HALLUCINATION
mozilla-js-parser-api,mozilla-js-parser-api,1,codellama7b,False,False,False,TRUE_HALLUCINATION
mpd-js,mpd-js,2,marin,False,False,False,TRUE_HALLUCINATION
mpds-parser-js,mpds-parser-js,1,mistral,False,False,False,TRUE_HALLUCINATION
mpegts,mpegts,1,codellama7b,False,False,False,TRUE_HALLUCINATION
mpijs,mpijs,1,mistral,False,False,False,TRUE_HALLUCINATION
ms-authlib,ms-authlib,2,marin,False,False,False,TRUE_HALLUCINATION
ms-vscode.js-debug,ms-vscode.js-debug,3,codellama7b,False,False,False,TRUE_HALLUCINATION
mui-x,mui-x,1,mistral,False,False,False,TRUE_HALLUCINATION
mui-x-date-pickers,mui-x-date-pickers,1,mistral,False,False,False,TRUE_HALLUCINATION
mulaw,mulaw,1,mistral,False,False,False,TRUE_HALLUCINATION
multer-extra-memory,multer-extra-memory,1,mistral,False,False,False,TRUE_HALLUCINATION
multer-memory,multer-memory,1,mistral,False,False,False,TRUE_HALLUCINATION
multer-progress,multer-progress,1,mistral,False,False,False,TRUE_HALLUCINATION
multer-saved-storage,multer-saved-storage,1,mistral,False,False,False,TRUE_HALLUCINATION
multidimensional-array,multidimensional-array,1,mistral,False,False,False,TRUE_HALLUCINATION
murmurhash-128,murmurhash-128,1,gemma,False,False,False,TRUE_HALLUCINATION
murmurhash-32,murmurhash-32,1,gemma,False,False,False,TRUE_HALLUCINATION
murmurhash3-js,murmurhash3-js,1,mistral,False,False,False,TRUE_HALLUCINATION
mutationobserver,mutationobserver,1,mistral,False,False,False,TRUE_HALLUCINATION
my-alias,my-alias,2,"gemma,mistral",False,False,False,TRUE_HALLUCINATION
my-assert,my-assert,1,codellama7b,False,False,False,TRUE_HALLUCINATION
my-buffer,my-buffer,1,mistral,False,False,False,TRUE_HALLUCINATION
my-build-system,my-build-system,1,codellama7b,False,False,False,TRUE_HALLUCINATION
my-build-tool,my-build-tool,1,mistral,False,False,False,TRUE_HALLUCINATION
my-cli-1.0.0.tgz,my-cli-1.0.0.tgz,1,mistral,False,False,False,TRUE_HALLUCINATION
my-custom-module,my-custom-module,2,mistral,False,False,False,TRUE_HALLUCINATION
my-cwebp,my-cwebp,1,mistral,False,False,False,TRUE_HALLUCINATION
my-graphics-package,my-graphics-package,1,mistral,False,False,False,TRUE_HALLUCINATION
my-import-plugin,my-import-plugin,1,mistral,False,False,False,TRUE_HALLUCINATION
my-json-data,my-json-data,1,codellama7b,False,False,False,TRUE_HALLUCINATION
my-koa-plugin,my-koa-plugin,1,mistral,False,False,False,TRUE_HALLUCINATION
my-material-ui,my-material-ui,1,mistral,False,False,False,TRUE_HALLUCINATION
my-math-module,my-math-module,1,codellama7b,False,False,False,TRUE_HALLUCINATION
my-module-resolver,my-module-resolver,1,mistral,False,False,False,TRUE_HALLUCINATION
my-plugin,my-plugin,1,marin,False,False,False,TRUE_HALLUCINATION
my-prebuilt-gyp,my-prebuilt-gyp,1,mistral,False,False,False,TRUE_HALLUCINATION
my-react-component,my-react-component,1,codellama7b,False,False,False,TRUE_HALLUCINATION
my-schematic-library,my-schematic-library,2,codellama7b,False,False,False,TRUE_HALLUCINATION
my-third-party-component,my-third-party-component,1,mistral,False,False,False,TRUE_HALLUCINATION
my-virtual-module,my-virtual-module,1,mistral,False,False,False,TRUE_HALLUCINATION
my-yarn-package,my-yarn-package,1,mistral,False,False,False,TRUE_HALLUCINATION
myModel,myModel,1,mistral,False,False,False,TRUE_HALLUCINATION
myModule.js,myModule.js,1,marin,False,False,False,TRUE_HALLUCINATION
myNonAMDModule,myNonAMDModule,1,marin,False,False,False,TRUE_HALLUCINATION
my_addon,my_addon,1,gemma,False,False,False,TRUE_HALLUCINATION
myaddon,myaddon,1,gpt_oss,False,False,False,TRUE_HALLUCINATION
n8n-node-functions,n8n-node-functions,1,gemma,False,False,False,TRUE_HALLUCINATION
nSubstitute,nSubstitute,1,gemma,False,False,False,TRUE_HALLUCINATION
napi,napi,2,"codellama7b,marin",False,False,False,TRUE_HALLUCINATION
napi-utils,napi-utils,1,codellama7b,False,False,False,TRUE_HALLUCINATION
native-esm,native-esm,2,codellama7b,False,False,False,TRUE_HALLUCINATION
native-node-addon-api,native-node-addon-api,2,mistral,False,False,False,TRUE_HALLUCINATION
native-transform,native-transform,1,gpt_oss,False,False,False,TRUE_HALLUCINATION
native-winstore,native-winstore,1,mistral,False,False,False,TRUE_HALLUCINATION
natural.PorterStemmer,natural.PorterStemmer,2,marin,False,False,False,TRUE_HALLUCINATION
natural.stopwords,natural.stopwords,1,marin,False,False,False,TRUE_HALLUCINATION
ndarray-flatten,ndarray-flatten,1,mistral,False,False,False,TRUE_HALLUCINATION
ndarray-reshape,ndarray-reshape,1,mistral,False,False,False,TRUE_HALLUCINATION
neggex,neggex,1,mistral,False,False,False,TRUE_HALLUCINATION
neo4j-admin,neo4j-admin,2,mistral,False,False,False,TRUE_HALLUCINATION
neo4j-cypher-dsl,neo4j-cypher-dsl,1,mistral,False,False,False,TRUE_HALLUCINATION
neo4j-cypherdsl,neo4j-cypherdsl,1,mistral,False,False,False,TRUE_HALLUCINATION
nested-selectors-plugin,nested-selectors-plugin,1,codellama7b,False,False,False,TRUE_HALLUCINATION
nestjs-cookie-parser,nestjs-cookie-parser,1,gemma,False,False,False,TRUE_HALLUCINATION
nestjs-exception-filters,nestjs-exception-filters,1,codellama7b,False,False,False,TRUE_HALLUCINATION
nestjs-testing,nestjs-testing,1,codellama7b,False,False,False,TRUE_HALLUCINATION
net-bonjour,net-bonjour,5,marin,False,False,False,TRUE_HALLUCINATION
net_kernel,net_kernel,1,qwen,False,False,False,TRUE_HALLUCINATION
netcat-js,netcat-js,1,codellama7b,False,False,False,TRUE_HALLUCINATION
network-util,network-util,9,"codellama7b,gemma,gpt_oss,marin,mistral,qwen",False,False,False,TRUE_HALLUCINATION
network.js,network.js,3,"gemma,mistral,qwen",False,False,False,TRUE_HALLUCINATION
new-module-name,new-module-name,1,mistral,False,False,False,TRUE_HALLUCINATION
next-babel-plugin,next-babel-plugin,1,mistral,False,False,False,TRUE_HALLUCINATION
next-dynamic-meta,next-dynamic-meta,1,codellama7b,False,False,False,TRUE_HALLUCINATION
next-env-friendly,next-env-friendly,1,mistral,False,False,False,TRUE_HALLUCINATION
next-error-mock,next-error-mock,1,codellama7b,False,False,False,TRUE_HALLUCINATION
next-eslint-plugin,next-eslint-plugin,1,mistral,False,False,False,TRUE_HALLUCINATION
next-favicon,next-favicon,1,codellama7b,False,False,False,TRUE_HALLUCINATION
next-firebase-app,next-firebase-app,1,qwen,False,False,False,TRUE_HALLUCINATION
next-generation-input,next-generation-input,1,marin,False,False,False,TRUE_HALLUCINATION
next-generation-module,next-generation-module,1,marin,False,False,False,TRUE_HALLUCINATION
next-generation-optimization,next-generation-optimization,1,marin,False,False,False,TRUE_HALLUCINATION
next-generation-output,next-generation-output,1,marin,False,False,False,TRUE_HALLUCINATION
next-generation-testing-framework,next-generation-testing-framework,1,marin,False,False,False,TRUE_HALLUCINATION
next-head,next-head,1,mistral,False,False,False,TRUE_HALLUCINATION
next-head-tags,next-head-tags,1,codellama7b,False,False,False,TRUE_HALLUCINATION
next-html-webpack-plugin,next-html-webpack-plugin,1,mistral,False,False,False,TRUE_HALLUCINATION
next-metadata-server,next-metadata-server,2,mistral,False,False,False,TRUE_HALLUCINATION
next-mongodb,next-mongodb,1,codellama7b,False,False,False,TRUE_HALLUCINATION
next-mongodb-data,next-mongodb-data,2,mistral,False,False,False,TRUE_HALLUCINATION
next-mongodb-middleware,next-mongodb-middleware,1,mistral,False,False,False,TRUE_HALLUCINATION
next-response,next-response,1,codellama7b,False,False,False,TRUE_HALLUCINATION
next-sanctum,next-sanctum,1,codellama7b,False,False,False,TRUE_HALLUCINATION
next-script,next-script,2,mistral,False,False,False,TRUE_HALLUCINATION
next-test-utils,next-test-utils,1,codellama7b,False,False,False,TRUE_HALLUCINATION
next-url-rewriter,next-url-rewriter,1,mistral,False,False,False,TRUE_HALLUCINATION
nextcord,nextcord,1,qwen,False,False,False,TRUE_HALLUCINATION
ngKeyboard,ngKeyboard,1,codellama7b,False,False,False,TRUE_HALLUCINATION
ngx-open-graph-meta,ngx-open-graph-meta,1,mistral,False,False,False,TRUE_HALLUCINATION
nimbleswift,nimbleswift,1,mistral,False,False,False,TRUE_HALLUCINATION
node-addon-builder,node-addon-builder,7,"codellama7b,gemma,gpt_oss,marin,mistral",False,False,False,TRUE_HALLUCINATION
node-applescript,node-applescript,1,mistral,False,False,False,TRUE_HALLUCINATION
node-audioplayer,node-audioplayer,1,marin,False,False,False,TRUE_HALLUCINATION
node-cache-headers,node-cache-headers,1,mistral,False,False,False,TRUE_HALLUCINATION
node-cache-lru,node-cache-lru,1,mistral,False,False,False,TRUE_HALLUCINATION
node-cades,node-cades,1,gpt_oss,False,False,False,TRUE_HALLUCINATION
node-cancellable-promise,node-cancellable-promise,1,mistral,False,False,False,TRUE_HALLUCINATION
node-captalize,node-captalize,1,mistral,False,False,False,TRUE_HALLUCINATION
node-cast,node-cast,2,marin,False,False,False,TRUE_HALLUCINATION
node-certificate-authority,node-certificate-authority,1,codellama7b,False,False,False,TRUE_HALLUCINATION
node-chardet,node-chardet,1,mistral,False,False,False,TRUE_HALLUCINATION
node-coverart,node-coverart,1,qwen,False,False,False,TRUE_HALLUCINATION
node-cpuid,node-cpuid,1,mistral,False,False,False,TRUE_HALLUCINATION
node-crl,node-crl,3,"gpt_oss,mistral",False,False,False,TRUE_HALLUCINATION
node-crypto-signing,node-crypto-signing,1,codellama7b,False,False,False,TRUE_HALLUCINATION
node-ctypes,node-ctypes,1,qwen,False,False,False,TRUE_HALLUCINATION
node-debounce,node-debounce,1,mistral,False,False,False,TRUE_HALLUCINATION
node-debugging-tools,node-debugging-tools,1,codellama7b,False,False,False,TRUE_HALLUCINATION
node-des,node-des,1,mistral,False,False,False,TRUE_HALLUCINATION
node-device-info,node-device-info,1,mistral,False,False,False,TRUE_HALLUCINATION
node-dpapi,node-dpapi,1,mistral,False,False,False,TRUE_HALLUCINATION
node-dpdk,node-dpdk,1,mistral,False,False,False,TRUE_HALLUCINATION
node-env-info,node-env-info,1,mistral,False,False,False,TRUE_HALLUCINATION
node-env-utils,node-env-utils,1,mistral,False,False,False,TRUE_HALLUCINATION
node-event-loop-monitor,node-event-loop-monitor,1,marin,False,False,False,TRUE_HALLUCINATION
node-fetch-webpack,node-fetch-webpack,1,mistral,False,False,False,TRUE_HALLUCINATION
node-ffi-napi,node-ffi-napi,3,marin,False,False,False,TRUE_HALLUCINATION
node-fs-event,node-fs-event,2,mistral,False,False,False,TRUE_HALLUCINATION
node-fs-junction,node-fs-junction,1,mistral,False,False,False,TRUE_HALLUCINATION
node-gatt,node-gatt,1,mistral,False,False,False,TRUE_HALLUCINATION
node-get-mac-address,node-get-mac-address,1,mistral,False,False,False,TRUE_HALLUCINATION
node-googlemaps,node-googlemaps,1,marin,False,False,False,TRUE_HALLUCINATION
node-heif,node-heif,1,mistral,False,False,False,TRUE_HALLUCINATION
node-hsm,node-hsm,1,qwen,False,False,False,TRUE_HALLUCINATION
node-int16-buffer,node-int16-buffer,1,mistral,False,False,False,TRUE_HALLUCINATION
node-iodk,node-iodk,1,qwen,False,False,False,TRUE_HALLUCINATION
node-jdbc,node-jdbc,1,gpt_oss,False,False,False,TRUE_HALLUCINATION
node-jose-crypto,node-jose-crypto,1,marin,False,False,False,TRUE_HALLUCINATION
node-lcov-report,node-lcov-report,1,mistral,False,False,False,TRUE_HALLUCINATION
node-libuv,node-libuv,1,mistral,False,False,False,TRUE_HALLUCINATION
node-lsp,node-lsp,1,marin,False,False,False,TRUE_HALLUCINATION
node-mail-attachments,node-mail-attachments,1,mistral,False,False,False,TRUE_HALLUCINATION
node-mexc,node-mexc,1,mistral,False,False,False,TRUE_HALLUCINATION
node-minmaxscaler,node-minmaxscaler,1,qwen,False,False,False,TRUE_HALLUCINATION
node-module-to-mock,node-module-to-mock,1,mistral,False,False,False,TRUE_HALLUCINATION
node-modules-helpers,node-modules-helpers,1,mistral,False,False,False,TRUE_HALLUCINATION
node-mpd-parser,node-mpd-parser,1,qwen,False,False,False,TRUE_HALLUCINATION
node-native-module,node-native-module,1,marin,False,False,False,TRUE_HALLUCINATION
node-normalize-path,node-normalize-path,1,mistral,False,False,False,TRUE_HALLUCINATION
node-ocsp,node-ocsp,3,"gpt_oss,mistral",False,False,False,TRUE_HALLUCINATION
node-oracledb-utils,node-oracledb-utils,1,mistral,False,False,False,TRUE_HALLUCINATION
node-osx-tun,node-osx-tun,1,mistral,False,False,False,TRUE_HALLUCINATION
node-p11,node-p11,1,mistral,False,False,False,TRUE_HALLUCINATION
node-pem,node-pem,1,mistral,False,False,False,TRUE_HALLUCINATION
node-performance-profiling,node-performance-profiling,1,marin,False,False,False,TRUE_HALLUCINATION
node-pg-cli,node-pg-cli,1,mistral,False,False,False,TRUE_HALLUCINATION
node-pg-crypto,node-pg-crypto,1,mistral,False,False,False,TRUE_HALLUCINATION
node-pkg-info,node-pkg-info,1,mistral,False,False,False,TRUE_HALLUCINATION
node-pool,node-pool,3,"codellama7b,mistral",False,False,False,TRUE_HALLUCINATION
node-port-finder,node-port-finder,2,mistral,False,False,False,TRUE_HALLUCINATION
node-sass-js,node-sass-js,1,qwen,False,False,False,TRUE_HALLUCINATION
node-serialport,node-serialport,1,codellama7b,False,False,False,TRUE_HALLUCINATION
node-smiime,node-smiime,1,mistral,False,False,False,TRUE_HALLUCINATION
node-speech-recognizer,node-speech-recognizer,1,gemma,False,False,False,TRUE_HALLUCINATION
node-sqlcipher,node-sqlcipher,1,gpt_oss,False,False,False,TRUE_HALLUCINATION
node-ssl-renegotiation,node-ssl-renegotiation,1,mistral,False,False,False,TRUE_HALLUCINATION
node-ssl-root-cas,node-ssl-root-cas,1,codellama7b,False,False,False,TRUE_HALLUCINATION
node-ssleay,node-ssleay,1,mistral,False,False,False,TRUE_HALLUCINATION
node-sso-login,node-sso-login,9,"codellama7b,gemma,gpt_oss,marin,mistral,qwen",False,False,False,TRUE_HALLUCINATION
node-stream-to-buffer,node-stream-to-buffer,1,mistral,False,False,False,TRUE_HALLUCINATION
node-struct,node-struct,1,mistral,False,False,False,TRUE_HALLUCINATION
node-superagent,node-superagent,1,mistral,False,False,False,TRUE_HALLUCINATION
node-timestamp,node-timestamp,1,gpt_oss,False,False,False,TRUE_HALLUCINATION
node-tpm,node-tpm,2,"mistral,qwen",False,False,False,TRUE_HALLUCINATION
node-type,node-type,1,mistral,False,False,False,TRUE_HALLUCINATION
node-unicode-utf8,node-unicode-utf8,1,mistral,False,False,False,TRUE_HALLUCINATION
node-virtual-audio,node-virtual-audio,2,marin,False,False,False,TRUE_HALLUCINATION
node-vm,node-vm,1,mistral,False,False,False,TRUE_HALLUCINATION
node-web-storage,node-web-storage,1,marin,False,False,False,TRUE_HALLUCINATION
node-webcrypto,node-webcrypto,2,mistral,False,False,False,TRUE_HALLUCINATION
node-webhook,node-webhook,1,gemma,False,False,False,TRUE_HALLUCINATION
node-x509,node-x509,3,"codellama7b,mistral",False,False,False,TRUE_HALLUCINATION
node-youtube-api-v3,node-youtube-api-v3,1,marin,False,False,False,TRUE_HALLUCINATION
node-yubikey,node-yubikey,1,mistral,False,False,False,TRUE_HALLUCINATION
node-zipfile,node-zipfile,1,codellama7b,False,False,False,TRUE_HALLUCINATION
nodejs-mailer,nodejs-mailer,1,mistral,False,False,False,TRUE_HALLUCINATION
nodemailer-esmtpa-transport,nodemailer-esmtpa-transport,1,codellama7b,False,False,False,TRUE_HALLUCINATION
nodemailer-mailauth,nodemailer-mailauth,2,"codellama7b,qwen",False,False,False,TRUE_HALLUCINATION
nodemailer-semmp-transport,nodemailer-semmp-transport,1,codellama7b,False,False,False,TRUE_HALLUCINATION
nodemailer-starter,nodemailer-starter,1,mistral,False,False,False,TRUE_HALLUCINATION
non-existent-module,non-existent-module,7,"gemma,gpt_oss,marin,mistral,qwen",False,False,False,TRUE_HALLUCINATION
nonexistent-module,nonexistent-module,1,marin,False,False,False,TRUE_HALLUCINATION
nope-js,nope-js,1,gemma,False,False,False,TRUE_HALLUCINATION
normalize-binary,normalize-binary,1,marin,False,False,False,TRUE_HALLUCINATION
normalize-es6-module-names,normalize-es6-module-names,1,mistral,False,False,False,TRUE_HALLUCINATION
not-a-function,not-a-function,8,"codellama7b,gemma,gpt_oss,marin,mistral,qwen",False,False,False,TRUE_HALLUCINATION
notifications-nodejs-client,notifications-nodejs-client,1,codellama7b,False,False,False,TRUE_HALLUCINATION
notifu,notifu,7,"codellama7b,gemma,marin,mistral,qwen",False,False,False,TRUE_HALLUCINATION
notify-client,notify-client,1,gpt_oss,False,False,False,TRUE_HALLUCINATION
npm-bundled-dependencies,npm-bundled-dependencies,1,marin,False,False,False,TRUE_HALLUCINATION
npm-check-outdated,npm-check-outdated,2,marin,False,False,False,TRUE_HALLUCINATION
npm-debug.log,npm-debug.log,1,marin,False,False,False,TRUE_HALLUCINATION
npm-dependencies-dev,npm-dependencies-dev,2,marin,False,False,False,TRUE_HALLUCINATION
npm-deprecate,npm-deprecate,1,marin,False,False,False,TRUE_HALLUCINATION
npm-force-resinstall,npm-force-resinstall,1,mistral,False,False,False,TRUE_HALLUCINATION
npm-force-resolution,npm-force-resolution,1,mistral,False,False,False,TRUE_HALLUCINATION
npm-install-ai,npm-install-ai,2,mistral,False,False,False,TRUE_HALLUCINATION
npm-install-exact,npm-install-exact,1,mistral,False,False,False,TRUE_HALLUCINATION
npm-install-git-branch,npm-install-git-branch,2,codellama7b,False,False,False,TRUE_HALLUCINATION
npm-install-git-tag,npm-install-git-tag,2,codellama7b,False,False,False,TRUE_HALLUCINATION
npm-install.log,npm-install.log,2,qwen,False,False,False,TRUE_HALLUCINATION
npm-license-parser,npm-license-parser,11,"codellama7b,gemma,gpt_oss,marin,mistral,qwen",False,False,False,TRUE_HALLUCINATION
npm-log,npm-log,1,mistral,False,False,False,TRUE_HALLUCINATION
npm-manifest-parser,npm-manifest-parser,5,"gemma,gpt_oss,mistral,qwen",False,False,False,TRUE_HALLUCINATION
npm-module-api,npm-module-api,1,qwen,False,False,False,TRUE_HALLUCINATION
npm-name-validate,npm-name-validate,11,"codellama7b,gemma,gpt_oss,marin,mistral,qwen",False,False,False,TRUE_HALLUCINATION
npm-package-json,npm-package-json,1,marin,False,False,False,TRUE_HALLUCINATION
npm-package-license,npm-package-license,2,marin,False,False,False,TRUE_HALLUCINATION
npm-package-locked-parser,npm-package-locked-parser,1,marin,False,False,False,TRUE_HALLUCINATION
npm-packagedir,npm-packagedir,1,mistral,False,False,False,TRUE_HALLUCINATION
npm-pkg-create,npm-pkg-create,1,marin,False,False,False,TRUE_HALLUCINATION
npm-publisher,npm-publisher,1,marin,False,False,False,TRUE_HALLUCINATION
npm-sign,npm-sign,1,mistral,False,False,False,TRUE_HALLUCINATION
npm-sqlite3,npm-sqlite3,1,mistral,False,False,False,TRUE_HALLUCINATION
npm-unlink,npm-unlink,1,mistral,False,False,False,TRUE_HALLUCINATION
npm.config,npm.config,1,marin,False,False,False,TRUE_HALLUCINATION
npm_DIR,npm_DIR,1,marin,False,False,False,TRUE_HALLUCINATION
npmcli-parse-license,npmcli-parse-license,1,gemma,False,False,False,TRUE_HALLUCINATION
nth-checker,nth-checker,1,codellama7b,False,False,False,TRUE_HALLUCINATION
number-is-parseable,number-is-parseable,1,mistral,False,False,False,TRUE_HALLUCINATION
number-isolate,number-isolate,1,mistral,False,False,False,TRUE_HALLUCINATION
number-parser,number-parser,1,codellama7b,False,False,False,TRUE_HALLUCINATION
numerical-sum,numerical-sum,1,mistral,False,False,False,TRUE_HALLUCINATION
numexpr,numexpr,1,mistral,False,False,False,TRUE_HALLUCINATION
numpy-js,numpy-js,2,mistral,False,False,False,TRUE_HALLUCINATION
nuxt-axios,nuxt-axios,1,mistral,False,False,False,TRUE_HALLUCINATION
nuxt-eslint-module,nuxt-eslint-module,1,mistral,False,False,False,TRUE_HALLUCINATION
nuxt-https,nuxt-https,3,"marin,mistral",False,False,False,TRUE_HALLUCINATION
nuxt-layouts,nuxt-layouts,1,codellama7b,False,False,False,TRUE_HALLUCINATION
nuxt-runtime-config,nuxt-runtime-config,1,codellama7b,False,False,False,TRUE_HALLUCINATION
nuxt-socket.io,nuxt-socket.io,1,marin,False,False,False,TRUE_HALLUCINATION
nuxt-ssr-utils,nuxt-ssr-utils,1,codellama7b,False,False,False,TRUE_HALLUCINATION
nuxtjs,nuxtjs,1,marin,False,False,False,TRUE_HALLUCINATION
nvidia-ctrl,nvidia-ctrl,1,qwen,False,False,False,TRUE_HALLUCINATION
nvidia-dsc,nvidia-dsc,1,codellama7b,False,False,False,TRUE_HALLUCINATION
nx-dev,nx-dev,1,marin,False,False,False,TRUE_HALLUCINATION
nyc-istanbul,nyc-istanbul,1,marin,False,False,False,TRUE_HALLUCINATION
oauth1,oauth1,2,marin,False,False,False,TRUE_HALLUCINATION
oauthlib,oauthlib,1,mistral,False,False,False,TRUE_HALLUCINATION
objc-core,objc-core,1,mistral,False,False,False,TRUE_HALLUCINATION
object-assign-meld,object-assign-meld,1,mistral,False,False,False,TRUE_HALLUCINATION
object-get-own-enumerable-properties,object-get-own-enumerable-properties,1,mistral,False,False,False,TRUE_HALLUCINATION
object-get-own-non-enumerable-properties,object-get-own-non-enumerable-properties,1,mistral,False,False,False,TRUE_HALLUCINATION
object-get-prototype-of,object-get-prototype-of,1,mistral,False,False,False,TRUE_HALLUCINATION
object-has-own-property,object-has-own-property,1,mistral,False,False,False,TRUE_HALLUCINATION
object-is-frozen,object-is-frozen,1,mistral,False,False,False,TRUE_HALLUCINATION
object-rest-spread,object-rest-spread,1,codellama7b,False,False,False,TRUE_HALLUCINATION
object.entries-shim,object.entries-shim,1,marin,False,False,False,TRUE_HALLUCINATION
oboe.js,oboe.js,1,gemma,False,False,False,TRUE_HALLUCINATION
ocaml-js,ocaml-js,1,codellama7b,False,False,False,TRUE_HALLUCINATION
ocaml-parser,ocaml-parser,1,codellama7b,False,False,False,TRUE_HALLUCINATION
octokit-plugin,octokit-plugin,2,codellama7b,False,False,False,TRUE_HALLUCINATION
octokit-plugin-rate-limit,octokit-plugin-rate-limit,3,marin,False,False,False,TRUE_HALLUCINATION
octokit-rate-limiter,octokit-rate-limiter,2,marin,False,False,False,TRUE_HALLUCINATION
octokit-retry,octokit-retry,1,marin,False,False,False,TRUE_HALLUCINATION
office-addin-auth,office-addin-auth,1,codellama7b,False,False,False,TRUE_HALLUCINATION
office-addin-helpers,office-addin-helpers,1,codellama7b,False,False,False,TRUE_HALLUCINATION
office-js-auth,office-js-auth,1,codellama7b,False,False,False,TRUE_HALLUCINATION
office-js-loader,office-js-loader,1,mistral,False,False,False,TRUE_HALLUCINATION
officejs,officejs,1,mistral,False,False,False,TRUE_HALLUCINATION
ol-control-attribution,ol-control-attribution,2,mistral,False,False,False,TRUE_HALLUCINATION
ol-control-fullscreen,ol-control-fullscreen,1,mistral,False,False,False,TRUE_HALLUCINATION
ol-control-geolocation,ol-control-geolocation,1,mistral,False,False,False,TRUE_HALLUCINATION
ol-control-layers,ol-control-layers,2,mistral,False,False,False,TRUE_HALLUCINATION
ol-control-mouseposition,ol-control-mouseposition,1,mistral,False,False,False,TRUE_HALLUCINATION
ol-control-navigation,ol-control-navigation,1,mistral,False,False,False,TRUE_HALLUCINATION
ol-control-overviewmap,ol-control-overviewmap,1,mistral,False,False,False,TRUE_HALLUCINATION
ol-control-scale,ol-control-scale,1,mistral,False,False,False,TRUE_HALLUCINATION
ol-control-zoom,ol-control-zoom,2,mistral,False,False,False,TRUE_HALLUCINATION
ol-ext-cluster-utils,ol-ext-cluster-utils,1,mistral,False,False,False,TRUE_HALLUCINATION
ol-geojson,ol-geojson,1,mistral,False,False,False,TRUE_HALLUCINATION
ol-geom-tostring,ol-geom-tostring,1,mistral,False,False,False,TRUE_HALLUCINATION
ol-interaction-box,ol-interaction-box,1,mistral,False,False,False,TRUE_HALLUCINATION
ol-interaction-doubleclickzoom,ol-interaction-doubleclickzoom,1,mistral,False,False,False,TRUE_HALLUCINATION
ol-interaction-dragrotate,ol-interaction-dragrotate,2,mistral,False,False,False,TRUE_HALLUCINATION
ol-interaction-draw,ol-interaction-draw,2,mistral,False,False,False,TRUE_HALLUCINATION
ol-interaction-filter,ol-interaction-filter,1,mistral,False,False,False,TRUE_HALLUCINATION
ol-interaction-keyboard,ol-interaction-keyboard,1,mistral,False,False,False,TRUE_HALLUCINATION
ol-interaction-modify,ol-interaction-modify,2,mistral,False,False,False,TRUE_HALLUCINATION
ol-interaction-mouse-wheel-zoom,ol-interaction-mouse-wheel-zoom,1,mistral,False,False,False,TRUE_HALLUCINATION
ol-interaction-multitouch-pannandzoom,ol-interaction-multitouch-pannandzoom,1,mistral,False,False,False,TRUE_HALLUCINATION
ol-interaction-multitouch-rotaterotate,ol-interaction-multitouch-rotaterotate,1,mistral,False,False,False,TRUE_HALLUCINATION
ol-interaction-multitouch-tap,ol-interaction-multitouch-tap,1,mistral,False,False,False,TRUE_HALLUCINATION
ol-interaction-rotaterotate,ol-interaction-rotaterotate,2,mistral,False,False,False,TRUE_HALLUCINATION
ol-interaction-select,ol-interaction-select,2,mistral,False,False,False,TRUE_HALLUCINATION
ol-interaction-snap,ol-interaction-snap,1,mistral,False,False,False,TRUE_HALLUCINATION
ol-interaction-snapping,ol-interaction-snapping,1,mistral,False,False,False,TRUE_HALLUCINATION
ol-interaction-zoomol-interaction-pinchrotol-control,ol-interaction-zoomol-interaction-pinchrotol-control,1,mistral,False,False,False,TRUE_HALLUCINATION
ol-layer-image,ol-layer-image,1,mistral,False,False,False,TRUE_HALLUCINATION
ol-layer-tile,ol-layer-tile,1,mistral,False,False,False,TRUE_HALLUCINATION
ol-layer-vector,ol-layer-vector,2,"codellama7b,mistral",False,False,False,TRUE_HALLUCINATION
ol-layer-wms,ol-layer-wms,2,"codellama7b,mistral",False,False,False,TRUE_HALLUCINATION
ol-map,ol-map,1,codellama7b,False,False,False,TRUE_HALLUCINATION
ol-markercluster,ol-markercluster,1,codellama7b,False,False,False,TRUE_HALLUCINATION
ol-memory-source-cache,ol-memory-source-cache,1,mistral,False,False,False,TRUE_HALLUCINATION
ol-queryfilter,ol-queryfilter,1,mistral,False,False,False,TRUE_HALLUCINATION
ol-queryfilter-strategy-intersects,ol-queryfilter-strategy-intersects,1,mistral,False,False,False,TRUE_HALLUCINATION
ol-queryfilter-strategy-property,ol-queryfilter-strategy-property,1,mistral,False,False,False,TRUE_HALLUCINATION
ol-source-bing,ol-source-bing,2,mistral,False,False,False,TRUE_HALLUCINATION
ol-source-cluster-filtered,ol-source-cluster-filtered,1,mistral,False,False,False,TRUE_HALLUCINATION
ol-source-imagery-provider,ol-source-imagery-provider,2,mistral,False,False,False,TRUE_HALLUCINATION
ol-source-osm,ol-source-osm,2,mistral,False,False,False,TRUE_HALLUCINATION
ol-source-stamen,ol-source-stamen,2,mistral,False,False,False,TRUE_HALLUCINATION
ol-source-tilewms,ol-source-tilewms,2,mistral,False,False,False,TRUE_HALLUCINATION
ol-source-vector,ol-source-vector,2,mistral,False,False,False,TRUE_HALLUCINATION
ol-source-wms,ol-source-wms,2,mistral,False,False,False,TRUE_HALLUCINATION
ol-source-xyz,ol-source-xyz,1,codellama7b,False,False,False,TRUE_HALLUCINATION
ol-style-circle,ol-style-circle,1,mistral,False,False,False,TRUE_HALLUCINATION
ol-style-fill,ol-style-fill,1,mistral,False,False,False,TRUE_HALLUCINATION
ol-style-icon,ol-style-icon,1,mistral,False,False,False,TRUE_HALLUCINATION
ol-style-regularshape,ol-style-regularshape,1,mistral,False,False,False,TRUE_HALLUCINATION
ol-style-stroke,ol-style-stroke,1,mistral,False,False,False,TRUE_HALLUCINATION
ol-style-text,ol-style-text,1,mistral,False,False,False,TRUE_HALLUCINATION
ol-tile-layer,ol-tile-layer,1,codellama7b,False,False,False,TRUE_HALLUCINATION
ol-vector-layer,ol-vector-layer,1,codellama7b,False,False,False,TRUE_HALLUCINATION
olcs-cesium,olcs-cesium,2,mistral,False,False,False,TRUE_HALLUCINATION
olcs-ol,olcs-ol,2,mistral,False,False,False,TRUE_HALLUCINATION
old-module,old-module,1,codellama7b,False,False,False,TRUE_HALLUCINATION
olpc-json-schema,olpc-json-schema,1,mistral,False,False,False,TRUE_HALLUCINATION
omnijs-crypto,omnijs-crypto,1,codellama7b,False,False,False,TRUE_HALLUCINATION
onnx,onnx,1,gpt_oss,False,False,False,TRUE_HALLUCINATION
onnx-tf,onnx-tf,1,gpt_oss,False,False,False,TRUE_HALLUCINATION
openapi-spec,openapi-spec,1,gemma,False,False,False,TRUE_HALLUCINATION
openapi3-parser,openapi3-parser,2,"marin,qwen",False,False,False,TRUE_HALLUCINATION
opencv-js,opencv-js,1,gemma,False,False,False,TRUE_HALLUCINATION
opencv4,opencv4,6,"gemma,marin",False,False,False,TRUE_HALLUCINATION
opencv4javascript,opencv4javascript,2,gemma,False,False,False,TRUE_HALLUCINATION
openlayers-clustering,openlayers-clustering,1,codellama7b,False,False,False,TRUE_HALLUCINATION
openlayers-leaflet,openlayers-leaflet,1,codellama7b,False,False,False,TRUE_HALLUCINATION
openlayers-marker-clusterer,openlayers-marker-clusterer,1,codellama7b,False,False,False,TRUE_HALLUCINATION
openldap-client,openldap-client,1,codellama7b,False,False,False,TRUE_HALLUCINATION
openmodelica,openmodelica,1,mistral,False,False,False,TRUE_HALLUCINATION
openmodelica-fluid,openmodelica-fluid,1,mistral,False,False,False,TRUE_HALLUCINATION
openmodelica-mechanics,openmodelica-mechanics,1,mistral,False,False,False,TRUE_HALLUCINATION
openmodelica-media,openmodelica-media,1,mistral,False,False,False,TRUE_HALLUCINATION
openssl-browserify,openssl-browserify,1,mistral,False,False,False,TRUE_HALLUCINATION
opentelemetry-api,opentelemetry-api,1,codellama7b,False,False,False,TRUE_HALLUCINATION
opentelemetry-collector,opentelemetry-collector,3,codellama7b,False,False,False,TRUE_HALLUCINATION
opentelemetry-core,opentelemetry-core,7,"codellama7b,gemma,gpt_oss,marin,qwen",False,False,False,TRUE_HALLUCINATION
opentelemetry-exporter-azure-monitor,opentelemetry-exporter-azure-monitor,1,marin,False,False,False,TRUE_HALLUCINATION
opentelemetry-exporter-sdk,opentelemetry-exporter-sdk,1,marin,False,False,False,TRUE_HALLUCINATION
opentelemetry-exporter-zipkin,opentelemetry-exporter-zipkin,1,marin,False,False,False,TRUE_HALLUCINATION
opentelemetry-instrumentation,opentelemetry-instrumentation,1,codellama7b,False,False,False,TRUE_HALLUCINATION
opentelemetry-instrumenter,opentelemetry-instrumenter,1,marin,False,False,False,TRUE_HALLUCINATION
opentelemetry-instrumenter-textmap,opentelemetry-instrumenter-textmap,1,marin,False,False,False,TRUE_HALLUCINATION
opentelemetry-js,opentelemetry-js,2,codellama7b,False,False,False,TRUE_HALLUCINATION
opentelemetry-node,opentelemetry-node,8,"codellama7b,gemma,gpt_oss,marin,mistral",False,False,False,TRUE_HALLUCINATION
opentelemetry-otlp-exporter-base,opentelemetry-otlp-exporter-base,1,marin,False,False,False,TRUE_HALLUCINATION
opentelemetry-propagator-http,opentelemetry-propagator-http,1,codellama7b,False,False,False,TRUE_HALLUCINATION
opentelemetry-propagator-jaeger,opentelemetry-propagator-jaeger,1,codellama7b,False,False,False,TRUE_HALLUCINATION
opentelemetry-propagator-textmap,opentelemetry-propagator-textmap,1,codellama7b,False,False,False,TRUE_HALLUCINATION
opentelemetry-sdk,opentelemetry-sdk,1,qwen,False,False,False,TRUE_HALLUCINATION
opentelemetry-sdk-core,opentelemetry-sdk-core,2,marin,False,False,False,TRUE_HALLUCINATION
opentelemetry-sdk-instrumentation-textmap,opentelemetry-sdk-instrumentation-textmap,1,marin,False,False,False,TRUE_HALLUCINATION
opentelemetry-sdk-otlp,opentelemetry-sdk-otlp,1,marin,False,False,False,TRUE_HALLUCINATION
opentelemetry-sdk-resource,opentelemetry-sdk-resource,1,marin,False,False,False,TRUE_HALLUCINATION
opentelemetry-zipkin,opentelemetry-zipkin,1,codellama7b,False,False,False,TRUE_HALLUCINATION
opentelemetry.exporters.console,opentelemetry.exporters.console,1,marin,False,False,False,TRUE_HALLUCINATION
opentelemetry.instrumentation,opentelemetry.instrumentation,1,marin,False,False,False,TRUE_HALLUCINATION
opentracing-collector,opentracing-collector,1,codellama7b,False,False,False,TRUE_HALLUCINATION
opentracing-collector-adapter-http,opentracing-collector-adapter-http,1,qwen,False,False,False,TRUE_HALLUCINATION
opentracing-express,opentracing-express,2,mistral,False,False,False,TRUE_HALLUCINATION
opentracing-jaeger,opentracing-jaeger,1,mistral,False,False,False,TRUE_HALLUCINATION
opentracing-kafka,opentracing-kafka,1,mistral,False,False,False,TRUE_HALLUCINATION
opentracing-koa,opentracing-koa,1,mistral,False,False,False,TRUE_HALLUCINATION
opentracing-logger,opentracing-logger,2,codellama7b,False,False,False,TRUE_HALLUCINATION
opentracing-logging,opentracing-logging,1,mistral,False,False,False,TRUE_HALLUCINATION
opentracing-propagator,opentracing-propagator,2,mistral,False,False,False,TRUE_HALLUCINATION
opentracing-ui,opentracing-ui,1,qwen,False,False,False,TRUE_HALLUCINATION
opentracing-zipkin,opentracing-zipkin,1,mistral,False,False,False,TRUE_HALLUCINATION
optimize-svg,optimize-svg,1,codellama7b,False,False,False,TRUE_HALLUCINATION
optimize.js,optimize.js,1,mistral,False,False,False,TRUE_HALLUCINATION
optional-arguments,optional-arguments,1,codellama7b,False,False,False,TRUE_HALLUCINATION
optional-lib,optional-lib,1,gpt_oss,False,False,False,TRUE_HALLUCINATION
optional-parameters,optional-parameters,2,codellama7b,False,False,False,TRUE_HALLUCINATION
org.eclipse.dbeaver.core.preferences,org.eclipse.dbeaver.core.preferences,2,mistral,False,False,False,TRUE_HALLUCINATION
original-module,original-module,2,"codellama7b,mistral",False,False,False,TRUE_HALLUCINATION
orjsonschema,orjsonschema,1,marin,False,False,False,TRUE_HALLUCINATION
os-browser-sniff,os-browser-sniff,1,mistral,False,False,False,TRUE_HALLUCINATION
os-browser-useragent,os-browser-useragent,1,mistral,False,False,False,TRUE_HALLUCINATION
os-cpu-utils,os-cpu-utils,2,mistral,False,False,False,TRUE_HALLUCINATION
os-js,os-js,3,mistral,False,False,False,TRUE_HALLUCINATION
os-js-file-reporter,os-js-file-reporter,1,mistral,False,False,False,TRUE_HALLUCINATION
os-versions-js,os-versions-js,1,marin,False,False,False,TRUE_HALLUCINATION
os.homedir,os.homedir,1,gemma,False,False,False,TRUE_HALLUCINATION
osx-script-shell,osx-script-shell,1,mistral,False,False,False,TRUE_HALLUCINATION
otel-protobuf,otel-protobuf,3,"codellama7b,mistral",False,False,False,TRUE_HALLUCINATION
otherModule,otherModule,1,codellama7b,False,False,False,TRUE_HALLUCINATION
otlp-js,otlp-js,1,gemma,False,False,False,TRUE_HALLUCINATION
p-microtask,p-microtask,1,mistral,False,False,False,TRUE_HALLUCINATION
p-util,p-util,2,mistral,False,False,False,TRUE_HALLUCINATION
p-write-file,p-write-file,1,qwen,False,False,False,TRUE_HALLUCINATION
p12-key,p12-key,1,qwen,False,False,False,TRUE_HALLUCINATION
p12-node-pkcs12,p12-node-pkcs12,1,mistral,False,False,False,TRUE_HALLUCINATION
p5.js,p5.js,1,marin,False,False,False,TRUE_HALLUCINATION
pHash.js,pHash.js,2,marin,False,False,False,TRUE_HALLUCINATION
pac-parser,pac-parser,1,mistral,False,False,False,TRUE_HALLUCINATION
pacfilejs,pacfilejs,1,marin,False,False,False,TRUE_HALLUCINATION
package-browser-replacer,package-browser-replacer,1,mistral,False,False,False,TRUE_HALLUCINATION
pagination-iterator,pagination-iterator,1,codellama7b,False,False,False,TRUE_HALLUCINATION
paging-iterator,paging-iterator,1,codellama7b,False,False,False,TRUE_HALLUCINATION
pandas-dataframe,pandas-dataframe,7,mistral,False,False,False,TRUE_HALLUCINATION
pandas-dataframe-utils,pandas-dataframe-utils,1,mistral,False,False,False,TRUE_HALLUCINATION
pandas-datareader,pandas-datareader,1,mistral,False,False,False,TRUE_HALLUCINATION
papa-parse,papa-parse,1,mistral,False,False,False,TRUE_HALLUCINATION
parquet-format,parquet-format,1,mistral,False,False,False,TRUE_HALLUCINATION
partytown-ga,partytown-ga,1,codellama7b,False,False,False,TRUE_HALLUCINATION
partytown-gtag,partytown-gtag,1,codellama7b,False,False,False,TRUE_HALLUCINATION
partytown-gtm,partytown-gtm,1,codellama7b,False,False,False,TRUE_HALLUCINATION
passport-aad,passport-aad,1,mistral,False,False,False,TRUE_HALLUCINATION
passport-bouncy-map,passport-bouncy-map,1,gemma,False,False,False,TRUE_HALLUCINATION
passport-brypt,passport-brypt,2,gemma,False,False,False,TRUE_HALLUCINATION
passport-brypt-auth,passport-brypt-auth,1,gemma,False,False,False,TRUE_HALLUCINATION
passport-mysql2,passport-mysql2,1,gemma,False,False,False,TRUE_HALLUCINATION
passport-yelp,passport-yelp,1,gemma,False,False,False,TRUE_HALLUCINATION
passport.authenticate,passport.authenticate,1,marin,False,False,False,TRUE_HALLUCINATION
path-alias-plugin,path-alias-plugin,1,marin,False,False,False,TRUE_HALLUCINATION
path-aliases-plugin,path-aliases-plugin,1,codellama7b,False,False,False,TRUE_HALLUCINATION
path-browser-fix,path-browser-fix,1,mistral,False,False,False,TRUE_HALLUCINATION
path-browser-fs,path-browser-fs,1,mistral,False,False,False,TRUE_HALLUCINATION
path-browser-polyfill,path-browser-polyfill,2,mistral,False,False,False,TRUE_HALLUCINATION
path-crypt,path-crypt,1,mistral,False,False,False,TRUE_HALLUCINATION
path-is-unc,path-is-unc,1,mistral,False,False,False,TRUE_HALLUCINATION
path-is-valid,path-is-valid,1,mistral,False,False,False,TRUE_HALLUCINATION
path-polyfill,path-polyfill,1,gemma,False,False,False,TRUE_HALLUCINATION
path-to-mail-service,path-to-mail-service,1,qwen,False,False,False,TRUE_HALLUCINATION
path-to-password-service,path-to-password-service,1,qwen,False,False,False,TRUE_HALLUCINATION
path-to-prisma-service,path-to-prisma-service,1,qwen,False,False,False,TRUE_HALLUCINATION
path-to-twilio-service,path-to-twilio-service,1,qwen,False,False,False,TRUE_HALLUCINATION
path-to-users-service,path-to-users-service,1,qwen,False,False,False,TRUE_HALLUCINATION
path-to-your-actions-file,path-to-your-actions-file,2,qwen,False,False,False,TRUE_HALLUCINATION
path-to-your-backend-api,path-to-your-backend-api,2,qwen,False,False,False,TRUE_HALLUCINATION
path-to-your-config,path-to-your-config,1,qwen,False,False,False,TRUE_HALLUCINATION
path-to-your-enum,path-to-your-enum,1,qwen,False,False,False,TRUE_HALLUCINATION
path-to-your-log-file,path-to-your-log-file,2,qwen,False,False,False,TRUE_HALLUCINATION
path-to-your-module,path-to-your-module,2,mistral,False,False,False,TRUE_HALLUCINATION
path-to-your-pinia-store,path-to-your-pinia-store,2,qwen,False,False,False,TRUE_HALLUCINATION
path-to-your-theme-file,path-to-your-theme-file,1,qwen,False,False,False,TRUE_HALLUCINATION
pathutil,pathutil,1,marin,False,False,False,TRUE_HALLUCINATION
pcap4e,pcap4e,2,mistral,False,False,False,TRUE_HALLUCINATION
pdf-server,pdf-server,1,mistral,False,False,False,TRUE_HALLUCINATION
pdf-to-word-converter,pdf-to-word-converter,1,mistral,False,False,False,TRUE_HALLUCINATION
pdfkit-with-fonts,pdfkit-with-fonts,1,mistral,False,False,False,TRUE_HALLUCINATION
peem,peem,1,mistral,False,False,False,TRUE_HALLUCINATION
peer-deps-external,peer-deps-external,1,gemma,False,False,False,TRUE_HALLUCINATION
peg.js,peg.js,1,marin,False,False,False,TRUE_HALLUCINATION
pem-converter,pem-converter,1,codellama7b,False,False,False,TRUE_HALLUCINATION
pem-to-key,pem-to-key,1,mistral,False,False,False,TRUE_HALLUCINATION
perform-range-ops,perform-range-ops,1,codellama7b,False,False,False,TRUE_HALLUCINATION
performance-now-polyfill,performance-now-polyfill,3,mistral,False,False,False,TRUE_HALLUCINATION
performance_hooks,performance_hooks,1,mistral,False,False,False,TRUE_HALLUCINATION
permissions-api,permissions-api,1,mistral,False,False,False,TRUE_HALLUCINATION
person.json,person.json,2,mistral,False,False,False,TRUE_HALLUCINATION
pg-aggregate,pg-aggregate,1,mistral,False,False,False,TRUE_HALLUCINATION
pg-bytea,pg-bytea,8,"codellama7b,gpt_oss,marin,mistral,qwen",False,False,False,TRUE_HALLUCINATION
pg-bytea-parser,pg-bytea-parser,6,"codellama7b,gemma,gpt_oss,marin,mistral,qwen",False,False,False,TRUE_HALLUCINATION
pg-credentials,pg-credentials,1,mistral,False,False,False,TRUE_HALLUCINATION
pg-odbc,pg-odbc,1,mistral,False,False,False,TRUE_HALLUCINATION
phantomjs-cookies,phantomjs-cookies,1,codellama7b,False,False,False,TRUE_HALLUCINATION
phantomjs-custom-build,phantomjs-custom-build,1,mistral,False,False,False,TRUE_HALLUCINATION
phantomjs-native-events,phantomjs-native-events,1,mistral,False,False,False,TRUE_HALLUCINATION
phantomjs-proxy,phantomjs-proxy,1,mistral,False,False,False,TRUE_HALLUCINATION
phantomjs-screenshot,phantomjs-screenshot,1,mistral,False,False,False,TRUE_HALLUCINATION
phone-number-intl,phone-number-intl,1,mistral,False,False,False,TRUE_HALLUCINATION
phone-number-regex,phone-number-regex,2,mistral,False,False,False,TRUE_HALLUCINATION
phonenumbers-parser-iso,phonenumbers-parser-iso,1,mistral,False,False,False,TRUE_HALLUCINATION
phonenumbers-timezone-data,phonenumbers-timezone-data,1,mistral,False,False,False,TRUE_HALLUCINATION
phrase-extractor,phrase-extractor,1,codellama7b,False,False,False,TRUE_HALLUCINATION
physijs-three,physijs-three,1,mistral,False,False,False,TRUE_HALLUCINATION
pickle5,pickle5,2,gemma,False,False,False,TRUE_HALLUCINATION
pil-image,pil-image,1,qwen,False,False,False,TRUE_HALLUCINATION
piljs,piljs,1,qwen,False,False,False,TRUE_HALLUCINATION
pino-error-formatter,pino-error-formatter,1,mistral,False,False,False,TRUE_HALLUCINATION
pino-transport-console,pino-transport-console,1,mistral,False,False,False,TRUE_HALLUCINATION
pino-transport-discard,pino-transport-discard,1,mistral,False,False,False,TRUE_HALLUCINATION
pino-transport-file,pino-transport-file,3,mistral,False,False,False,TRUE_HALLUCINATION
pino-transport-http,pino-transport-http,1,mistral,False,False,False,TRUE_HALLUCINATION
pino-transport-stream,pino-transport-stream,1,mistral,False,False,False,TRUE_HALLUCINATION
pino-transport-tcp,pino-transport-tcp,1,mistral,False,False,False,TRUE_HALLUCINATION
pino-websocket,pino-websocket,2,mistral,False,False,False,TRUE_HALLUCINATION
pkcs1,pkcs1,1,codellama7b,False,False,False,TRUE_HALLUCINATION
playwright-angular,playwright-angular,2,"codellama7b,mistral",False,False,False,TRUE_HALLUCINATION
playwright-code-coverage,playwright-code-coverage,2,mistral,False,False,False,TRUE_HALLUCINATION
playwright-extra-utils,playwright-extra-utils,1,codellama7b,False,False,False,TRUE_HALLUCINATION
playwright-protractor,playwright-protractor,1,codellama7b,False,False,False,TRUE_HALLUCINATION
playwright-request,playwright-request,1,codellama7b,False,False,False,TRUE_HALLUCINATION
playwright-response,playwright-response,1,codellama7b,False,False,False,TRUE_HALLUCINATION
plist-builder,plist-builder,1,codellama7b,False,False,False,TRUE_HALLUCINATION
plotly-highlight,plotly-highlight,1,mistral,False,False,False,TRUE_HALLUCINATION
pluginmanagerjs,pluginmanagerjs,1,marin,False,False,False,TRUE_HALLUCINATION
pluginmanagerjs-github,pluginmanagerjs-github,1,marin,False,False,False,TRUE_HALLUCINATION
pluginmanagerjs-localfile,pluginmanagerjs-localfile,1,marin,False,False,False,TRUE_HALLUCINATION
pluginmanagerjs-npm,pluginmanagerjs-npm,1,marin,False,False,False,TRUE_HALLUCINATION
pluralize-icu,pluralize-icu,1,mistral,False,False,False,TRUE_HALLUCINATION
pnpm-get-packages,pnpm-get-packages,2,mistral,False,False,False,TRUE_HALLUCINATION
polars-date-utils,polars-date-utils,1,mistral,False,False,False,TRUE_HALLUCINATION
polars.js,polars.js,1,mistral,False,False,False,TRUE_HALLUCINATION
polygon-inside,polygon-inside,1,mistral,False,False,False,TRUE_HALLUCINATION
popcount,popcount,1,codellama7b,False,False,False,TRUE_HALLUCINATION
port-checker,port-checker,1,codellama7b,False,False,False,TRUE_HALLUCINATION
postcss-add-charset,postcss-add-charset,1,mistral,False,False,False,TRUE_HALLUCINATION
postcss-at-rule-parameters,postcss-at-rule-parameters,2,gemma,False,False,False,TRUE_HALLUCINATION
postcss-at-rule-params,postcss-at-rule-params,2,gemma,False,False,False,TRUE_HALLUCINATION
postcss-autoprefixer,postcss-autoprefixer,1,mistral,False,False,False,TRUE_HALLUCINATION
postcss-browser-compat-vendor-prefixes,postcss-browser-compat-vendor-prefixes,1,mistral,False,False,False,TRUE_HALLUCINATION
postcss-browser-list,postcss-browser-list,1,mistral,False,False,False,TRUE_HALLUCINATION
postcss-browser-reports,postcss-browser-reports,1,mistral,False,False,False,TRUE_HALLUCINATION
postcss-calc-inline,postcss-calc-inline,4,mistral,False,False,False,TRUE_HALLUCINATION
postcss-caniuse-featurequeries,postcss-caniuse-featurequeries,1,mistral,False,False,False,TRUE_HALLUCINATION
postcss-charset-normalize,postcss-charset-normalize,1,mistral,False,False,False,TRUE_HALLUCINATION
postcss-charsets,postcss-charsets,1,qwen,False,False,False,TRUE_HALLUCINATION
postcss-clamp-min-max,postcss-clamp-min-max,1,mistral,False,False,False,TRUE_HALLUCINATION
postcss-color-minimizer,postcss-color-minimizer,10,"codellama7b,gemma,gpt_oss,marin,mistral,qwen",False,False,False,TRUE_HALLUCINATION
postcss-convert-time,postcss-convert-time,1,mistral,False,False,False,TRUE_HALLUCINATION
postcss-convert-values-ms-to-s,postcss-convert-values-ms-to-s,1,mistral,False,False,False,TRUE_HALLUCINATION
postcss-core,postcss-core,1,mistral,False,False,False,TRUE_HALLUCINATION
postcss-css-module-values,postcss-css-module-values,2,mistral,False,False,False,TRUE_HALLUCINATION
postcss-css-modules,postcss-css-modules,4,mistral,False,False,False,TRUE_HALLUCINATION
postcss-cssnano,postcss-cssnano,1,mistral,False,False,False,TRUE_HALLUCINATION
postcss-decl-sort,postcss-decl-sort,1,qwen,False,False,False,TRUE_HALLUCINATION
postcss-dedupe,postcss-dedupe,1,mistral,False,False,False,TRUE_HALLUCINATION
postcss-dedupe-at-rules,postcss-dedupe-at-rules,1,mistral,False,False,False,TRUE_HALLUCINATION
postcss-flex-box-fixes,postcss-flex-box-fixes,1,gemma,False,False,False,TRUE_HALLUCINATION
postcss-flexbox-fixes,postcss-flexbox-fixes,1,mistral,False,False,False,TRUE_HALLUCINATION
postcss-flexbugs,postcss-flexbugs,1,codellama7b,False,False,False,TRUE_HALLUCINATION
postcss-flextbugs-fixes,postcss-flextbugs-fixes,5,"gemma,mistral,qwen",False,False,False,TRUE_HALLUCINATION
postcss-font-minifier,postcss-font-minifier,1,codellama7b,False,False,False,TRUE_HALLUCINATION
postcss-functional-syntoms,postcss-functional-syntoms,1,marin,False,False,False,TRUE_HALLUCINATION
postcss-gradient-minifier,postcss-gradient-minifier,3,"codellama7b,gemma,mistral",False,False,False,TRUE_HALLUCINATION
postcss-hex-rgba,postcss-hex-rgba,1,mistral,False,False,False,TRUE_HALLUCINATION
postcss-icss-utils,postcss-icss-utils,2,mistral,False,False,False,TRUE_HALLUCINATION
postcss-include-value,postcss-include-value,1,mistral,False,False,False,TRUE_HALLUCINATION
postcss-insert-charset,postcss-insert-charset,2,"gemma,qwen",False,False,False,TRUE_HALLUCINATION
postcss-json,postcss-json,2,mistral,False,False,False,TRUE_HALLUCINATION
postcss-jsonplaceholder-typicode,postcss-jsonplaceholder-typicode,1,gemma,False,False,False,TRUE_HALLUCINATION
postcss-merge,postcss-merge,17,"codellama7b,gemma,gpt_oss,marin,mistral,qwen",False,False,False,TRUE_HALLUCINATION
postcss-minify-font,postcss-minify-font,1,codellama7b,False,False,False,TRUE_HALLUCINATION
postcss-module-values,postcss-module-values,1,mistral,False,False,False,TRUE_HALLUCINATION
postcss-mqpacker,postcss-mqpacker,1,mistral,False,False,False,TRUE_HALLUCINATION
postcss-ms-to-s,postcss-ms-to-s,2,mistral,False,False,False,TRUE_HALLUCINATION
postcss-my-plugin,postcss-my-plugin,1,mistral,False,False,False,TRUE_HALLUCINATION
postcss-my-vars,postcss-my-vars,1,mistral,False,False,False,TRUE_HALLUCINATION
postcss-nested-rules,postcss-nested-rules,1,mistral,False,False,False,TRUE_HALLUCINATION
postcss-normalize-selector,postcss-normalize-selector,1,mistral,False,False,False,TRUE_HALLUCINATION
postcss-normalize-urls,postcss-normalize-urls,2,"gemma,mistral",False,False,False,TRUE_HALLUCINATION
postcss-nth-check,postcss-nth-check,2,"marin,qwen",False,False,False,TRUE_HALLUCINATION
postcss-nth-child,postcss-nth-child,3,mistral,False,False,False,TRUE_HALLUCINATION
postcss-optimize,postcss-optimize,1,marin,False,False,False,TRUE_HALLUCINATION
postcss-parse,postcss-parse,1,mistral,False,False,False,TRUE_HALLUCINATION
postcss-parser,postcss-parser,4,"marin,mistral",False,False,False,TRUE_HALLUCINATION
postcss-plugin-add-charset,postcss-plugin-add-charset,1,marin,False,False,False,TRUE_HALLUCINATION
postcss-plugin-api,postcss-plugin-api,7,mistral,False,False,False,TRUE_HALLUCINATION
postcss-plugin-camelcase,postcss-plugin-camelcase,2,mistral,False,False,False,TRUE_HALLUCINATION
postcss-plugin-clamp,postcss-plugin-clamp,1,mistral,False,False,False,TRUE_HALLUCINATION
postcss-plugin-css-to-js,postcss-plugin-css-to-js,1,mistral,False,False,False,TRUE_HALLUCINATION
postcss-plugin-cssnext,postcss-plugin-cssnext,1,mistral,False,False,False,TRUE_HALLUCINATION
postcss-plugin-import,postcss-plugin-import,1,mistral,False,False,False,TRUE_HALLUCINATION
postcss-plugin-inline-svg,postcss-plugin-inline-svg,1,mistral,False,False,False,TRUE_HALLUCINATION
postcss-plugin-maker,postcss-plugin-maker,1,mistral,False,False,False,TRUE_HALLUCINATION
postcss-plugin-name,postcss-plugin-name,5,qwen,False,False,False,TRUE_HALLUCINATION
postcss-plugin-parser,postcss-plugin-parser,2,mistral,False,False,False,TRUE_HALLUCINATION
postcss-plugin-remove-charset,postcss-plugin-remove-charset,1,marin,False,False,False,TRUE_HALLUCINATION
postcss-plugin-syntax,postcss-plugin-syntax,1,mistral,False,False,False,TRUE_HALLUCINATION
postcss-pug-processor,postcss-pug-processor,1,mistral,False,False,False,TRUE_HALLUCINATION
postcss-rebase,postcss-rebase,1,marin,False,False,False,TRUE_HALLUCINATION
postcss-reduce,postcss-reduce,12,"codellama7b,gemma,gpt_oss,marin,mistral,qwen",False,False,False,TRUE_HALLUCINATION
postcss-reduce-id,postcss-reduce-id,1,mistral,False,False,False,TRUE_HALLUCINATION
postcss-remove-charset,postcss-remove-charset,3,"gemma,mistral,qwen",False,False,False,TRUE_HALLUCINATION
postcss-remove-redundant-slashes,postcss-remove-redundant-slashes,1,marin,False,False,False,TRUE_HALLUCINATION
postcss-remove-unused-imports,postcss-remove-unused-imports,1,marin,False,False,False,TRUE_HALLUCINATION
postcss-replace-matches,postcss-replace-matches,1,mistral,False,False,False,TRUE_HALLUCINATION
postcss-rollup,postcss-rollup,1,mistral,False,False,False,TRUE_HALLUCINATION
postcss-sass-like-variables,postcss-sass-like-variables,1,mistral,False,False,False,TRUE_HALLUCINATION
postcss-sass-variables,postcss-sass-variables,2,mistral,False,False,False,TRUE_HALLUCINATION
postcss-selector-matches-polyfill,postcss-selector-matches-polyfill,2,mistral,False,False,False,TRUE_HALLUCINATION
postcss-selector-minifier,postcss-selector-minifier,2,mistral,False,False,False,TRUE_HALLUCINATION
postcss-selector-minify,postcss-selector-minify,10,"gemma,gpt_oss,marin,mistral,qwen",False,False,False,TRUE_HALLUCINATION
postcss-selector-parser-css-3-compat,postcss-selector-parser-css-3-compat,1,mistral,False,False,False,TRUE_HALLUCINATION
postcss-selector-parser-legacy,postcss-selector-parser-legacy,1,mistral,False,False,False,TRUE_HALLUCINATION
postcss-selector-parser-traverse,postcss-selector-parser-traverse,1,mistral,False,False,False,TRUE_HALLUCINATION
postcss-selector-parser-visitor-plugin,postcss-selector-parser-visitor-plugin,1,mistral,False,False,False,TRUE_HALLUCINATION
postcss-selector-parser-visitor-plugin-replace-matches,postcss-selector-parser-visitor-plugin-replace-matches,1,mistral,False,False,False,TRUE_HALLUCINATION
postcss-selector-parser-walker,postcss-selector-parser-walker,1,mistral,False,False,False,TRUE_HALLUCINATION
postcss-shortcss,postcss-shortcss,1,mistral,False,False,False,TRUE_HALLUCINATION
postcss-shorthand,postcss-shorthand,3,gemma,False,False,False,TRUE_HALLUCINATION
postcss-shorthand-properties,postcss-shorthand-properties,1,gpt_oss,False,False,False,TRUE_HALLUCINATION
postcss-shorthand-values,postcss-shorthand-values,1,marin,False,False,False,TRUE_HALLUCINATION
postcss-simple-function,postcss-simple-function,1,mistral,False,False,False,TRUE_HALLUCINATION
postcss-simple-minify,postcss-simple-minify,1,gemma,False,False,False,TRUE_HALLUCINATION
postcss-simple-nested,postcss-simple-nested,2,mistral,False,False,False,TRUE_HALLUCINATION
postcss-simple-replace-rules,postcss-simple-replace-rules,1,mistral,False,False,False,TRUE_HALLUCINATION
postcss-simple-selector,postcss-simple-selector,1,mistral,False,False,False,TRUE_HALLUCINATION
postcss-stylefmt,postcss-stylefmt,1,mistral,False,False,False,TRUE_HALLUCINATION
postcss-svg-to-png,postcss-svg-to-png,1,mistral,False,False,False,TRUE_HALLUCINATION
postcss-unique-values,postcss-unique-values,1,qwen,False,False,False,TRUE_HALLUCINATION
postcss-url-normalizer,postcss-url-normalizer,2,codellama7b,False,False,False,TRUE_HALLUCINATION
postcss-url-rebase,postcss-url-rebase,4,"codellama7b,mistral",False,False,False,TRUE_HALLUCINATION
postcss-value-parser-functional,postcss-value-parser-functional,1,mistral,False,False,False,TRUE_HALLUCINATION
postcss-value-parser-traverse,postcss-value-parser-traverse,1,mistral,False,False,False,TRUE_HALLUCINATION
postcss-value-parser-walk,postcss-value-parser-walk,1,mistral,False,False,False,TRUE_HALLUCINATION
postcss-value-processor,postcss-value-processor,2,mistral,False,False,False,TRUE_HALLUCINATION
postcss-value-reporter,postcss-value-reporter,1,mistral,False,False,False,TRUE_HALLUCINATION
postcss-value-transform,postcss-value-transform,1,mistral,False,False,False,TRUE_HALLUCINATION
postcss-values-map,postcss-values-map,2,mistral,False,False,False,TRUE_HALLUCINATION
postcss-write,postcss-write,1,mistral,False,False,False,TRUE_HALLUCINATION
postcssautop,postcssautop,2,marin,False,False,False,TRUE_HALLUCINATION
postecss-reduce-transforms,postecss-reduce-transforms,1,gpt_oss,False,False,False,TRUE_HALLUCINATION
posthtml-html,posthtml-html,1,mistral,False,False,False,TRUE_HALLUCINATION
potential-custom-element-name,potential-custom-element-name,1,marin,False,False,False,TRUE_HALLUCINATION
powershell-cmd,powershell-cmd,2,mistral,False,False,False,TRUE_HALLUCINATION
prettier-internal,prettier-internal,1,marin,False,False,False,TRUE_HALLUCINATION
prettier-parser,prettier-parser,1,marin,False,False,False,TRUE_HALLUCINATION
prettier-plugin,prettier-plugin,1,marin,False,False,False,TRUE_HALLUCINATION
prettier-plugin-html,prettier-plugin-html,2,mistral,False,False,False,TRUE_HALLUCINATION
prettier-plugin-jsx,prettier-plugin-jsx,1,codellama7b,False,False,False,TRUE_HALLUCINATION
prettier-plugin-preprocess,prettier-plugin-preprocess,2,mistral,False,False,False,TRUE_HALLUCINATION
prettier-plugin-preset-create,prettier-plugin-preset-create,1,mistral,False,False,False,TRUE_HALLUCINATION
prettier-plugin-tailwind-sort-classes,prettier-plugin-tailwind-sort-classes,1,mistral,False,False,False,TRUE_HALLUCINATION
prettier-plugin-typescript,prettier-plugin-typescript,1,mistral,False,False,False,TRUE_HALLUCINATION
prime-ui,prime-ui,1,codellama7b,False,False,False,TRUE_HALLUCINATION
prism-highlightjs,prism-highlightjs,1,mistral,False,False,False,TRUE_HALLUCINATION
prism-highlightjs-full,prism-highlightjs-full,1,mistral,False,False,False,TRUE_HALLUCINATION
prism-loadline,prism-loadline,1,mistral,False,False,False,TRUE_HALLUCINATION
prisma-client-js,prisma-client-js,2,"codellama7b,mistral",False,False,False,TRUE_HALLUCINATION
prisma-migration,prisma-migration,1,marin,False,False,False,TRUE_HALLUCINATION
process-browserify,process-browserify,1,mistral,False,False,False,TRUE_HALLUCINATION
prom-client-node,prom-client-node,1,marin,False,False,False,TRUE_HALLUCINATION
prom-client-nodejs-grafana-exporter,prom-client-nodejs-grafana-exporter,1,mistral,False,False,False,TRUE_HALLUCINATION
promise-like-http,promise-like-http,1,mistral,False,False,False,TRUE_HALLUCINATION
promise-lockfile,promise-lockfile,1,mistral,False,False,False,TRUE_HALLUCINATION
promise-renaming,promise-renaming,1,mistral,False,False,False,TRUE_HALLUCINATION
promise-unhandled,promise-unhandled,1,mistral,False,False,False,TRUE_HALLUCINATION
promisepool,promisepool,2,mistral,False,False,False,TRUE_HALLUCINATION
promises-unified,promises-unified,1,mistral,False,False,False,TRUE_HALLUCINATION
property-provider,property-provider,1,codellama7b,False,False,False,TRUE_HALLUCINATION
propertylist,propertylist,1,qwen,False,False,False,TRUE_HALLUCINATION
prose-mirror-markdown,prose-mirror-markdown,1,mistral,False,False,False,TRUE_HALLUCINATION
prosemirror-auto-save,prosemirror-auto-save,1,marin,False,False,False,TRUE_HALLUCINATION
prosemirror-autolink,prosemirror-autolink,1,qwen,False,False,False,TRUE_HALLUCINATION
prosemirror-command-history,prosemirror-command-history,1,mistral,False,False,False,TRUE_HALLUCINATION
prosemirror-core,prosemirror-core,3,mistral,False,False,False,TRUE_HALLUCINATION
prosemirror-default-keymap,prosemirror-default-keymap,1,qwen,False,False,False,TRUE_HALLUCINATION
prosemirror-doc,prosemirror-doc,1,mistral,False,False,False,TRUE_HALLUCINATION
prosemirror-document,prosemirror-document,1,mistral,False,False,False,TRUE_HALLUCINATION
prosemirror-dropdowncursor,prosemirror-dropdowncursor,1,codellama7b,False,False,False,TRUE_HALLUCINATION
prosemirror-editor,prosemirror-editor,1,mistral,False,False,False,TRUE_HALLUCINATION
prosemirror-editor-view,prosemirror-editor-view,1,mistral,False,False,False,TRUE_HALLUCINATION
prosemirror-extensions,prosemirror-extensions,1,mistral,False,False,False,TRUE_HALLUCINATION
prosemirror-highlight-code,prosemirror-highlight-code,1,qwen,False,False,False,TRUE_HALLUCINATION
prosemirror-input,prosemirror-input,1,marin,False,False,False,TRUE_HALLUCINATION
prosemirror-input-state,prosemirror-input-state,1,qwen,False,False,False,TRUE_HALLUCINATION
prosemirror-link,prosemirror-link,1,mistral,False,False,False,TRUE_HALLUCINATION
prosemirror-marks,prosemirror-marks,2,mistral,False,False,False,TRUE_HALLUCINATION
prosemirror-plugins,prosemirror-plugins,1,mistral,False,False,False,TRUE_HALLUCINATION
prosemirror-plugins-list,prosemirror-plugins-list,1,mistral,False,False,False,TRUE_HALLUCINATION
prosemirror-presence,prosemirror-presence,1,marin,False,False,False,TRUE_HALLUCINATION
prosemirror-react,prosemirror-react,1,mistral,False,False,False,TRUE_HALLUCINATION
prosemirror-schema-base,prosemirror-schema-base,1,mistral,False,False,False,TRUE_HALLUCINATION
prosemirror-schema-default,prosemirror-schema-default,2,qwen,False,False,False,TRUE_HALLUCINATION
prosemirror-schema-image,prosemirror-schema-image,1,gpt_oss,False,False,False,TRUE_HALLUCINATION
prosemirror-schema-link,prosemirror-schema-link,2,"gpt_oss,qwen",False,False,False,TRUE_HALLUCINATION
prosemirror-schema-markdown,prosemirror-schema-markdown,1,qwen,False,False,False,TRUE_HALLUCINATION
prosemirror-selection,prosemirror-selection,3,"mistral,qwen",False,False,False,TRUE_HALLUCINATION
prosemirror-showdown,prosemirror-showdown,1,mistral,False,False,False,TRUE_HALLUCINATION
prosemirror-simple-line-navigation,prosemirror-simple-line-navigation,1,mistral,False,False,False,TRUE_HALLUCINATION
prosemirror-table,prosemirror-table,1,mistral,False,False,False,TRUE_HALLUCINATION
prosemirror-test-utils,prosemirror-test-utils,1,mistral,False,False,False,TRUE_HALLUCINATION
prosemirror-text,prosemirror-text,1,mistral,False,False,False,TRUE_HALLUCINATION
prosemirror-textstyle,prosemirror-textstyle,1,mistral,False,False,False,TRUE_HALLUCINATION
prosemirror-toolbar,prosemirror-toolbar,1,mistral,False,False,False,TRUE_HALLUCINATION
protobufjs-typings,protobufjs-typings,1,marin,False,False,False,TRUE_HALLUCINATION
protobufjs.json,protobufjs.json,1,marin,False,False,False,TRUE_HALLUCINATION
protojs-grpc,protojs-grpc,1,mistral,False,False,False,TRUE_HALLUCINATION
protractor-expect-error,protractor-expect-error,1,mistral,False,False,False,TRUE_HALLUCINATION
protractor-file-upload,protractor-file-upload,1,marin,False,False,False,TRUE_HALLUCINATION
proxy-fd,proxy-fd,1,mistral,False,False,False,TRUE_HALLUCINATION
proxy-fn,proxy-fn,2,mistral,False,False,False,TRUE_HALLUCINATION
proxymixin,proxymixin,1,mistral,False,False,False,TRUE_HALLUCINATION
proxyquirejs,proxyquirejs,1,marin,False,False,False,TRUE_HALLUCINATION
ps-serialization,ps-serialization,1,mistral,False,False,False,TRUE_HALLUCINATION
pskill,pskill,1,mistral,False,False,False,TRUE_HALLUCINATION
public-suffix-list,public-suffix-list,8,"codellama7b,mistral,qwen",False,False,False,TRUE_HALLUCINATION
publicsuffixjs,publicsuffixjs,3,marin,False,False,False,TRUE_HALLUCINATION
pug-ast-parser,pug-ast-parser,1,mistral,False,False,False,TRUE_HALLUCINATION
pug-comments,pug-comments,1,mistral,False,False,False,TRUE_HALLUCINATION
pug-error-codes,pug-error-codes,1,mistral,False,False,False,TRUE_HALLUCINATION
pug-hot-reload,pug-hot-reload,1,codellama7b,False,False,False,TRUE_HALLUCINATION
pug-language-server,pug-language-server,1,codellama7b,False,False,False,TRUE_HALLUCINATION
pug-svelte,pug-svelte,2,marin,False,False,False,TRUE_HALLUCINATION
pug-webpack,pug-webpack,2,"mistral,qwen",False,False,False,TRUE_HALLUCINATION
pulumi-aws,pulumi-aws,1,qwen,False,False,False,TRUE_HALLUCINATION
pulumi-aws-cdk,pulumi-aws-cdk,1,qwen,False,False,False,TRUE_HALLUCINATION
punycode-browserify,punycode-browserify,2,mistral,False,False,False,TRUE_HALLUCINATION
punycode-js,punycode-js,1,gemma,False,False,False,TRUE_HALLUCINATION
puppeteer-cdp,puppeteer-cdp,1,mistral,False,False,False,TRUE_HALLUCINATION
puppeteer-common,puppeteer-common,1,mistral,False,False,False,TRUE_HALLUCINATION
puppeteer-extra-plugin-ProxyManager,puppeteer-extra-plugin-ProxyManager,1,mistral,False,False,False,TRUE_HALLUCINATION
puppeteer-shared-worker,puppeteer-shared-worker,1,mistral,False,False,False,TRUE_HALLUCINATION
pure-js-crc-32,pure-js-crc-32,7,"codellama7b,gpt_oss,marin,qwen",False,False,False,TRUE_HALLUCINATION
pure-js-crc32,pure-js-crc32,2,"gemma,mistral",False,False,False,TRUE_HALLUCINATION
purrr,purrr,1,mistral,False,False,False,TRUE_HALLUCINATION
pusher-js-react-native,pusher-js-react-native,1,qwen,False,False,False,TRUE_HALLUCINATION
pusher-node,pusher-node,2,gemma,False,False,False,TRUE_HALLUCINATION
pyarrow,pyarrow,4,qwen,False,False,False,TRUE_HALLUCINATION
pycrypto,pycrypto,1,gemma,False,False,False,TRUE_HALLUCINATION
pynecone,pynecone,4,"gemma,qwen",False,False,False,TRUE_HALLUCINATION
pypdf,pypdf,3,"mistral,qwen",False,False,False,TRUE_HALLUCINATION
pypdf2,pypdf2,1,mistral,False,False,False,TRUE_HALLUCINATION
python-js-bridge,python-js-bridge,1,mistral,False,False,False,TRUE_HALLUCINATION
python-pickle,python-pickle,2,"mistral,qwen",False,False,False,TRUE_HALLUCINATION
python-telegram-bot,python-telegram-bot,1,gemma,False,False,False,TRUE_HALLUCINATION
pytube,pytube,1,gemma,False,False,False,TRUE_HALLUCINATION
pytube3,pytube3,1,qwen,False,False,False,TRUE_HALLUCINATION
pyvirtualdisplay,pyvirtualdisplay,1,qwen,False,False,False,TRUE_HALLUCINATION
qr-code,qr-code,2,"marin,qwen",False,False,False,TRUE_HALLUCINATION
qr-code-server,qr-code-server,1,marin,False,False,False,TRUE_HALLUCINATION
qr-qr,qr-qr,1,marin,False,False,False,TRUE_HALLUCINATION
qsettings,qsettings,1,qwen,False,False,False,TRUE_HALLUCINATION
query-string-to-object,query-string-to-object,1,mistral,False,False,False,TRUE_HALLUCINATION
querystring-extract,querystring-extract,1,mistral,False,False,False,TRUE_HALLUCINATION
queue-and-stack,queue-and-stack,1,mistral,False,False,False,TRUE_HALLUCINATION
queue-array,queue-array,1,mistral,False,False,False,TRUE_HALLUCINATION
quickcheck,quickcheck,1,mistral,False,False,False,TRUE_HALLUCINATION
quoted-identifier,quoted-identifier,1,mistral,False,False,False,TRUE_HALLUCINATION
qwik-html,qwik-html,1,codellama7b,False,False,False,TRUE_HALLUCINATION
r-star-tree,r-star-tree,1,codellama7b,False,False,False,TRUE_HALLUCINATION
r-tree-js,r-tree-js,1,codellama7b,False,False,False,TRUE_HALLUCINATION
rabbitmq-js,rabbitmq-js,1,mistral,False,False,False,TRUE_HALLUCINATION
radix-ui-themes,radix-ui-themes,1,marin,False,False,False,TRUE_HALLUCINATION
random-bytes-alias,random-bytes-alias,1,gemma,False,False,False,TRUE_HALLUCINATION
random-latency,random-latency,1,mistral,False,False,False,TRUE_HALLUCINATION
random-sequence-generator,random-sequence-generator,1,mistral,False,False,False,TRUE_HALLUCINATION
randomBytes,randomBytes,3,"codellama7b,marin,mistral",False,False,False,TRUE_HALLUCINATION
randombytes-pbkdf2,randombytes-pbkdf2,1,mistral,False,False,False,TRUE_HALLUCINATION
randomforest-js,randomforest-js,1,mistral,False,False,False,TRUE_HALLUCINATION
range-expander,range-expander,1,codellama7b,False,False,False,TRUE_HALLUCINATION
range-to-array,range-to-array,1,codellama7b,False,False,False,TRUE_HALLUCINATION
rar.js,rar.js,1,mistral,False,False,False,TRUE_HALLUCINATION
rayon-collections,rayon-collections,1,mistral,False,False,False,TRUE_HALLUCINATION
react-abstraction-library,react-abstraction-library,1,mistral,False,False,False,TRUE_HALLUCINATION
react-adaptive-height,react-adaptive-height,1,codellama7b,False,False,False,TRUE_HALLUCINATION
react-addons-debug-support,react-addons-debug-support,1,mistral,False,False,False,TRUE_HALLUCINATION
react-amd,react-amd,1,codellama7b,False,False,False,TRUE_HALLUCINATION
react-autonumber-key,react-autonumber-key,1,mistral,False,False,False,TRUE_HALLUCINATION
react-compose-adapters,react-compose-adapters,1,mistral,False,False,False,TRUE_HALLUCINATION
react-cropjs,react-cropjs,1,marin,False,False,False,TRUE_HALLUCINATION
react-cubehelix-picker,react-cubehelix-picker,1,mistral,False,False,False,TRUE_HALLUCINATION
react-custom-renderers,react-custom-renderers,1,mistral,False,False,False,TRUE_HALLUCINATION
react-devtools-backend,react-devtools-backend,1,mistral,False,False,False,TRUE_HALLUCINATION
react-devtools-dom,react-devtools-dom,1,marin,False,False,False,TRUE_HALLUCINATION
react-dnd-kit,react-dnd-kit,1,codellama7b,False,False,False,TRUE_HALLUCINATION
react-draggable-dropzone,react-draggable-dropzone,2,qwen,False,False,False,TRUE_HALLUCINATION
react-dropzone-area,react-dropzone-area,1,mistral,False,False,False,TRUE_HALLUCINATION
react-element-to-jsx,react-element-to-jsx,1,mistral,False,False,False,TRUE_HALLUCINATION
react-eval,react-eval,1,mistral,False,False,False,TRUE_HALLUCINATION
react-execution-environment,react-execution-environment,2,mistral,False,False,False,TRUE_HALLUCINATION
react-fbsdk-next,react-fbsdk-next,1,marin,False,False,False,TRUE_HALLUCINATION
react-focus-management,react-focus-management,1,codellama7b,False,False,False,TRUE_HALLUCINATION
react-ga-event-listener,react-ga-event-listener,1,mistral,False,False,False,TRUE_HALLUCINATION
react-google-analytics-module,react-google-analytics-module,2,marin,False,False,False,TRUE_HALLUCINATION
react-google-tagmanager,react-google-tagmanager,1,mistral,False,False,False,TRUE_HALLUCINATION
react-headless-ui,react-headless-ui,1,qwen,False,False,False,TRUE_HALLUCINATION
react-helmet-ssl,react-helmet-ssl,1,marin,False,False,False,TRUE_HALLUCINATION
react-hoc-helper,react-hoc-helper,1,mistral,False,False,False,TRUE_HALLUCINATION
react-hoist,react-hoist,3,"codellama7b,gemma,gpt_oss",False,False,False,TRUE_HALLUCINATION
react-hook-form-arktype,react-hook-form-arktype,2,marin,False,False,False,TRUE_HALLUCINATION
react-hook-form-class-validator,react-hook-form-class-validator,2,marin,False,False,False,TRUE_HALLUCINATION
react-hook-form-computed-types,react-hook-form-computed-types,2,marin,False,False,False,TRUE_HALLUCINATION
react-hook-form-io-ts,react-hook-form-io-ts,2,marin,False,False,False,TRUE_HALLUCINATION
react-hook-form-joi,react-hook-form-joi,2,marin,False,False,False,TRUE_HALLUCINATION
react-hook-form-nope,react-hook-form-nope,2,marin,False,False,False,TRUE_HALLUCINATION
react-hook-form-superstruct,react-hook-form-superstruct,2,marin,False,False,False,TRUE_HALLUCINATION
react-hook-form-typanion,react-hook-form-typanion,2,marin,False,False,False,TRUE_HALLUCINATION
react-hook-form-typebox,react-hook-form-typebox,2,marin,False,False,False,TRUE_HALLUCINATION
react-hook-form-vest,react-hook-form-vest,2,marin,False,False,False,TRUE_HALLUCINATION
react-hook-progress,react-hook-progress,1,gemma,False,False,False,TRUE_HALLUCINATION
react-hooks-css,react-hooks-css,1,mistral,False,False,False,TRUE_HALLUCINATION
react-hooks-expo,react-hooks-expo,1,mistral,False,False,False,TRUE_HALLUCINATION
react-hooks-use-merge-state,react-hooks-use-merge-state,1,mistral,False,False,False,TRUE_HALLUCINATION
react-hooks-use-window-size,react-hooks-use-window-size,2,mistral,False,False,False,TRUE_HALLUCINATION
react-insertion-effect-polyfill,react-insertion-effect-polyfill,1,mistral,False,False,False,TRUE_HALLUCINATION
react-intl-safe,react-intl-safe,1,mistral,False,False,False,TRUE_HALLUCINATION
react-jsonschema-toolkit,react-jsonschema-toolkit,1,mistral,False,False,False,TRUE_HALLUCINATION
react-jsx-tree,react-jsx-tree,1,mistral,False,False,False,TRUE_HALLUCINATION
react-kendo-editor,react-kendo-editor,1,gemma,False,False,False,TRUE_HALLUCINATION
react-keyed,react-keyed,1,codellama7b,False,False,False,TRUE_HALLUCINATION
react-lch-color-picker,react-lch-color-picker,1,mistral,False,False,False,TRUE_HALLUCINATION
react-mouse-wheel,react-mouse-wheel,2,mistral,False,False,False,TRUE_HALLUCINATION
react-native-android-manager,react-native-android-manager,1,mistral,False,False,False,TRUE_HALLUCINATION
react-native-animated,react-native-animated,1,mistral,False,False,False,TRUE_HALLUCINATION
react-native-appauth,react-native-appauth,1,qwen,False,False,False,TRUE_HALLUCINATION
react-native-blob-image,react-native-blob-image,1,gemma,False,False,False,TRUE_HALLUCINATION
react-native-bundle-alyzer,react-native-bundle-alyzer,2,marin,False,False,False,TRUE_HALLUCINATION
react-native-bundle-anner,react-native-bundle-anner,3,"gemma,mistral",False,False,False,TRUE_HALLUCINATION
react-native-bundle-optimizer,react-native-bundle-optimizer,1,marin,False,False,False,TRUE_HALLUCINATION
react-native-cellular-data,react-native-cellular-data,1,mistral,False,False,False,TRUE_HALLUCINATION
react-native-check-internet,react-native-check-internet,1,mistral,False,False,False,TRUE_HALLUCINATION
react-native-code-split,react-native-code-split,1,marin,False,False,False,TRUE_HALLUCINATION
react-native-exo-player,react-native-exo-player,1,marin,False,False,False,TRUE_HALLUCINATION
react-native-exoplayer,react-native-exoplayer,1,qwen,False,False,False,TRUE_HALLUCINATION
react-native-file-system,react-native-file-system,1,qwen,False,False,False,TRUE_HALLUCINATION
react-native-get-bundle-identifier,react-native-get-bundle-identifier,1,mistral,False,False,False,TRUE_HALLUCINATION
react-native-get-url-host,react-native-get-url-host,1,mistral,False,False,False,TRUE_HALLUCINATION
react-native-lifecycle-hooks,react-native-lifecycle-hooks,1,mistral,False,False,False,TRUE_HALLUCINATION
react-native-logbox,react-native-logbox,1,mistral,False,False,False,TRUE_HALLUCINATION
react-native-loottie,react-native-loottie,3,marin,False,False,False,TRUE_HALLUCINATION
react-native-makefile,react-native-makefile,1,mistral,False,False,False,TRUE_HALLUCINATION
react-native-mock-device,react-native-mock-device,1,mistral,False,False,False,TRUE_HALLUCINATION
react-native-prop-types,react-native-prop-types,1,mistral,False,False,False,TRUE_HALLUCINATION
react-native-push-notifications,react-native-push-notifications,1,codellama7b,False,False,False,TRUE_HALLUCINATION
react-native-pushersdk,react-native-pushersdk,2,marin,False,False,False,TRUE_HALLUCINATION
react-native-react-context,react-native-react-context,1,mistral,False,False,False,TRUE_HALLUCINATION
react-native-stream-io,react-native-stream-io,2,mistral,False,False,False,TRUE_HALLUCINATION
react-native-svg-bridge,react-native-svg-bridge,1,mistral,False,False,False,TRUE_HALLUCINATION
react-native-swiftui-datepicker,react-native-swiftui-datepicker,1,mistral,False,False,False,TRUE_HALLUCINATION
react-native-web-socket,react-native-web-socket,1,marin,False,False,False,TRUE_HALLUCINATION
react-native-webpack-dev-server,react-native-webpack-dev-server,1,mistral,False,False,False,TRUE_HALLUCINATION
react-nativeDeviceInfo,react-nativeDeviceInfo,1,marin,False,False,False,TRUE_HALLUCINATION
react-navigation-headers,react-navigation-headers,1,mistral,False,False,False,TRUE_HALLUCINATION
react-navigation-native,react-navigation-native,1,mistral,False,False,False,TRUE_HALLUCINATION
react-office-dva,react-office-dva,1,codellama7b,False,False,False,TRUE_HALLUCINATION
react-office-dva-router,react-office-dva-router,1,codellama7b,False,False,False,TRUE_HALLUCINATION
react-office-js,react-office-js,1,codellama7b,False,False,False,TRUE_HALLUCINATION
react-phone-number-input,react-phone-number-input,1,mistral,False,False,False,TRUE_HALLUCINATION
react-pure-call,react-pure-call,9,"codellama7b,gemma,marin,mistral,qwen",False,False,False,TRUE_HALLUCINATION
react-query-middleware,react-query-middleware,1,mistral,False,False,False,TRUE_HALLUCINATION
react-query-use-react-context,react-query-use-react-context,1,mistral,False,False,False,TRUE_HALLUCINATION
react-randomized,react-randomized,12,"codellama7b,gemma,marin,mistral,qwen",False,False,False,TRUE_HALLUCINATION
react-redux-devtools,react-redux-devtools,1,mistral,False,False,False,TRUE_HALLUCINATION
react-router-404,react-router-404,1,mistral,False,False,False,TRUE_HALLUCINATION
react-router-browser-router,react-router-browser-router,1,mistral,False,False,False,TRUE_HALLUCINATION
react-router-browserhistory,react-router-browserhistory,1,mistral,False,False,False,TRUE_HALLUCINATION
react-router-connect,react-router-connect,1,gemma,False,False,False,TRUE_HALLUCINATION
react-router-deep-linking,react-router-deep-linking,1,mistral,False,False,False,TRUE_HALLUCINATION
react-router-dva,react-router-dva,1,codellama7b,False,False,False,TRUE_HALLUCINATION
react-router-hash-location,react-router-hash-location,2,mistral,False,False,False,TRUE_HALLUCINATION
react-source-viewer,react-source-viewer,1,mistral,False,False,False,TRUE_HALLUCINATION
react-stream-render,react-stream-render,1,mistral,False,False,False,TRUE_HALLUCINATION
react-strip-prop-types,react-strip-prop-types,17,"codellama7b,gemma,marin,mistral,qwen",False,False,False,TRUE_HALLUCINATION
react-subscription,react-subscription,1,marin,False,False,False,TRUE_HALLUCINATION
react-svg-mount,react-svg-mount,1,mistral,False,False,False,TRUE_HALLUCINATION
react-svg-parser,react-svg-parser,1,mistral,False,False,False,TRUE_HALLUCINATION
react-svg-pathdata,react-svg-pathdata,2,mistral,False,False,False,TRUE_HALLUCINATION
react-svg-transformer,react-svg-transformer,1,mistral,False,False,False,TRUE_HALLUCINATION
react-svgr,react-svgr,9,"codellama7b,gemma,marin,mistral,qwen",False,False,False,TRUE_HALLUCINATION
react-table-export,react-table-export,1,qwen,False,False,False,TRUE_HALLUCINATION
react-table-extensions,react-table-extensions,1,mistral,False,False,False,TRUE_HALLUCINATION
react-to-ref,react-to-ref,1,gemma,False,False,False,TRUE_HALLUCINATION
react-transform-jsx,react-transform-jsx,1,mistral,False,False,False,TRUE_HALLUCINATION
react-transform-react-jsx-self,react-transform-react-jsx-self,1,mistral,False,False,False,TRUE_HALLUCINATION
react-unique-id,react-unique-id,1,codellama7b,False,False,False,TRUE_HALLUCINATION
react-use-portal,react-use-portal,1,mistral,False,False,False,TRUE_HALLUCINATION
react-use-subscription,react-use-subscription,1,mistral,False,False,False,TRUE_HALLUCINATION
react-with-highcharts,react-with-highcharts,3,mistral,False,False,False,TRUE_HALLUCINATION
react.useEffect,react.useEffect,1,marin,False,False,False,TRUE_HALLUCINATION
react.useState,react.useState,1,marin,False,False,False,TRUE_HALLUCINATION
read-csv-stream,read-csv-stream,1,mistral,False,False,False,TRUE_HALLUCINATION
read-excel-buffer,read-excel-buffer,1,mistral,False,False,False,TRUE_HALLUCINATION
read-pac-file,read-pac-file,1,mistral,False,False,False,TRUE_HALLUCINATION
read-svg,read-svg,1,mistral,False,False,False,TRUE_HALLUCINATION
readFileSync,readFileSync,1,gemma,False,False,False,TRUE_HALLUCINATION
readability-stream,readability-stream,1,qwen,False,False,False,TRUE_HALLUCINATION
readdir-sync,readdir-sync,1,mistral,False,False,False,TRUE_HALLUCINATION
readme-md-it,readme-md-it,1,mistral,False,False,False,TRUE_HALLUCINATION
readonly-array,readonly-array,1,gemma,False,False,False,TRUE_HALLUCINATION
realm-compat,realm-compat,1,codellama7b,False,False,False,TRUE_HALLUCINATION
realtime-engine,realtime-engine,1,marin,False,False,False,TRUE_HALLUCINATION
reap-fs,reap-fs,2,mistral,False,False,False,TRUE_HALLUCINATION
rectangle-collision,rectangle-collision,1,codellama7b,False,False,False,TRUE_HALLUCINATION
recurse-detect,recurse-detect,1,mistral,False,False,False,TRUE_HALLUCINATION
recurse-json,recurse-json,2,mistral,False,False,False,TRUE_HALLUCINATION
recursion-limit,recursion-limit,4,mistral,False,False,False,TRUE_HALLUCINATION
recursive-array-reduce,recursive-array-reduce,1,mistral,False,False,False,TRUE_HALLUCINATION
recursive-chmod,recursive-chmod,1,mistral,False,False,False,TRUE_HALLUCINATION
recursive-css-selectors,recursive-css-selectors,1,mistral,False,False,False,TRUE_HALLUCINATION
recursive-fs-moves,recursive-fs-moves,4,mistral,False,False,False,TRUE_HALLUCINATION
recursive-fs-readdir,recursive-fs-readdir,2,mistral,False,False,False,TRUE_HALLUCINATION
recursive-function,recursive-function,1,mistral,False,False,False,TRUE_HALLUCINATION
recursive-nested-object,recursive-nested-object,1,mistral,False,False,False,TRUE_HALLUCINATION
recursive-read,recursive-read,2,mistral,False,False,False,TRUE_HALLUCINATION
recursive-traversal,recursive-traversal,4,mistral,False,False,False,TRUE_HALLUCINATION
recursive-tree-equality,recursive-tree-equality,1,mistral,False,False,False,TRUE_HALLUCINATION
redi-search,redi-search,2,marin,False,False,False,TRUE_HALLUCINATION
redirect-parser,redirect-parser,1,marin,False,False,False,TRUE_HALLUCINATION
redis-module-redisearch,redis-module-redisearch,1,gemma,False,False,False,TRUE_HALLUCINATION
redisgraph,redisgraph,1,qwen,False,False,False,TRUE_HALLUCINATION
redisjson,redisjson,4,"codellama7b,marin,qwen",False,False,False,TRUE_HALLUCINATION
redlock-lock,redlock-lock,1,mistral,False,False,False,TRUE_HALLUCINATION
reduce-right,reduce-right,1,mistral,False,False,False,TRUE_HALLUCINATION
redux-cancellable,redux-cancellable,1,mistral,False,False,False,TRUE_HALLUCINATION
redux-composable,redux-composable,1,marin,False,False,False,TRUE_HALLUCINATION
redux-date,redux-date,1,marin,False,False,False,TRUE_HALLUCINATION
redux-form-input-custom-number,redux-form-input-custom-number,1,mistral,False,False,False,TRUE_HALLUCINATION
redux-middleware-http,redux-middleware-http,1,gemma,False,False,False,TRUE_HALLUCINATION
redux-optimized-reduce,redux-optimized-reduce,1,mistral,False,False,False,TRUE_HALLUCINATION
refactorjs,refactorjs,1,codellama7b,False,False,False,TRUE_HALLUCINATION
reflection-component-utilities,reflection-component-utilities,1,mistral,False,False,False,TRUE_HALLUCINATION
reflection-metadata,reflection-metadata,1,mistral,False,False,False,TRUE_HALLUCINATION
regex-101,regex-101,1,marin,False,False,False,TRUE_HALLUCINATION
regex-es2018,regex-es2018,10,"codellama7b,gemma,gpt_oss,marin,mistral,qwen",False,False,False,TRUE_HALLUCINATION
regex-generator,regex-generator,1,mistral,False,False,False,TRUE_HALLUCINATION
regex-matcher,regex-matcher,2,codellama7b,False,False,False,TRUE_HALLUCINATION
regex-matcher-utils,regex-matcher-utils,1,codellama7b,False,False,False,TRUE_HALLUCINATION
regexp-1,regexp-1,1,marin,False,False,False,TRUE_HALLUCINATION
regexp-flags,regexp-flags,1,mistral,False,False,False,TRUE_HALLUCINATION
regexp-matcher,regexp-matcher,1,codellama7b,False,False,False,TRUE_HALLUCINATION
regexp-to-tokens,regexp-to-tokens,2,mistral,False,False,False,TRUE_HALLUCINATION
regexpu-debug,regexpu-debug,1,mistral,False,False,False,TRUE_HALLUCINATION
regexpu-utils,regexpu-utils,1,mistral,False,False,False,TRUE_HALLUCINATION
regjs-parser,regjs-parser,1,marin,False,False,False,TRUE_HALLUCINATION
regjsp,regjsp,1,mistral,False,False,False,TRUE_HALLUCINATION
rehype-autolink-code,rehype-autolink-code,1,qwen,False,False,False,TRUE_HALLUCINATION
rehype-autonumber-footnotes,rehype-autonumber-footnotes,1,mistral,False,False,False,TRUE_HALLUCINATION
rehype-converter,rehype-converter,1,marin,False,False,False,TRUE_HALLUCINATION
rehype-extract-metadata,rehype-extract-metadata,1,mistral,False,False,False,TRUE_HALLUCINATION
rehype-footnote,rehype-footnote,1,qwen,False,False,False,TRUE_HALLUCINATION
rehype-generate,rehype-generate,1,gemma,False,False,False,TRUE_HALLUCINATION
rehype-parse-task-list,rehype-parse-task-list,1,mistral,False,False,False,TRUE_HALLUCINATION
rehype-plugin-name,rehype-plugin-name,1,qwen,False,False,False,TRUE_HALLUCINATION
rehype-pretty,rehype-pretty,1,mistral,False,False,False,TRUE_HALLUCINATION
rehype-reeslish,rehype-reeslish,3,"marin,mistral",False,False,False,TRUE_HALLUCINATION
rehype-reparse,rehype-reparse,2,codellama7b,False,False,False,TRUE_HALLUCINATION
rehype-replace,rehype-replace,1,mistral,False,False,False,TRUE_HALLUCINATION
rehype-serialize,rehype-serialize,1,qwen,False,False,False,TRUE_HALLUCINATION
rehype-serializer,rehype-serializer,1,marin,False,False,False,TRUE_HALLUCINATION
rehype-strikethrough,rehype-strikethrough,1,qwen,False,False,False,TRUE_HALLUCINATION
rehype-table,rehype-table,1,qwen,False,False,False,TRUE_HALLUCINATION
rehype-table-of-contents,rehype-table-of-contents,1,mistral,False,False,False,TRUE_HALLUCINATION
rehype-tasklist,rehype-tasklist,1,qwen,False,False,False,TRUE_HALLUCINATION
rehype-to-object,rehype-to-object,1,marin,False,False,False,TRUE_HALLUCINATION
rehype-visit,rehype-visit,5,mistral,False,False,False,TRUE_HALLUCINATION
rehype-visitors,rehype-visitors,1,gemma,False,False,False,TRUE_HALLUCINATION
remark-autolink,remark-autolink,3,"marin,mistral",False,False,False,TRUE_HALLUCINATION
remark-autolink-header,remark-autolink-header,1,mistral,False,False,False,TRUE_HALLUCINATION
remark-commonmark,remark-commonmark,1,marin,False,False,False,TRUE_HALLUCINATION
remark-gfm-footnotes,remark-gfm-footnotes,1,gpt_oss,False,False,False,TRUE_HALLUCINATION
remark-gfm-headings,remark-gfm-headings,1,mistral,False,False,False,TRUE_HALLUCINATION
remark-gfm-tasklists,remark-gfm-tasklists,1,mistral,False,False,False,TRUE_HALLUCINATION
remark-parse-block-math,remark-parse-block-math,1,mistral,False,False,False,TRUE_HALLUCINATION
remark-parse-gfm,remark-parse-gfm,1,mistral,False,False,False,TRUE_HALLUCINATION
remark-parse-mdx,remark-parse-mdx,1,mistral,False,False,False,TRUE_HALLUCINATION
remark-parser,remark-parser,10,"codellama7b,gemma,gpt_oss,marin,mistral",False,False,False,TRUE_HALLUCINATION
remark-replace,remark-replace,1,mistral,False,False,False,TRUE_HALLUCINATION
remark-serialize,remark-serialize,1,qwen,False,False,False,TRUE_HALLUCINATION
remark-serializing,remark-serializing,2,marin,False,False,False,TRUE_HALLUCINATION
remark-strikethrough,remark-strikethrough,6,"marin,mistral",False,False,False,TRUE_HALLUCINATION
remark-string,remark-string,1,mistral,False,False,False,TRUE_HALLUCINATION
remark-stringify-gfm,remark-stringify-gfm,1,mistral,False,False,False,TRUE_HALLUCINATION
remark-table,remark-table,4,mistral,False,False,False,TRUE_HALLUCINATION
remark-tables,remark-tables,1,marin,False,False,False,TRUE_HALLUCINATION
remark-tasklist,remark-tasklist,1,marin,False,False,False,TRUE_HALLUCINATION
remark-tasklists,remark-tasklists,3,mistral,False,False,False,TRUE_HALLUCINATION
remove-ansi,remove-ansi,1,mistral,False,False,False,TRUE_HALLUCINATION
replace-control-characters,replace-control-characters,1,mistral,False,False,False,TRUE_HALLUCINATION
requestAnimationFrame-polyfill,requestAnimationFrame-polyfill,1,mistral,False,False,False,TRUE_HALLUCINATION
require-manager,require-manager,1,gemma,False,False,False,TRUE_HALLUCINATION
resizablejs,resizablejs,2,marin,False,False,False,TRUE_HALLUCINATION
resolve-fn1,resolve-fn1,1,qwen,False,False,False,TRUE_HALLUCINATION
resolve-fn2,resolve-fn2,1,qwen,False,False,False,TRUE_HALLUCINATION
rfc-6838,rfc-6838,1,mistral,False,False,False,TRUE_HALLUCINATION
rfc4013,rfc4013,1,mistral,False,False,False,TRUE_HALLUCINATION
rg,rg,1,mistral,False,False,False,TRUE_HALLUCINATION
rich-terminal-2,rich-terminal-2,1,marin,False,False,False,TRUE_HALLUCINATION
rjs-2,rjs-2,2,marin,False,False,False,TRUE_HALLUCINATION
rnc-bundle-config,rnc-bundle-config,1,mistral,False,False,False,TRUE_HALLUCINATION
rollup-plugin-auto-name,rollup-plugin-auto-name,3,marin,False,False,False,TRUE_HALLUCINATION
rollup-plugin-auto-namer,rollup-plugin-auto-namer,2,codellama7b,False,False,False,TRUE_HALLUCINATION
rollup-plugin-bundle-visualizer,rollup-plugin-bundle-visualizer,1,mistral,False,False,False,TRUE_HALLUCINATION
rollup-plugin-cachebust,rollup-plugin-cachebust,1,mistral,False,False,False,TRUE_HALLUCINATION
rollup-plugin-commonjs-worker,rollup-plugin-commonjs-worker,2,mistral,False,False,False,TRUE_HALLUCINATION
rollup-plugin-es6,rollup-plugin-es6,9,"codellama7b,gemma,gpt_oss,mistral,qwen",False,False,False,TRUE_HALLUCINATION
rollup-plugin-esm,rollup-plugin-esm,3,codellama7b,False,False,False,TRUE_HALLUCINATION
rollup-plugin-file-copier,rollup-plugin-file-copier,12,"codellama7b,gemma,gpt_oss,marin,mistral,qwen",False,False,False,TRUE_HALLUCINATION
rollup-plugin-native-build,rollup-plugin-native-build,1,gemma,False,False,False,TRUE_HALLUCINATION
rollup-plugin-node-external,rollup-plugin-node-external,1,mistral,False,False,False,TRUE_HALLUCINATION
rollup-plugin-node-polyfill-external,rollup-plugin-node-polyfill-external,1,mistral,False,False,False,TRUE_HALLUCINATION
rollup-plugin-optimizer,rollup-plugin-optimizer,1,codellama7b,False,False,False,TRUE_HALLUCINATION
rollup-plugin-peak-dependencies,rollup-plugin-peak-dependencies,3,marin,False,False,False,TRUE_HALLUCINATION
rollup-plugin-peer-deps,rollup-plugin-peer-deps,1,mistral,False,False,False,TRUE_HALLUCINATION
rollup-plugin-react,rollup-plugin-react,1,marin,False,False,False,TRUE_HALLUCINATION
rollup-plugin-snake-case,rollup-plugin-snake-case,1,mistral,False,False,False,TRUE_HALLUCINATION
rollup-plugin-source-map,rollup-plugin-source-map,1,qwen,False,False,False,TRUE_HALLUCINATION
rollup-plugin-sourcemap,rollup-plugin-sourcemap,2,mistral,False,False,False,TRUE_HALLUCINATION
rollup-plugin-visualize,rollup-plugin-visualize,1,marin,False,False,False,TRUE_HALLUCINATION
rollupNative,rollupNative,1,mistral,False,False,False,TRUE_HALLUCINATION
rot-min,rot-min,1,mistral,False,False,False,TRUE_HALLUCINATION
rotatelabels,rotatelabels,2,mistral,False,False,False,TRUE_HALLUCINATION
roundjs,roundjs,1,mistral,False,False,False,TRUE_HALLUCINATION
route53-js,route53-js,1,codellama7b,False,False,False,TRUE_HALLUCINATION
rsa-js,rsa-js,3,"codellama7b,mistral",False,False,False,TRUE_HALLUCINATION
rspec,rspec,1,gemma,False,False,False,TRUE_HALLUCINATION
rspec-focused,rspec-focused,1,mistral,False,False,False,TRUE_HALLUCINATION
rtp-sdp-constructor,rtp-sdp-constructor,1,mistral,False,False,False,TRUE_HALLUCINATION
rtreejs,rtreejs,2,mistral,False,False,False,TRUE_HALLUCINATION
rush-get-packages,rush-get-packages,2,mistral,False,False,False,TRUE_HALLUCINATION
rxjs-destroyed,rxjs-destroyed,1,codellama7b,False,False,False,TRUE_HALLUCINATION
rxjs-schedulers,rxjs-schedulers,1,qwen,False,False,False,TRUE_HALLUCINATION
s3-rotator,s3-rotator,1,mistral,False,False,False,TRUE_HALLUCINATION
s3fy-js,s3fy-js,1,gemma,False,False,False,TRUE_HALLUCINATION
safari-web-extension,safari-web-extension,1,codellama7b,False,False,False,TRUE_HALLUCINATION
safe-base64,safe-base64,1,qwen,False,False,False,TRUE_HALLUCINATION
safe-integer,safe-integer,1,mistral,False,False,False,TRUE_HALLUCINATION
safe-monkeypatch,safe-monkeypatch,1,marin,False,False,False,TRUE_HALLUCINATION
sails-controllers,sails-controllers,1,marin,False,False,False,TRUE_HALLUCINATION
sails-hooks-bluewater-populate,sails-hooks-bluewater-populate,1,mistral,False,False,False,TRUE_HALLUCINATION
sails-mongo-native,sails-mongo-native,1,mistral,False,False,False,TRUE_HALLUCINATION
sails-polling,sails-polling,1,marin,False,False,False,TRUE_HALLUCINATION
sails-waterline,sails-waterline,1,marin,False,False,False,TRUE_HALLUCINATION
sails-waterline-blueprint,sails-waterline-blueprint,1,marin,False,False,False,TRUE_HALLUCINATION
salesforce-alm-api,salesforce-alm-api,1,mistral,False,False,False,TRUE_HALLUCINATION
salesforce-client,salesforce-client,1,codellama7b,False,False,False,TRUE_HALLUCINATION
sanitizehtml,sanitizehtml,1,codellama7b,False,False,False,TRUE_HALLUCINATION
sass-js,sass-js,15,"codellama7b,gemma,gpt_oss,mistral,qwen",False,False,False,TRUE_HALLUCINATION
sass-like-variables,sass-like-variables,1,codellama7b,False,False,False,TRUE_HALLUCINATION
sass-parse,sass-parse,19,"codellama7b,gemma,gpt_oss,marin,mistral,qwen",False,False,False,TRUE_HALLUCINATION
sc-min,sc-min,1,mistral,False,False,False,TRUE_HALLUCINATION
scenekit,scenekit,1,qwen,False,False,False,TRUE_HALLUCINATION
scikit-image,scikit-image,2,"codellama7b,qwen",False,False,False,TRUE_HALLUCINATION
scikit-learn,scikit-learn,6,"marin,mistral,qwen",False,False,False,TRUE_HALLUCINATION
scipy-like,scipy-like,1,mistral,False,False,False,TRUE_HALLUCINATION
scipy.interpolate,scipy.interpolate,1,gemma,False,False,False,TRUE_HALLUCINATION
scipy.ndimage,scipy.ndimage,1,qwen,False,False,False,TRUE_HALLUCINATION
scipy.stats,scipy.stats,1,qwen,False,False,False,TRUE_HALLUCINATION
scp-dhcp,scp-dhcp,1,mistral,False,False,False,TRUE_HALLUCINATION
scrapy-celery,scrapy-celery,1,mistral,False,False,False,TRUE_HALLUCINATION
scrollX,scrollX,1,codellama7b,False,False,False,TRUE_HALLUCINATION
seaborn-categorical,seaborn-categorical,2,mistral,False,False,False,TRUE_HALLUCINATION
seaborn-data-tips,seaborn-data-tips,1,mistral,False,False,False,TRUE_HALLUCINATION
search-in-current-project,search-in-current-project,1,codellama7b,False,False,False,TRUE_HALLUCINATION
seccomp-bpf,seccomp-bpf,1,mistral,False,False,False,TRUE_HALLUCINATION
secure-smart-contract-library,secure-smart-contract-library,1,codellama7b,False,False,False,TRUE_HALLUCINATION
see-sqlite,see-sqlite,1,marin,False,False,False,TRUE_HALLUCINATION
segmentio-backoff,segmentio-backoff,1,gemma,False,False,False,TRUE_HALLUCINATION
selenide,selenide,2,"marin,qwen",False,False,False,TRUE_HALLUCINATION
selenium-core,selenium-core,1,gemma,False,False,False,TRUE_HALLUCINATION
selenium-webdriver-manager,selenium-webdriver-manager,1,mistral,False,False,False,TRUE_HALLUCINATION
selenium-webdriver-tabs,selenium-webdriver-tabs,1,mistral,False,False,False,TRUE_HALLUCINATION
selenium-wire,selenium-wire,2,gemma,False,False,False,TRUE_HALLUCINATION
semantic-release-changelog,semantic-release-changelog,2,mistral,False,False,False,TRUE_HALLUCINATION
semantic-release-changelog-generator,semantic-release-changelog-generator,1,mistral,False,False,False,TRUE_HALLUCINATION
semantic-release-fs,semantic-release-fs,1,mistral,False,False,False,TRUE_HALLUCINATION
semantic-release-git,semantic-release-git,1,mistral,False,False,False,TRUE_HALLUCINATION
semantic-release-git-changelog,semantic-release-git-changelog,1,mistral,False,False,False,TRUE_HALLUCINATION
semantic-release-npm-publish,semantic-release-npm-publish,1,mistral,False,False,False,TRUE_HALLUCINATION
semaphore-fast,semaphore-fast,1,mistral,False,False,False,TRUE_HALLUCINATION
semver-inc,semver-inc,1,mistral,False,False,False,TRUE_HALLUCINATION
sentry-perf,sentry-perf,1,marin,False,False,False,TRUE_HALLUCINATION
sentry-webpack-plugin,sentry-webpack-plugin,1,marin,False,False,False,TRUE_HALLUCINATION
sequelize-dialect-mariadb,sequelize-dialect-mariadb,1,marin,False,False,False,TRUE_HALLUCINATION
sequelize-dialect-mysql,sequelize-dialect-mysql,1,marin,False,False,False,TRUE_HALLUCINATION
sequelize-dialect-postgres,sequelize-dialect-postgres,1,marin,False,False,False,TRUE_HALLUCINATION
sequelize-dialect-redshift,sequelize-dialect-redshift,1,marin,False,False,False,TRUE_HALLUCINATION
sequelize-dialect-snowflake,sequelize-dialect-snowflake,1,marin,False,False,False,TRUE_HALLUCINATION
sequelize-dialect-sqlite,sequelize-dialect-sqlite,1,marin,False,False,False,TRUE_HALLUCINATION
sequelize-dialect-sqlserver,sequelize-dialect-sqlserver,1,marin,False,False,False,TRUE_HALLUCINATION
sequelize-mssql,sequelize-mssql,1,mistral,False,False,False,TRUE_HALLUCINATION
sequelize-redshift,sequelize-redshift,1,mistral,False,False,False,TRUE_HALLUCINATION
sequelize-snowflake,sequelize-snowflake,1,mistral,False,False,False,TRUE_HALLUCINATION
serde,serde,5,"codellama7b,gemma,marin",False,False,False,TRUE_HALLUCINATION
serde_wasm,serde_wasm,1,mistral,False,False,False,TRUE_HALLUCINATION
serde_yaml,serde_yaml,1,gemma,False,False,False,TRUE_HALLUCINATION
serve-headers,serve-headers,1,mistral,False,False,False,TRUE_HALLUCINATION
serverless-plugin-warm-apigw-custom-domain,serverless-plugin-warm-apigw-custom-domain,1,mistral,False,False,False,TRUE_HALLUCINATION
serverless-region-constraints,serverless-region-constraints,1,mistral,False,False,False,TRUE_HALLUCINATION
set-immutable,set-immutable,3,mistral,False,False,False,TRUE_HALLUCINATION
set-iterate,set-iterate,1,mistral,False,False,False,TRUE_HALLUCINATION
setImmediate,setImmediate,2,mistral,False,False,False,TRUE_HALLUCINATION
setimmediate-shim,setimmediate-shim,1,mistral,False,False,False,TRUE_HALLUCINATION
sfdx-authinfo,sfdx-authinfo,2,codellama7b,False,False,False,TRUE_HALLUCINATION
sfdx-client,sfdx-client,7,"codellama7b,gemma,gpt_oss,marin,mistral,qwen",False,False,False,TRUE_HALLUCINATION
sfdx-core,sfdx-core,3,codellama7b,False,False,False,TRUE_HALLUCINATION
sfdx-javascript-sdk,sfdx-javascript-sdk,6,"codellama7b,gpt_oss,marin,qwen",False,False,False,TRUE_HALLUCINATION
sha1-js,sha1-js,1,mistral,False,False,False,TRUE_HALLUCINATION
sha256-js,sha256-js,2,mistral,False,False,False,TRUE_HALLUCINATION
shadow-root-polyfill,shadow-root-polyfill,1,mistral,False,False,False,TRUE_HALLUCINATION
shared-vue-utils,shared-vue-utils,2,gpt_oss,False,False,False,TRUE_HALLUCINATION
sharepoint-js-sdk,sharepoint-js-sdk,1,mistral,False,False,False,TRUE_HALLUCINATION
sharpness,sharpness,2,marin,False,False,False,TRUE_HALLUCINATION
shellquote,shellquote,1,mistral,False,False,False,TRUE_HALLUCINATION
shields.io,shields.io,1,mistral,False,False,False,TRUE_HALLUCINATION
shim-deprecate,shim-deprecate,1,mistral,False,False,False,TRUE_HALLUCINATION
signalr-hub-proxy,signalr-hub-proxy,1,codellama7b,False,False,False,TRUE_HALLUCINATION
signalr-keepalive,signalr-keepalive,1,codellama7b,False,False,False,TRUE_HALLUCINATION
sigstore-bundle,sigstore-bundle,1,qwen,False,False,False,TRUE_HALLUCINATION
silent-sequence,silent-sequence,2,marin,False,False,False,TRUE_HALLUCINATION
simple-gitlog,simple-gitlog,1,mistral,False,False,False,TRUE_HALLUCINATION
single-spa-karma,single-spa-karma,1,mistral,False,False,False,TRUE_HALLUCINATION
sinon-esm,sinon-esm,1,codellama7b,False,False,False,TRUE_HALLUCINATION
sinon-mock,sinon-mock,2,mistral,False,False,False,TRUE_HALLUCINATION
sinon-mock-esm,sinon-mock-esm,1,mistral,False,False,False,TRUE_HALLUCINATION
sinon-mock-module,sinon-mock-module,1,codellama7b,False,False,False,TRUE_HALLUCINATION
sinon-mock-native,sinon-mock-native,1,mistral,False,False,False,TRUE_HALLUCINATION
sinon-spies,sinon-spies,1,gemma,False,False,False,TRUE_HALLUCINATION
size-of,size-of,1,codellama7b,False,False,False,TRUE_HALLUCINATION
size_t,size_t,1,codellama7b,False,False,False,TRUE_HALLUCINATION
skeletoncss,skeletoncss,1,marin,False,False,False,TRUE_HALLUCINATION
skia-gpu,skia-gpu,1,codellama7b,False,False,False,TRUE_HALLUCINATION
skia-viewer,skia-viewer,1,mistral,False,False,False,TRUE_HALLUCINATION
sklearn-js,sklearn-js,3,mistral,False,False,False,TRUE_HALLUCINATION
sklearn.ensemble.RandomForestClassifier,sklearn.ensemble.RandomForestClassifier,1,marin,False,False,False,TRUE_HALLUCINATION
sklearn.metrics,sklearn.metrics,1,qwen,False,False,False,TRUE_HALLUCINATION
sklearn.model_selection,sklearn.model_selection,2,"gemma,gpt_oss",False,False,False,TRUE_HALLUCINATION
sky-map-pro-js,sky-map-pro-js,1,mistral,False,False,False,TRUE_HALLUCINATION
slack-slackjs,slack-slackjs,1,marin,False,False,False,TRUE_HALLUCINATION
sm-client,sm-client,1,mistral,False,False,False,TRUE_HALLUCINATION
small-positive,small-positive,1,mistral,False,False,False,TRUE_HALLUCINATION
smtp-easy-password,smtp-easy-password,1,mistral,False,False,False,TRUE_HALLUCINATION
smtp-parser,smtp-parser,2,mistral,False,False,False,TRUE_HALLUCINATION
smtp-session,smtp-session,1,mistral,False,False,False,TRUE_HALLUCINATION
smtp-transaction,smtp-transaction,1,qwen,False,False,False,TRUE_HALLUCINATION
smtp-transport,smtp-transport,2,mistral,False,False,False,TRUE_HALLUCINATION
smtplib,smtplib,5,gemma,False,False,False,TRUE_HALLUCINATION
snap-to-data-uri,snap-to-data-uri,1,mistral,False,False,False,TRUE_HALLUCINATION
snapdragon-compiler,snapdragon-compiler,1,marin,False,False,False,TRUE_HALLUCINATION
snapdragon-debugger,snapdragon-debugger,1,marin,False,False,False,TRUE_HALLUCINATION
snapdragon-error-handler,snapdragon-error-handler,1,marin,False,False,False,TRUE_HALLUCINATION
snapshot-jsx,snapshot-jsx,1,mistral,False,False,False,TRUE_HALLUCINATION
snyk-cli,snyk-cli,1,mistral,False,False,False,TRUE_HALLUCINATION
soap-fault-handler,soap-fault-handler,1,mistral,False,False,False,TRUE_HALLUCINATION
soap-lite,soap-lite,2,mistral,False,False,False,TRUE_HALLUCINATION
soapjs,soapjs,1,mistral,False,False,False,TRUE_HALLUCINATION
socket.io-udp,socket.io-udp,1,mistral,False,False,False,TRUE_HALLUCINATION
sockjs-node,sockjs-node,8,"codellama7b,gemma,gpt_oss,mistral",False,False,False,TRUE_HALLUCINATION
socks-native-client,socks-native-client,2,mistral,False,False,False,TRUE_HALLUCINATION
solargraph,solargraph,1,gemma,False,False,False,TRUE_HALLUCINATION
solcjs,solcjs,1,marin,False,False,False,TRUE_HALLUCINATION
solcjs-programs,solcjs-programs,1,marin,False,False,False,TRUE_HALLUCINATION
solcover,solcover,1,mistral,False,False,False,TRUE_HALLUCINATION
solidity-bytes,solidity-bytes,1,codellama7b,False,False,False,TRUE_HALLUCINATION
some-cache-driver,some-cache-driver,1,qwen,False,False,False,TRUE_HALLUCINATION
some-db-connector,some-db-connector,1,qwen,False,False,False,TRUE_HALLUCINATION
some-delay-library,some-delay-library,1,qwen,False,False,False,TRUE_HALLUCINATION
some-existing-module,some-existing-module,1,marin,False,False,False,TRUE_HALLUCINATION
some-http-client-library,some-http-client-library,1,qwen,False,False,False,TRUE_HALLUCINATION
some-native-module-package,some-native-module-package,1,qwen,False,False,False,TRUE_HALLUCINATION
some-node-built-in,some-node-built-in,1,marin,False,False,False,TRUE_HALLUCINATION
some-node-module,some-node-module,1,gemma,False,False,False,TRUE_HALLUCINATION
some-plotting-library,some-plotting-library,1,qwen,False,False,False,TRUE_HALLUCINATION
some-promise-library,some-promise-library,1,qwen,False,False,False,TRUE_HALLUCINATION
some-tuple-library,some-tuple-library,1,qwen,False,False,False,TRUE_HALLUCINATION
somewhere,somewhere,2,"gemma,gpt_oss",False,False,False,TRUE_HALLUCINATION
sonar-scanner-cli,sonar-scanner-cli,1,mistral,False,False,False,TRUE_HALLUCINATION
sonarqube-jest-reporter,sonarqube-jest-reporter,1,qwen,False,False,False,TRUE_HALLUCINATION
sonarscanner,sonarscanner,1,qwen,False,False,False,TRUE_HALLUCINATION
sort-chain,sort-chain,1,mistral,False,False,False,TRUE_HALLUCINATION
sort-stable,sort-stable,1,mistral,False,False,False,TRUE_HALLUCINATION
sorted-group-by,sorted-group-by,1,mistral,False,False,False,TRUE_HALLUCINATION
source-map-codec,source-map-codec,1,mistral,False,False,False,TRUE_HALLUCINATION
source-map-dev-tool-plugin,source-map-dev-tool-plugin,1,mistral,False,False,False,TRUE_HALLUCINATION
source-map-inspector,source-map-inspector,1,marin,False,False,False,TRUE_HALLUCINATION
source-map-webpack-plugin,source-map-webpack-plugin,1,marin,False,False,False,TRUE_HALLUCINATION
sourcemaps,sourcemaps,4,"codellama7b,gemma,marin",False,False,False,TRUE_HALLUCINATION
spark-avro,spark-avro,1,mistral,False,False,False,TRUE_HALLUCINATION
spark-for-javascript,spark-for-javascript,1,mistral,False,False,False,TRUE_HALLUCINATION
spark-for-nodejs,spark-for-nodejs,1,mistral,False,False,False,TRUE_HALLUCINATION
spark-log4j,spark-log4j,1,codellama7b,False,False,False,TRUE_HALLUCINATION
spark-session,spark-session,1,mistral,False,False,False,TRUE_HALLUCINATION
spark-sql,spark-sql,2,mistral,False,False,False,TRUE_HALLUCINATION
spdx-expression,spdx-expression,1,gemma,False,False,False,TRUE_HALLUCINATION
spdx-expression-evaluator,spdx-expression-evaluator,17,"codellama7b,gemma,gpt_oss,marin,mistral,qwen",False,False,False,TRUE_HALLUCINATION
spdx-expression-parser,spdx-expression-parser,12,"codellama7b,gemma,gpt_oss,marin,mistral,qwen",False,False,False,TRUE_HALLUCINATION
spdx-license-checker,spdx-license-checker,1,codellama7b,False,False,False,TRUE_HALLUCINATION
spdx-license-identifier,spdx-license-identifier,1,codellama7b,False,False,False,TRUE_HALLUCINATION
spdxjs,spdxjs,1,marin,False,False,False,TRUE_HALLUCINATION
spdy3,spdy3,2,marin,False,False,False,TRUE_HALLUCINATION
spdy31,spdy31,2,marin,False,False,False,TRUE_HALLUCINATION
speaker-recognition,speaker-recognition,1,mistral,False,False,False,TRUE_HALLUCINATION
specific-module,specific-module,1,mistral,False,False,False,TRUE_HALLUCINATION
spectrum-UI,spectrum-UI,2,marin,False,False,False,TRUE_HALLUCINATION
spectrum-footer,spectrum-footer,1,marin,False,False,False,TRUE_HALLUCINATION
spectrum-grid,spectrum-grid,1,marin,False,False,False,TRUE_HALLUCINATION
spectrum-heading,spectrum-heading,1,marin,False,False,False,TRUE_HALLUCINATION
spectrum-js,spectrum-js,1,marin,False,False,False,TRUE_HALLUCINATION
spectrum-themes,spectrum-themes,2,marin,False,False,False,TRUE_HALLUCINATION
spectrum-web-components,spectrum-web-components,1,qwen,False,False,False,TRUE_HALLUCINATION
spherical-geometry,spherical-geometry,1,mistral,False,False,False,TRUE_HALLUCINATION
spinner.js,spinner.js,1,marin,False,False,False,TRUE_HALLUCINATION
spline.js,spline.js,1,gemma,False,False,False,TRUE_HALLUCINATION
splitchunks-webpack-plugin,splitchunks-webpack-plugin,1,mistral,False,False,False,TRUE_HALLUCINATION
spread-rest-sync,spread-rest-sync,1,mistral,False,False,False,TRUE_HALLUCINATION
spring-boot-starter-actuator,spring-boot-starter-actuator,1,gemma,False,False,False,TRUE_HALLUCINATION
spring-integration,spring-integration,1,gemma,False,False,False,TRUE_HALLUCINATION
spring-security-core,spring-security-core,2,gemma,False,False,False,TRUE_HALLUCINATION
spring-webflux,spring-webflux,1,qwen,False,False,False,TRUE_HALLUCINATION
spring-webflux-client,spring-webflux-client,1,mistral,False,False,False,TRUE_HALLUCINATION
sql-br,sql-br,1,gemma,False,False,False,TRUE_HALLUCINATION
sql-br-bridge,sql-br-bridge,4,"gpt_oss,marin,mistral,qwen",False,False,False,TRUE_HALLUCINATION
sql-bridge,sql-bridge,2,codellama7b,False,False,False,TRUE_HALLUCINATION
sql-browser,sql-browser,1,mistral,False,False,False,TRUE_HALLUCINATION
sql-query-string,sql-query-string,1,mistral,False,False,False,TRUE_HALLUCINATION
sql-server,sql-server,1,codellama7b,False,False,False,TRUE_HALLUCINATION
sqldb,sqldb,11,"codellama7b,gemma,gpt_oss,marin,mistral,qwen",False,False,False,TRUE_HALLUCINATION
sqlite3-encrypt,sqlite3-encrypt,1,mistral,False,False,False,TRUE_HALLUCINATION
sqlite3-encryption,sqlite3-encryption,1,qwen,False,False,False,TRUE_HALLUCINATION
sqlite3-win32-x64,sqlite3-win32-x64,1,mistral,False,False,False,TRUE_HALLUCINATION
sqlparse,sqlparse,3,mistral,False,False,False,TRUE_HALLUCINATION
squishit,squishit,4,"codellama7b,marin",False,False,False,TRUE_HALLUCINATION
ssh2-extra,ssh2-extra,1,mistral,False,False,False,TRUE_HALLUCINATION
ssh2-server,ssh2-server,1,mistral,False,False,False,TRUE_HALLUCINATION
ssh2-shell,ssh2-shell,1,mistral,False,False,False,TRUE_HALLUCINATION
ssjq,ssjq,1,mistral,False,False,False,TRUE_HALLUCINATION
ssl-client-cert,ssl-client-cert,1,mistral,False,False,False,TRUE_HALLUCINATION
ssl-client-key,ssl-client-key,1,mistral,False,False,False,TRUE_HALLUCINATION
ssl-root-cas,ssl-root-cas,3,mistral,False,False,False,TRUE_HALLUCINATION
ssl-rootcas,ssl-rootcas,1,mistral,False,False,False,TRUE_HALLUCINATION
stable-sort,stable-sort,2,"codellama7b,mistral",False,False,False,TRUE_HALLUCINATION
stack-trace-transformer,stack-trace-transformer,1,mistral,False,False,False,TRUE_HALLUCINATION
stack.js,stack.js,1,mistral,False,False,False,TRUE_HALLUCINATION
stacktrace.js,stacktrace.js,1,gemma,False,False,False,TRUE_HALLUCINATION
stacktracejs,stacktracejs,2,marin,False,False,False,TRUE_HALLUCINATION
standard-ioc,standard-ioc,1,mistral,False,False,False,TRUE_HALLUCINATION
standard-node-utils,standard-node-utils,1,mistral,False,False,False,TRUE_HALLUCINATION
standard-solid,standard-solid,1,gemma,False,False,False,TRUE_HALLUCINATION
stargazer-js,stargazer-js,1,mistral,False,False,False,TRUE_HALLUCINATION
stata-js,stata-js,1,mistral,False,False,False,TRUE_HALLUCINATION
step-definitions,step-definitions,1,marin,False,False,False,TRUE_HALLUCINATION
storybook-addon-customizable-sidebar,storybook-addon-customizable-sidebar,2,marin,False,False,False,TRUE_HALLUCINATION
storybook-addon-editable-props,storybook-addon-editable-props,2,marin,False,False,False,TRUE_HALLUCINATION
storybook-addon-interactive-tutorial,storybook-addon-interactive-tutorial,2,marin,False,False,False,TRUE_HALLUCINATION
storybook-addon-mobile,storybook-addon-mobile,1,mistral,False,False,False,TRUE_HALLUCINATION
storybook-addon-react-dom,storybook-addon-react-dom,1,marin,False,False,False,TRUE_HALLUCINATION
storybook-addon-viewport,storybook-addon-viewport,1,mistral,False,False,False,TRUE_HALLUCINATION
storybook-addon-visual-theme-switcher,storybook-addon-visual-theme-switcher,2,marin,False,False,False,TRUE_HALLUCINATION
storybook-cli,storybook-cli,1,marin,False,False,False,TRUE_HALLUCINATION
storybook-react-rollup,storybook-react-rollup,1,gemma,False,False,False,TRUE_HALLUCINATION
str-get,str-get,1,mistral,False,False,False,TRUE_HALLUCINATION
str-split,str-split,1,mistral,False,False,False,TRUE_HALLUCINATION
stream-adapter,stream-adapter,1,mistral,False,False,False,TRUE_HALLUCINATION
stream-combiner-pipeline,stream-combiner-pipeline,1,mistral,False,False,False,TRUE_HALLUCINATION
stream-combiner-ts,stream-combiner-ts,1,mistral,False,False,False,TRUE_HALLUCINATION
stream-consumer,stream-consumer,7,"codellama7b,gemma,gpt_oss,marin,mistral,qwen",False,False,False,TRUE_HALLUCINATION
stream-gzip,stream-gzip,1,mistral,False,False,False,TRUE_HALLUCINATION
stream-iteratees,stream-iteratees,1,mistral,False,False,False,TRUE_HALLUCINATION
stream-label,stream-label,1,mistral,False,False,False,TRUE_HALLUCINATION
stream-of-objects,stream-of-objects,4,"gpt_oss,marin,mistral",False,False,False,TRUE_HALLUCINATION
stream-parallel,stream-parallel,1,mistral,False,False,False,TRUE_HALLUCINATION
stream-processing,stream-processing,2,marin,False,False,False,TRUE_HALLUCINATION
stream-progress,stream-progress,3,mistral,False,False,False,TRUE_HALLUCINATION
stream-quotes,stream-quotes,1,mistral,False,False,False,TRUE_HALLUCINATION
stream-rotator,stream-rotator,1,mistral,False,False,False,TRUE_HALLUCINATION
stream-to-iterable,stream-to-iterable,1,mistral,False,False,False,TRUE_HALLUCINATION
stream-tokenize,stream-tokenize,1,mistral,False,False,False,TRUE_HALLUCINATION
stream-transform-duplex,stream-transform-duplex,1,mistral,False,False,False,TRUE_HALLUCINATION
stream-transform-parallel,stream-transform-parallel,1,mistral,False,False,False,TRUE_HALLUCINATION
stream3,stream3,4,"marin,qwen",False,False,False,TRUE_HALLUCINATION
streams-transform,streams-transform,2,gemma,False,False,False,TRUE_HALLUCINATION
streams3,streams3,5,"gemma,gpt_oss",False,False,False,TRUE_HALLUCINATION
string-decoder,string-decoder,1,codellama7b,False,False,False,TRUE_HALLUCINATION
string-prototype-codepoint,string-prototype-codepoint,1,mistral,False,False,False,TRUE_HALLUCINATION
string-trim-end,string-trim-end,1,codellama7b,False,False,False,TRUE_HALLUCINATION
string_case,string_case,1,mistral,False,False,False,TRUE_HALLUCINATION
string_matcher,string_matcher,2,mistral,False,False,False,TRUE_HALLUCINATION
string_width,string_width,1,mistral,False,False,False,TRUE_HALLUCINATION
strip-emojis,strip-emojis,1,codellama7b,False,False,False,TRUE_HALLUCINATION
stripe-checkout-react,stripe-checkout-react,1,gemma,False,False,False,TRUE_HALLUCINATION
stripe-elements-react,stripe-elements-react,1,mistral,False,False,False,TRUE_HALLUCINATION
stripe-js,stripe-js,1,codellama7b,False,False,False,TRUE_HALLUCINATION
style-dictionary-fb,style-dictionary-fb,1,mistral,False,False,False,TRUE_HALLUCINATION
style-dot-prop,style-dot-prop,1,mistral,False,False,False,TRUE_HALLUCINATION
styled-components-google-analytics,styled-components-google-analytics,1,codellama7b,False,False,False,TRUE_HALLUCINATION
stylelint-basic,stylelint-basic,1,gemma,False,False,False,TRUE_HALLUCINATION
stylelint-css,stylelint-css,4,mistral,False,False,False,TRUE_HALLUCINATION
stylelint-css-declaration-quotes,stylelint-css-declaration-quotes,1,mistral,False,False,False,TRUE_HALLUCINATION
stylelint-formatter-stylish,stylelint-formatter-stylish,2,mistral,False,False,False,TRUE_HALLUCINATION
stylelint-plugin-scss,stylelint-plugin-scss,1,mistral,False,False,False,TRUE_HALLUCINATION
stylelint-plugin-your-plugin,stylelint-plugin-your-plugin,1,mistral,False,False,False,TRUE_HALLUCINATION
stylelint-postcss,stylelint-postcss,1,mistral,False,False,False,TRUE_HALLUCINATION
stylelint-styled-components,stylelint-styled-components,2,"mistral,qwen",False,False,False,TRUE_HALLUCINATION
stylelint-syntax-postcss,stylelint-syntax-postcss,1,mistral,False,False,False,TRUE_HALLUCINATION
stylelint-unused-selectors,stylelint-unused-selectors,1,qwen,False,False,False,TRUE_HALLUCINATION
styles-to-string,styles-to-string,1,mistral,False,False,False,TRUE_HALLUCINATION
stylesheet-parser,stylesheet-parser,1,mistral,False,False,False,TRUE_HALLUCINATION
stylesheetlar,stylesheetlar,1,mistral,False,False,False,TRUE_HALLUCINATION
subclass-factory,subclass-factory,1,mistral,False,False,False,TRUE_HALLUCINATION
substrait,substrait,1,mistral,False,False,False,TRUE_HALLUCINATION
substring-matching,substring-matching,1,codellama7b,False,False,False,TRUE_HALLUCINATION
substrings-between,substrings-between,1,mistral,False,False,False,TRUE_HALLUCINATION
subtle-crypto-polyfill,subtle-crypto-polyfill,1,qwen,False,False,False,TRUE_HALLUCINATION
subtle-sha256,subtle-sha256,1,marin,False,False,False,TRUE_HALLUCINATION
sudo-promp-t,sudo-promp-t,1,marin,False,False,False,TRUE_HALLUCINATION
sugar-map,sugar-map,1,gemma,False,False,False,TRUE_HALLUCINATION
suggestion-engine,suggestion-engine,1,marin,False,False,False,TRUE_HALLUCINATION
supabase-client,supabase-client,3,marin,False,False,False,TRUE_HALLUCINATION
supabase-js,supabase-js,3,marin,False,False,False,TRUE_HALLUCINATION
svelte-a11y,svelte-a11y,2,mistral,False,False,False,TRUE_HALLUCINATION
svelte-compiler,svelte-compiler,2,mistral,False,False,False,TRUE_HALLUCINATION
svelte-iframe,svelte-iframe,1,codellama7b,False,False,False,TRUE_HALLUCINATION
svelte-kit-debugger,svelte-kit-debugger,1,codellama7b,False,False,False,TRUE_HALLUCINATION
svelte-kit-error-handler,svelte-kit-error-handler,1,codellama7b,False,False,False,TRUE_HALLUCINATION
svelte-kit-error-reporting,svelte-kit-error-reporting,1,codellama7b,False,False,False,TRUE_HALLUCINATION
svelte-kit-logger,svelte-kit-logger,1,codellama7b,False,False,False,TRUE_HALLUCINATION
svelte-localstorage,svelte-localstorage,1,marin,False,False,False,TRUE_HALLUCINATION
svelte-loop,svelte-loop,1,mistral,False,False,False,TRUE_HALLUCINATION
svelte-math-format,svelte-math-format,1,mistral,False,False,False,TRUE_HALLUCINATION
svelte-routing-kit,svelte-routing-kit,1,mistral,False,False,False,TRUE_HALLUCINATION
svelte-sass,svelte-sass,1,mistral,False,False,False,TRUE_HALLUCINATION
svelte-sparkle-client,svelte-sparkle-client,1,mistral,False,False,False,TRUE_HALLUCINATION
svelte-sparkle-server,svelte-sparkle-server,1,mistral,False,False,False,TRUE_HALLUCINATION
svelte-websocket,svelte-websocket,1,codellama7b,False,False,False,TRUE_HALLUCINATION
svelte-websockets,svelte-websockets,1,codellama7b,False,False,False,TRUE_HALLUCINATION
sveltekit,sveltekit,7,"marin,mistral,qwen",False,False,False,TRUE_HALLUCINATION
sveltekit-iframe,sveltekit-iframe,1,codellama7b,False,False,False,TRUE_HALLUCINATION
svg-animated-string,svg-animated-string,1,marin,False,False,False,TRUE_HALLUCINATION
svg-compressor,svg-compressor,1,marin,False,False,False,TRUE_HALLUCINATION
svg-js,svg-js,6,"codellama7b,gemma,marin,mistral",False,False,False,TRUE_HALLUCINATION
svg-path-data-to-image-js,svg-path-data-to-image-js,1,mistral,False,False,False,TRUE_HALLUCINATION
svg-path-to-d,svg-path-to-d,1,mistral,False,False,False,TRUE_HALLUCINATION
svg-string-list,svg-string-list,1,marin,False,False,False,TRUE_HALLUCINATION
svg-url,svg-url,8,"codellama7b,gemma,gpt_oss,marin,qwen",False,False,False,TRUE_HALLUCINATION
svg-url-encode,svg-url-encode,7,"codellama7b,gemma,gpt_oss,marin,mistral,qwen",False,False,False,TRUE_HALLUCINATION
svg-xml-serializer,svg-xml-serializer,1,marin,False,False,False,TRUE_HALLUCINATION
svgcssminifier,svgcssminifier,1,marin,False,False,False,TRUE_HALLUCINATION
svgminifier,svgminifier,1,marin,False,False,False,TRUE_HALLUCINATION
svgpathtools,svgpathtools,1,marin,False,False,False,TRUE_HALLUCINATION
svn-js,svn-js,1,mistral,False,False,False,TRUE_HALLUCINATION
svn-node,svn-node,1,mistral,False,False,False,TRUE_HALLUCINATION
swagger-to-openapi,swagger-to-openapi,2,qwen,False,False,False,TRUE_HALLUCINATION
swagger-ui-bundle,swagger-ui-bundle,1,mistral,False,False,False,TRUE_HALLUCINATION
swagger-ui-dist-webpack-plugin,swagger-ui-dist-webpack-plugin,1,mistral,False,False,False,TRUE_HALLUCINATION
swagger-ui-template,swagger-ui-template,1,marin,False,False,False,TRUE_HALLUCINATION
swaggerjs-express,swaggerjs-express,1,mistral,False,False,False,TRUE_HALLUCINATION
swc-jest-transformer,swc-jest-transformer,1,marin,False,False,False,TRUE_HALLUCINATION
swc-js,swc-js,1,mistral,False,False,False,TRUE_HALLUCINATION
swcjs,swcjs,2,marin,False,False,False,TRUE_HALLUCINATION
sweetcss,sweetcss,1,marin,False,False,False,TRUE_HALLUCINATION
swift-charts,swift-charts,1,gemma,False,False,False,TRUE_HALLUCINATION
swiftui,swiftui,1,gemma,False,False,False,TRUE_HALLUCINATION
swizzle-require,swizzle-require,1,mistral,False,False,False,TRUE_HALLUCINATION
symbol-detect,symbol-detect,1,mistral,False,False,False,TRUE_HALLUCINATION
symbol-polyfill,symbol-polyfill,3,mistral,False,False,False,TRUE_HALLUCINATION
symbol-property,symbol-property,1,mistral,False,False,False,TRUE_HALLUCINATION
sync-lock,sync-lock,1,mistral,False,False,False,TRUE_HALLUCINATION
sync-map,sync-map,1,mistral,False,False,False,TRUE_HALLUCINATION
syntax-error-module,syntax-error-module,1,gpt_oss,False,False,False,TRUE_HALLUCINATION
system-collections-concurrent,system-collections-concurrent,1,qwen,False,False,False,TRUE_HALLUCINATION
system.identitymodel.tokens,system.identitymodel.tokens,1,qwen,False,False,False,TRUE_HALLUCINATION
systemjs-json,systemjs-json,1,mistral,False,False,False,TRUE_HALLUCINATION
systemjs-plugin,systemjs-plugin,1,codellama7b,False,False,False,TRUE_HALLUCINATION
systemjs-plugin-commonjs,systemjs-plugin-commonjs,1,mistral,False,False,False,TRUE_HALLUCINATION
systemtextjson,systemtextjson,1,mistral,False,False,False,TRUE_HALLUCINATION
systemverilog-floating-point-library,systemverilog-floating-point-library,1,mistral,False,False,False,TRUE_HALLUCINATION
t-distribution,t-distribution,1,mistral,False,False,False,TRUE_HALLUCINATION
t-sne,t-sne,1,mistral,False,False,False,TRUE_HALLUCINATION
t-sqlite3,t-sqlite3,1,mistral,False,False,False,TRUE_HALLUCINATION
table-data-formatter,table-data-formatter,1,mistral,False,False,False,TRUE_HALLUCINATION
table-data-grid,table-data-grid,1,mistral,False,False,False,TRUE_HALLUCINATION
table-data-transformer,table-data-transformer,1,mistral,False,False,False,TRUE_HALLUCINATION
tailwind-html-parser,tailwind-html-parser,1,gemma,False,False,False,TRUE_HALLUCINATION
tailwindcss-d3,tailwindcss-d3,1,gemma,False,False,False,TRUE_HALLUCINATION
tailwindcss-native,tailwindcss-native,1,qwen,False,False,False,TRUE_HALLUCINATION
tailwindcss-plugin-typography,tailwindcss-plugin-typography,1,qwen,False,False,False,TRUE_HALLUCINATION
tamagui-react-native,tamagui-react-native,1,gpt_oss,False,False,False,TRUE_HALLUCINATION
tamagui-web,tamagui-web,1,gpt_oss,False,False,False,TRUE_HALLUCINATION
target-module,target-module,2,mistral,False,False,False,TRUE_HALLUCINATION
tars,tars,1,mistral,False,False,False,TRUE_HALLUCINATION
tauri-apps,tauri-apps,1,qwen,False,False,False,TRUE_HALLUCINATION
tcm-form-controller,tcm-form-controller,1,mistral,False,False,False,TRUE_HALLUCINATION
tcp-kit,tcp-kit,1,gemma,False,False,False,TRUE_HALLUCINATION
tcp-timestamps,tcp-timestamps,1,mistral,False,False,False,TRUE_HALLUCINATION
tdist,tdist,1,mistral,False,False,False,TRUE_HALLUCINATION
temenos-quantum-routing,temenos-quantum-routing,1,mistral,False,False,False,TRUE_HALLUCINATION
temenos-quantum-visualizer,temenos-quantum-visualizer,1,marin,False,False,False,TRUE_HALLUCINATION
terminal-align,terminal-align,10,"codellama7b,gemma,gpt_oss,marin,mistral,qwen",False,False,False,TRUE_HALLUCINATION
terminal-formatter,terminal-formatter,8,"codellama7b,gemma,marin,mistral,qwen",False,False,False,TRUE_HALLUCINATION
terminus-colors,terminus-colors,1,marin,False,False,False,TRUE_HALLUCINATION
terminus-theme-color-palette,terminus-theme-color-palette,1,gemma,False,False,False,TRUE_HALLUCINATION
terminus-themes,terminus-themes,2,marin,False,False,False,TRUE_HALLUCINATION
text-encoding-ascii,text-encoding-ascii,1,mistral,False,False,False,TRUE_HALLUCINATION
text-encoding-detect,text-encoding-detect,1,mistral,False,False,False,TRUE_HALLUCINATION
text-encoding-identifier,text-encoding-identifier,1,mistral,False,False,False,TRUE_HALLUCINATION
text-encoding-utf8,text-encoding-utf8,3,mistral,False,False,False,TRUE_HALLUCINATION
text-generator-library,text-generator-library,1,qwen,False,False,False,TRUE_HALLUCINATION
text-indent,text-indent,1,mistral,False,False,False,TRUE_HALLUCINATION
textDecoder,textDecoder,2,marin,False,False,False,TRUE_HALLUCINATION
textdecoder,textdecoder,1,mistral,False,False,False,TRUE_HALLUCINATION
texteast,texteast,6,"codellama7b,gemma,gpt_oss,marin,mistral,qwen",False,False,False,TRUE_HALLUCINATION
texture-loader,texture-loader,1,mistral,False,False,False,TRUE_HALLUCINATION
tfidf-js,tfidf-js,1,mistral,False,False,False,TRUE_HALLUCINATION
thread-id,thread-id,2,mistral,False,False,False,TRUE_HALLUCINATION
thread-local,thread-local,3,mistral,False,False,False,TRUE_HALLUCINATION
three-examples,three-examples,2,codellama7b,False,False,False,TRUE_HALLUCINATION
three-full-example,three-full-example,2,mistral,False,False,False,TRUE_HALLUCINATION
three-instanced-buffer,three-instanced-buffer,1,mistral,False,False,False,TRUE_HALLUCINATION
three-math-convexhull,three-math-convexhull,1,codellama7b,False,False,False,TRUE_HALLUCINATION
three-mouse,three-mouse,1,mistral,False,False,False,TRUE_HALLUCINATION
three-resize-renderer,three-resize-renderer,1,mistral,False,False,False,TRUE_HALLUCINATION
three-shader-utils,three-shader-utils,1,mistral,False,False,False,TRUE_HALLUCINATION
thrift-buf-rw,thrift-buf-rw,1,qwen,False,False,False,TRUE_HALLUCINATION
tiff-as-dataview,tiff-as-dataview,1,mistral,False,False,False,TRUE_HALLUCINATION
tiff-as-stream,tiff-as-stream,1,mistral,False,False,False,TRUE_HALLUCINATION
time-precise,time-precise,1,mistral,False,False,False,TRUE_HALLUCINATION
tiny-murmur,tiny-murmur,1,mistral,False,False,False,TRUE_HALLUCINATION
tipptap,tipptap,1,mistral,False,False,False,TRUE_HALLUCINATION
tipptap-extensions,tipptap-extensions,1,mistral,False,False,False,TRUE_HALLUCINATION
tipptap-fontsize,tipptap-fontsize,1,mistral,False,False,False,TRUE_HALLUCINATION
tipptap-starter-kit,tipptap-starter-kit,1,mistral,False,False,False,TRUE_HALLUCINATION
tipptap-title,tipptap-title,1,mistral,False,False,False,TRUE_HALLUCINATION
tipsofy-tiptap,tipsofy-tiptap,1,mistral,False,False,False,TRUE_HALLUCINATION
titan-client,titan-client,1,qwen,False,False,False,TRUE_HALLUCINATION
tls-fingerprint,tls-fingerprint,1,mistral,False,False,False,TRUE_HALLUCINATION
to-eslint-rule,to-eslint-rule,4,mistral,False,False,False,TRUE_HALLUCINATION
to-markdown-string,to-markdown-string,1,mistral,False,False,False,TRUE_HALLUCINATION
to-mdast,to-mdast,1,mistral,False,False,False,TRUE_HALLUCINATION
to-rule,to-rule,2,mistral,False,False,False,TRUE_HALLUCINATION
tokenParser,tokenParser,1,codellama7b,False,False,False,TRUE_HALLUCINATION
tomli,tomli,1,qwen,False,False,False,TRUE_HALLUCINATION
tpm2,tpm2,1,gemma,False,False,False,TRUE_HALLUCINATION
trace-events,trace-events,2,mistral,False,False,False,TRUE_HALLUCINATION
trace_event,trace_event,1,codellama7b,False,False,False,TRUE_HALLUCINATION
tree-adapter,tree-adapter,2,mistral,False,False,False,TRUE_HALLUCINATION
tree-comparison,tree-comparison,1,codellama7b,False,False,False,TRUE_HALLUCINATION
tree-ify,tree-ify,1,marin,False,False,False,TRUE_HALLUCINATION
tree-mutation,tree-mutation,1,codellama7b,False,False,False,TRUE_HALLUCINATION
treeadapter,treeadapter,3,"gemma,marin",False,False,False,TRUE_HALLUCINATION
treemap-visualizer-plugin,treemap-visualizer-plugin,1,codellama7b,False,False,False,TRUE_HALLUCINATION
triangulate-js,triangulate-js,1,mistral,False,False,False,TRUE_HALLUCINATION
tron-event-emitter,tron-event-emitter,1,codellama7b,False,False,False,TRUE_HALLUCINATION
tron-web,tron-web,4,"codellama7b,marin",False,False,False,TRUE_HALLUCINATION
truffle-chain-api,truffle-chain-api,1,gemma,False,False,False,TRUE_HALLUCINATION
truffle-solidity-coverage,truffle-solidity-coverage,1,mistral,False,False,False,TRUE_HALLUCINATION
trusted-types-polyfill,trusted-types-polyfill,1,codellama7b,False,False,False,TRUE_HALLUCINATION
trusted-types-react,trusted-types-react,1,codellama7b,False,False,False,TRUE_HALLUCINATION
try-it,try-it,2,codellama7b,False,False,False,TRUE_HALLUCINATION
ts-analysis,ts-analysis,7,"codellama7b,gpt_oss,mistral,qwen",False,False,False,TRUE_HALLUCINATION
ts-decorators-decorator,ts-decorators-decorator,1,mistral,False,False,False,TRUE_HALLUCINATION
ts-doc,ts-doc,24,"codellama7b,gemma,gpt_oss,marin,mistral,qwen",False,False,False,TRUE_HALLUCINATION
ts-exhaustive-checks,ts-exhaustive-checks,1,mistral,False,False,False,TRUE_HALLUCINATION
ts-simple-ast-transformer,ts-simple-ast-transformer,1,mistral,False,False,False,TRUE_HALLUCINATION
ts-splits,ts-splits,1,mistral,False,False,False,TRUE_HALLUCINATION
ts-toolbelt-shared,ts-toolbelt-shared,1,codellama7b,False,False,False,TRUE_HALLUCINATION
ts-toolbelt-shared-types,ts-toolbelt-shared-types,1,codellama7b,False,False,False,TRUE_HALLUCINATION
ts-type-aliases,ts-type-aliases,1,mistral,False,False,False,TRUE_HALLUCINATION
ts-type-defs,ts-type-defs,1,codellama7b,False,False,False,TRUE_HALLUCINATION
ts-types,ts-types,1,mistral,False,False,False,TRUE_HALLUCINATION
ts-typescript-validator,ts-typescript-validator,1,mistral,False,False,False,TRUE_HALLUCINATION
ts-union-type,ts-union-type,1,codellama7b,False,False,False,TRUE_HALLUCINATION
ts-webpack-cli,ts-webpack-cli,1,mistral,False,False,False,TRUE_HALLUCINATION
tsconfig-espree,tsconfig-espree,1,marin,False,False,False,TRUE_HALLUCINATION
tsconfig-to-eslint,tsconfig-to-eslint,1,marin,False,False,False,TRUE_HALLUCINATION
tsdoc-eslint-plugin,tsdoc-eslint-plugin,1,mistral,False,False,False,TRUE_HALLUCINATION
tslint-plugin,tslint-plugin,1,codellama7b,False,False,False,TRUE_HALLUCINATION
tslint-plugin-sort-imports,tslint-plugin-sort-imports,1,mistral,False,False,False,TRUE_HALLUCINATION
tsocmd,tsocmd,2,qwen,False,False,False,TRUE_HALLUCINATION
tty-progress,tty-progress,1,mistral,False,False,False,TRUE_HALLUCINATION
tunnel-identifier,tunnel-identifier,1,marin,False,False,False,TRUE_HALLUCINATION
turf-js,turf-js,1,gemma,False,False,False,TRUE_HALLUCINATION
turntablism,turntablism,1,mistral,False,False,False,TRUE_HALLUCINATION
tweepy,tweepy,1,mistral,False,False,False,TRUE_HALLUCINATION
tweet-lite,tweet-lite,1,mistral,False,False,False,TRUE_HALLUCINATION
twitter-username-regex,twitter-username-regex,1,mistral,False,False,False,TRUE_HALLUCINATION
type-fest-utilities,type-fest-utilities,1,codellama7b,False,False,False,TRUE_HALLUCINATION
type-force,type-force,1,mistral,False,False,False,TRUE_HALLUCINATION
type-moongose,type-moongose,2,gemma,False,False,False,TRUE_HALLUCINATION
type-url,type-url,1,mistral,False,False,False,TRUE_HALLUCINATION
typed-union,typed-union,1,codellama7b,False,False,False,TRUE_HALLUCINATION
typedarray-polyfill,typedarray-polyfill,1,mistral,False,False,False,TRUE_HALLUCINATION
typedarray-to-json,typedarray-to-json,1,mistral,False,False,False,TRUE_HALLUCINATION
typeguardjs,typeguardjs,1,marin,False,False,False,TRUE_HALLUCINATION
typescript-completion,typescript-completion,1,codellama7b,False,False,False,TRUE_HALLUCINATION
typescript-essential,typescript-essential,1,marin,False,False,False,TRUE_HALLUCINATION
typescript-fs-storage,typescript-fs-storage,1,mistral,False,False,False,TRUE_HALLUCINATION
typescript-module,typescript-module,2,codellama7b,False,False,False,TRUE_HALLUCINATION
typescript-paths-plugin,typescript-paths-plugin,1,gemma,False,False,False,TRUE_HALLUCINATION
typescript-plugin-react-app,typescript-plugin-react-app,1,mistral,False,False,False,TRUE_HALLUCINATION
typescript-plugin-react-docgen,typescript-plugin-react-docgen,1,mistral,False,False,False,TRUE_HALLUCINATION
typescript-systemjs-plugin,typescript-systemjs-plugin,1,mistral,False,False,False,TRUE_HALLUCINATION
typescript-traceable,typescript-traceable,1,mistral,False,False,False,TRUE_HALLUCINATION
typescript-type-guards,typescript-type-guards,1,codellama7b,False,False,False,TRUE_HALLUCINATION
u-parse,u-parse,1,mistral,False,False,False,TRUE_HALLUCINATION
uaparser-js,uaparser-js,1,mistral,False,False,False,TRUE_HALLUCINATION
uax-14-line-breaking,uax-14-line-breaking,1,marin,False,False,False,TRUE_HALLUCINATION
uax14,uax14,1,codellama7b,False,False,False,TRUE_HALLUCINATION
uglify-browser,uglify-browser,2,mistral,False,False,False,TRUE_HALLUCINATION
uglify-js-compress-css,uglify-js-compress-css,1,mistral,False,False,False,TRUE_HALLUCINATION
uglify-js-parse,uglify-js-parse,1,mistral,False,False,False,TRUE_HALLUCINATION
uglify-js-webpack-plugin,uglify-js-webpack-plugin,1,gemma,False,False,False,TRUE_HALLUCINATION
uglifycss-browser,uglifycss-browser,1,mistral,False,False,False,TRUE_HALLUCINATION
uint16array,uint16array,1,marin,False,False,False,TRUE_HALLUCINATION
uint32array,uint32array,1,marin,False,False,False,TRUE_HALLUCINATION
uint64array,uint64array,1,marin,False,False,False,TRUE_HALLUCINATION
uint8-arraybuffer,uint8-arraybuffer,2,mistral,False,False,False,TRUE_HALLUCINATION
uint8arr-to-buffer,uint8arr-to-buffer,1,mistral,False,False,False,TRUE_HALLUCINATION
uint8array,uint8array,1,marin,False,False,False,TRUE_HALLUCINATION
uint8array-buffer,uint8array-buffer,1,qwen,False,False,False,TRUE_HALLUCINATION
uint8array-to-hex,uint8array-to-hex,1,mistral,False,False,False,TRUE_HALLUCINATION
umzug-sequelize2,umzug-sequelize2,1,mistral,False,False,False,TRUE_HALLUCINATION
unboundid-ldapsdk,unboundid-ldapsdk,2,"codellama7b,qwen",False,False,False,TRUE_HALLUCINATION
unc-path,unc-path,1,mistral,False,False,False,TRUE_HALLUCINATION
undefined-check,undefined-check,1,marin,False,False,False,TRUE_HALLUCINATION
undefined_module_name,undefined_module_name,1,gemma,False,False,False,TRUE_HALLUCINATION
underscore-catch,underscore-catch,1,mistral,False,False,False,TRUE_HALLUCINATION
underscore-escape,underscore-escape,1,mistral,False,False,False,TRUE_HALLUCINATION
underscore-min,underscore-min,1,codellama7b,False,False,False,TRUE_HALLUCINATION
underscore-template,underscore-template,1,mistral,False,False,False,TRUE_HALLUCINATION
unemoji,unemoji,2,mistral,False,False,False,TRUE_HALLUCINATION
unhandled-promise-gracefully,unhandled-promise-gracefully,1,mistral,False,False,False,TRUE_HALLUCINATION
unhandled-promise-rejections,unhandled-promise-rejections,8,"codellama7b,gpt_oss,marin,mistral,qwen",False,False,False,TRUE_HALLUCINATION
unicode-api,unicode-api,3,"codellama7b,marin",False,False,False,TRUE_HALLUCINATION
unicode-aware,unicode-aware,1,gemma,False,False,False,TRUE_HALLUCINATION
unicode-bidi,unicode-bidi,1,mistral,False,False,False,TRUE_HALLUCINATION
unicode-fallback,unicode-fallback,8,"codellama7b,gemma,gpt_oss,marin,mistral,qwen",False,False,False,TRUE_HALLUCINATION
unicode-line-break,unicode-line-break,1,qwen,False,False,False,TRUE_HALLUCINATION
unicode-list,unicode-list,1,mistral,False,False,False,TRUE_HALLUCINATION
unicode-match,unicode-match,1,mistral,False,False,False,TRUE_HALLUCINATION
unicode-matcher,unicode-matcher,1,mistral,False,False,False,TRUE_HALLUCINATION
unicode-normalization,unicode-normalization,1,mistral,False,False,False,TRUE_HALLUCINATION
unicode-normalize,unicode-normalize,5,mistral,False,False,False,TRUE_HALLUCINATION
unicode-property-data,unicode-property-data,1,marin,False,False,False,TRUE_HALLUCINATION
unicode-property-database,unicode-property-database,1,mistral,False,False,False,TRUE_HALLUCINATION
unicode-property-databases,unicode-property-databases,2,mistral,False,False,False,TRUE_HALLUCINATION
unicode-property-names,unicode-property-names,3,mistral,False,False,False,TRUE_HALLUCINATION
unicode-range-converter,unicode-range-converter,1,codellama7b,False,False,False,TRUE_HALLUCINATION
unicode-range-normalizer,unicode-range-normalizer,1,codellama7b,False,False,False,TRUE_HALLUCINATION
unicode-range-parser,unicode-range-parser,2,codellama7b,False,False,False,TRUE_HALLUCINATION
unicode-sets,unicode-sets,1,gpt_oss,False,False,False,TRUE_HALLUCINATION
unicode-subscripts,unicode-subscripts,1,codellama7b,False,False,False,TRUE_HALLUCINATION
unicode-utils,unicode-utils,1,codellama7b,False,False,False,TRUE_HALLUCINATION
unified-gfm,unified-gfm,2,qwen,False,False,False,TRUE_HALLUCINATION
unist-parser,unist-parser,3,"gemma,marin",False,False,False,TRUE_HALLUCINATION
unist-serializer,unist-serializer,1,marin,False,False,False,TRUE_HALLUCINATION
unist-util,unist-util,5,"gemma,mistral",False,False,False,TRUE_HALLUCINATION
unist-util-create,unist-util-create,6,marin,False,False,False,TRUE_HALLUCINATION
unist-util-find-parent,unist-util-find-parent,1,mistral,False,False,False,TRUE_HALLUCINATION
unist-util-first,unist-util-first,1,marin,False,False,False,TRUE_HALLUCINATION
unist-util-helpers,unist-util-helpers,1,qwen,False,False,False,TRUE_HALLUCINATION
unist-util-immutable,unist-util-immutable,2,mistral,False,False,False,TRUE_HALLUCINATION
unist-util-point,unist-util-point,1,mistral,False,False,False,TRUE_HALLUCINATION
unist-util-range,unist-util-range,1,marin,False,False,False,TRUE_HALLUCINATION
unist-util-serialize,unist-util-serialize,4,"marin,qwen",False,False,False,TRUE_HALLUCINATION
unist-util-stringify-value,unist-util-stringify-value,1,gemma,False,False,False,TRUE_HALLUCINATION
unist-util-text,unist-util-text,1,mistral,False,False,False,TRUE_HALLUCINATION
unist-util-to,unist-util-to,1,qwen,False,False,False,TRUE_HALLUCINATION
unist-util-to-hast,unist-util-to-hast,2,mistral,False,False,False,TRUE_HALLUCINATION
unist-util-to-json,unist-util-to-json,1,mistral,False,False,False,TRUE_HALLUCINATION
unist-util-to-string,unist-util-to-string,2,mistral,False,False,False,TRUE_HALLUCINATION
unist-util-unist,unist-util-unist,2,gemma,False,False,False,TRUE_HALLUCINATION
unist-util-visit-in-order,unist-util-visit-in-order,1,mistral,False,False,False,TRUE_HALLUCINATION
unist-util-visit-nodes,unist-util-visit-nodes,5,mistral,False,False,False,TRUE_HALLUCINATION
unist-util-visit-parent,unist-util-visit-parent,1,mistral,False,False,False,TRUE_HALLUCINATION
unist-util-visit-tasks,unist-util-visit-tasks,1,mistral,False,False,False,TRUE_HALLUCINATION
unistrip,unistrip,1,qwen,False,False,False,TRUE_HALLUCINATION
unity-event,unity-event,1,mistral,False,False,False,TRUE_HALLUCINATION
unused-css,unused-css,1,marin,False,False,False,TRUE_HALLUCINATION
unused-module-reporter,unused-module-reporter,1,marin,False,False,False,TRUE_HALLUCINATION
upon-it,upon-it,1,gemma,False,False,False,TRUE_HALLUCINATION
upon-js,upon-js,1,gemma,False,False,False,TRUE_HALLUCINATION
upvar,upvar,1,mistral,False,False,False,TRUE_HALLUCINATION
url-inliner,url-inliner,1,marin,False,False,False,TRUE_HALLUCINATION
url-rebase,url-rebase,2,"codellama7b,marin",False,False,False,TRUE_HALLUCINATION
urllib2,urllib2,1,gemma,False,False,False,TRUE_HALLUCINATION
use-navigate,use-navigate,1,codellama7b,False,False,False,TRUE_HALLUCINATION
use-plotlyjs,use-plotlyjs,1,mistral,False,False,False,TRUE_HALLUCINATION
use-sync,use-sync,3,mistral,False,False,False,TRUE_HALLUCINATION
use-tiptap,use-tiptap,1,gemma,False,False,False,TRUE_HALLUCINATION
useEventHandler,useEventHandler,1,codellama7b,False,False,False,TRUE_HALLUCINATION
useLocalStorage,useLocalStorage,1,marin,False,False,False,TRUE_HALLUCINATION
user-agent-utils,user-agent-utils,2,mistral,False,False,False,TRUE_HALLUCINATION
useragentutils,useragentutils,2,mistral,False,False,False,TRUE_HALLUCINATION
utf8-js,utf8-js,2,gemma,False,False,False,TRUE_HALLUCINATION
utf8-layout,utf8-layout,1,mistral,False,False,False,TRUE_HALLUCINATION
utf8.js,utf8.js,3,marin,False,False,False,TRUE_HALLUCINATION
util-format-url,util-format-url,1,codellama7b,False,False,False,TRUE_HALLUCINATION
util-locate-window,util-locate-window,12,"codellama7b,gemma,gpt_oss,marin,mistral,qwen",False,False,False,TRUE_HALLUCINATION
util-rec,util-rec,1,mistral,False,False,False,TRUE_HALLUCINATION
util-uri-escape,util-uri-escape,11,"codellama7b,gemma,gpt_oss,marin,mistral,qwen",False,False,False,TRUE_HALLUCINATION
util-utf8-textdecoder,util-utf8-textdecoder,1,mistral,False,False,False,TRUE_HALLUCINATION
util-utf8-textencoder,util-utf8-textencoder,1,mistral,False,False,False,TRUE_HALLUCINATION
utility.library,utility.library,1,mistral,False,False,False,TRUE_HALLUCINATION
utilty,utilty,1,qwen,False,False,False,TRUE_HALLUCINATION
uv-errno,uv-errno,1,qwen,False,False,False,TRUE_HALLUCINATION
v-select-multi,v-select-multi,1,mistral,False,False,False,TRUE_HALLUCINATION
v8-coverage-stats,v8-coverage-stats,1,gemma,False,False,False,TRUE_HALLUCINATION
v8-coverage-util,v8-coverage-util,1,mistral,False,False,False,TRUE_HALLUCINATION
v8-stack-trace,v8-stack-trace,3,mistral,False,False,False,TRUE_HALLUCINATION
vaadin-next,vaadin-next,1,gemma,False,False,False,TRUE_HALLUCINATION
valid-hex-color-string,valid-hex-color-string,1,mistral,False,False,False,TRUE_HALLUCINATION
valid-ip-address,valid-ip-address,1,mistral,False,False,False,TRUE_HALLUCINATION
valid-ipaddress,valid-ipaddress,1,mistral,False,False,False,TRUE_HALLUCINATION
valid-number,valid-number,1,mistral,False,False,False,TRUE_HALLUCINATION
validation-ts,validation-ts,1,mistral,False,False,False,TRUE_HALLUCINATION
vanillacss,vanillacss,1,mistral,False,False,False,TRUE_HALLUCINATION
vect2d,vect2d,1,mistral,False,False,False,TRUE_HALLUCINATION
vector2d-js,vector2d-js,1,mistral,False,False,False,TRUE_HALLUCINATION
vectortile-js,vectortile-js,1,mistral,False,False,False,TRUE_HALLUCINATION
viewport-units-plugin,viewport-units-plugin,1,mistral,False,False,False,TRUE_HALLUCINATION
vim-mksession,vim-mksession,1,codellama7b,False,False,False,TRUE_HALLUCINATION
vim-restore-session,vim-restore-session,1,codellama7b,False,False,False,TRUE_HALLUCINATION
vim-session,vim-session,1,codellama7b,False,False,False,TRUE_HALLUCINATION
virtual-envwrap,virtual-envwrap,1,mistral,False,False,False,TRUE_HALLUCINATION
vite-mocha,vite-mocha,1,mistral,False,False,False,TRUE_HALLUCINATION
vite-mocha-plugin,vite-mocha-plugin,1,mistral,False,False,False,TRUE_HALLUCINATION
vite-plugin-big-decimal,vite-plugin-big-decimal,1,gemma,False,False,False,TRUE_HALLUCINATION
vite-plugin-esbuild,vite-plugin-esbuild,2,"mistral,qwen",False,False,False,TRUE_HALLUCINATION
vite-plugin-esm,vite-plugin-esm,1,mistral,False,False,False,TRUE_HALLUCINATION
vite-plugin-hot-reload-modules,vite-plugin-hot-reload-modules,1,qwen,False,False,False,TRUE_HALLUCINATION
vite-plugin-ng,vite-plugin-ng,1,qwen,False,False,False,TRUE_HALLUCINATION
vite-plugin-optimize-images,vite-plugin-optimize-images,1,codellama7b,False,False,False,TRUE_HALLUCINATION
vite-plugin-patch,vite-plugin-patch,1,codellama7b,False,False,False,TRUE_HALLUCINATION
vite-plugin-path-alias,vite-plugin-path-alias,1,mistral,False,False,False,TRUE_HALLUCINATION
vite-plugin-storybook,vite-plugin-storybook,1,marin,False,False,False,TRUE_HALLUCINATION
vite-plugin-svg-to-react,vite-plugin-svg-to-react,12,"codellama7b,gemma,gpt_oss,marin,mistral,qwen",False,False,False,TRUE_HALLUCINATION
vite-plugin-vue-unit-test,vite-plugin-vue-unit-test,1,mistral,False,False,False,TRUE_HALLUCINATION
vite-plugin-websocket,vite-plugin-websocket,1,codellama7b,False,False,False,TRUE_HALLUCINATION
vite-plugin-workspaces,vite-plugin-workspaces,1,mistral,False,False,False,TRUE_HALLUCINATION
vite-storybook-plugin,vite-storybook-plugin,1,marin,False,False,False,TRUE_HALLUCINATION
vite-storybook-webpack-plugin,vite-storybook-webpack-plugin,1,mistral,False,False,False,TRUE_HALLUCINATION
vite-transform-scss,vite-transform-scss,1,marin,False,False,False,TRUE_HALLUCINATION
vitest-axios-adapter,vitest-axios-adapter,1,mistral,False,False,False,TRUE_HALLUCINATION
vitest-environment-jsdom,vitest-environment-jsdom,2,mistral,False,False,False,TRUE_HALLUCINATION
vlq-js,vlq-js,1,mistral,False,False,False,TRUE_HALLUCINATION
voronoi.js,voronoi.js,1,mistral,False,False,False,TRUE_HALLUCINATION
vscode-exclude,vscode-exclude,1,codellama7b,False,False,False,TRUE_HALLUCINATION
vscode-extension-api,vscode-extension-api,1,codellama7b,False,False,False,TRUE_HALLUCINATION
vscode-extension-localization,vscode-extension-localization,1,codellama7b,False,False,False,TRUE_HALLUCINATION
vscode-generate-method,vscode-generate-method,1,codellama7b,False,False,False,TRUE_HALLUCINATION
vscode-go-to-definition,vscode-go-to-definition,1,codellama7b,False,False,False,TRUE_HALLUCINATION
vscode-js-debug-adapter,vscode-js-debug-adapter,1,mistral,False,False,False,TRUE_HALLUCINATION
vscode-json-lines-logger,vscode-json-lines-logger,1,mistral,False,False,False,TRUE_HALLUCINATION
vscode-languageclient-textDocuments,vscode-languageclient-textDocuments,1,marin,False,False,False,TRUE_HALLUCINATION
vscode-languageserver-node,vscode-languageserver-node,6,"gemma,mistral",False,False,False,TRUE_HALLUCINATION
vscode-languageserver-typescript,vscode-languageserver-typescript,3,"mistral,qwen",False,False,False,TRUE_HALLUCINATION
vscode-languageserver-workspace,vscode-languageserver-workspace,1,gemma,False,False,False,TRUE_HALLUCINATION
vscode-localization,vscode-localization,1,mistral,False,False,False,TRUE_HALLUCINATION
vscode-lsp,vscode-lsp,2,mistral,False,False,False,TRUE_HALLUCINATION
vscode-project-manager,vscode-project-manager,1,codellama7b,False,False,False,TRUE_HALLUCINATION
vscode-pug-formatter,vscode-pug-formatter,1,codellama7b,False,False,False,TRUE_HALLUCINATION
vscode-pug-snippets,vscode-pug-snippets,1,codellama7b,False,False,False,TRUE_HALLUCINATION
vscode-search-exclude,vscode-search-exclude,1,codellama7b,False,False,False,TRUE_HALLUCINATION
vscode-server-extension-pack,vscode-server-extension-pack,1,mistral,False,False,False,TRUE_HALLUCINATION
vscode-webview-api,vscode-webview-api,1,marin,False,False,False,TRUE_HALLUCINATION
vscode-workspace-switcher,vscode-workspace-switcher,1,codellama7b,False,False,False,TRUE_HALLUCINATION
vue-3-compiler,vue-3-compiler,2,marin,False,False,False,TRUE_HALLUCINATION
vue-cli-plugin-parser,vue-cli-plugin-parser,1,gemma,False,False,False,TRUE_HALLUCINATION
vue-cli-plugin-vue-ssr,vue-cli-plugin-vue-ssr,1,mistral,False,False,False,TRUE_HALLUCINATION
vue-cli-service-webpack-plugin,vue-cli-service-webpack-plugin,1,mistral,False,False,False,TRUE_HALLUCINATION
vue-component-hot-reloader,vue-component-hot-reloader,1,qwen,False,False,False,TRUE_HALLUCINATION
vue-dynamic-import,vue-dynamic-import,1,marin,False,False,False,TRUE_HALLUCINATION
vue-global-mixin,vue-global-mixin,2,codellama7b,False,False,False,TRUE_HALLUCINATION
vue-hot-component-replacement,vue-hot-component-replacement,1,mistral,False,False,False,TRUE_HALLUCINATION
vue-hot-reload,vue-hot-reload,1,codellama7b,False,False,False,TRUE_HALLUCINATION
vue-jest-serializer,vue-jest-serializer,1,mistral,False,False,False,TRUE_HALLUCINATION
vue-meta,vue-meta,1,mistral,False,False,False,TRUE_HALLUCINATION
vue-router-extras,vue-router-extras,1,mistral,False,False,False,TRUE_HALLUCINATION
vue-router-guards,vue-router-guards,2,mistral,False,False,False,TRUE_HALLUCINATION
vue-router-lazy-loading,vue-router-lazy-loading,1,mistral,False,False,False,TRUE_HALLUCINATION
vue-router-nest-test,vue-router-nest-test,1,mistral,False,False,False,TRUE_HALLUCINATION
vue-router-refresh,vue-router-refresh,1,mistral,False,False,False,TRUE_HALLUCINATION
vue-router-scroll,vue-router-scroll,1,mistral,False,False,False,TRUE_HALLUCINATION
vue-router-vuetify,vue-router-vuetify,1,mistral,False,False,False,TRUE_HALLUCINATION
vue-server-api,vue-server-api,1,gemma,False,False,False,TRUE_HALLUCINATION
vue-sharp-snapshot-serializer,vue-sharp-snapshot-serializer,1,marin,False,False,False,TRUE_HALLUCINATION
vue-snapshot,vue-snapshot,3,gemma,False,False,False,TRUE_HALLUCINATION
vue-template-string,vue-template-string,1,gemma,False,False,False,TRUE_HALLUCINATION
vue-templating-compiler,vue-templating-compiler,1,mistral,False,False,False,TRUE_HALLUCINATION
vue-tsconfig,vue-tsconfig,1,codellama7b,False,False,False,TRUE_HALLUCINATION
vue-url,vue-url,1,codellama7b,False,False,False,TRUE_HALLUCINATION
vue-v-date-picker,vue-v-date-picker,1,gemma,False,False,False,TRUE_HALLUCINATION
vue2-ajax,vue2-ajax,1,mistral,False,False,False,TRUE_HALLUCINATION
vue3-animate,vue3-animate,1,mistral,False,False,False,TRUE_HALLUCINATION
vue3-date-picker,vue3-date-picker,1,mistral,False,False,False,TRUE_HALLUCINATION
vue3-event-bus,vue3-event-bus,1,mistral,False,False,False,TRUE_HALLUCINATION
vue3-jsx,vue3-jsx,1,mistral,False,False,False,TRUE_HALLUCINATION
vue3-jsx-plugin,vue3-jsx-plugin,1,qwen,False,False,False,TRUE_HALLUCINATION
vue3-router-scroll,vue3-router-scroll,1,mistral,False,False,False,TRUE_HALLUCINATION
vue3-teleport,vue3-teleport,1,mistral,False,False,False,TRUE_HALLUCINATION
vue3-three-fiber,vue3-three-fiber,3,"gemma,mistral",False,False,False,TRUE_HALLUCINATION
vue3-time-picker,vue3-time-picker,1,mistral,False,False,False,TRUE_HALLUCINATION
vue3-tsx-plugin,vue3-tsx-plugin,1,qwen,False,False,False,TRUE_HALLUCINATION
vue3jsxtsx,vue3jsxtsx,1,qwen,False,False,False,TRUE_HALLUCINATION
vuejs-ssr,vuejs-ssr,1,marin,False,False,False,TRUE_HALLUCINATION
vuetify-animate,vuetify-animate,1,mistral,False,False,False,TRUE_HALLUCINATION
vuetify-test-utils,vuetify-test-utils,2,codellama7b,False,False,False,TRUE_HALLUCINATION
vueuse,vueuse,1,qwen,False,False,False,TRUE_HALLUCINATION
vuex-module-path,vuex-module-path,1,codellama7b,False,False,False,TRUE_HALLUCINATION
vuex-module-webpack-alias,vuex-module-webpack-alias,1,mistral,False,False,False,TRUE_HALLUCINATION
vulkan-1,vulkan-1,1,marin,False,False,False,TRUE_HALLUCINATION
w3c-color-functions,w3c-color-functions,1,codellama7b,False,False,False,TRUE_HALLUCINATION
wabzip2,wabzip2,1,qwen,False,False,False,TRUE_HALLUCINATION
wait-for-angular,wait-for-angular,1,mistral,False,False,False,TRUE_HALLUCINATION
walksync,walksync,1,mistral,False,False,False,TRUE_HALLUCINATION
wasi-sdk,wasi-sdk,1,codellama7b,False,False,False,TRUE_HALLUCINATION
wasm-asm,wasm-asm,1,mistral,False,False,False,TRUE_HALLUCINATION
wasm-binary,wasm-binary,1,codellama7b,False,False,False,TRUE_HALLUCINATION
wasm-binary-format,wasm-binary-format,1,qwen,False,False,False,TRUE_HALLUCINATION
wasm-bindgen,wasm-bindgen,7,"marin,mistral",False,False,False,TRUE_HALLUCINATION
wasm-bindgen-cli,wasm-bindgen-cli,2,marin,False,False,False,TRUE_HALLUCINATION
wasm-bindgen-fmt,wasm-bindgen-fmt,1,marin,False,False,False,TRUE_HALLUCINATION
wasm-bindgen-tcp,wasm-bindgen-tcp,1,mistral,False,False,False,TRUE_HALLUCINATION
wasm-encoder,wasm-encoder,2,"gpt_oss,mistral",False,False,False,TRUE_HALLUCINATION
wasm-export-function,wasm-export-function,1,qwen,False,False,False,TRUE_HALLUCINATION
wasm-pack-plugin,wasm-pack-plugin,1,mistral,False,False,False,TRUE_HALLUCINATION
wasm-parser,wasm-parser,6,"codellama7b,gemma,marin,mistral",False,False,False,TRUE_HALLUCINATION
wasm-runtime,wasm-runtime,1,codellama7b,False,False,False,TRUE_HALLUCINATION
wasm-shim,wasm-shim,1,codellama7b,False,False,False,TRUE_HALLUCINATION
wasm-text,wasm-text,1,codellama7b,False,False,False,TRUE_HALLUCINATION
wasm-text-format,wasm-text-format,1,qwen,False,False,False,TRUE_HALLUCINATION
wasmfs,wasmfs,1,qwen,False,False,False,TRUE_HALLUCINATION
watch-iemobile,watch-iemobile,1,gemma,False,False,False,TRUE_HALLUCINATION
waterline-connection,waterline-connection,1,mistral,False,False,False,TRUE_HALLUCINATION
waterline-mongoose,waterline-mongoose,1,mistral,False,False,False,TRUE_HALLUCINATION
watir-webdriver,watir-webdriver,1,qwen,False,False,False,TRUE_HALLUCINATION
wavefront,wavefront,1,gemma,False,False,False,TRUE_HALLUCINATION
wavfile,wavfile,1,mistral,False,False,False,TRUE_HALLUCINATION
wayback-machine-api,wayback-machine-api,1,mistral,False,False,False,TRUE_HALLUCINATION
wdio-chai-reporter,wdio-chai-reporter,1,mistral,False,False,False,TRUE_HALLUCINATION
wdio-event-reporter,wdio-event-reporter,1,mistral,False,False,False,TRUE_HALLUCINATION
wdio-log-events,wdio-log-events,1,mistral,False,False,False,TRUE_HALLUCINATION
weak-maps,weak-maps,1,mistral,False,False,False,TRUE_HALLUCINATION
weak-ref,weak-ref,1,mistral,False,False,False,TRUE_HALLUCINATION
weak-refs,weak-refs,2,mistral,False,False,False,TRUE_HALLUCINATION
weak-set,weak-set,1,mistral,False,False,False,TRUE_HALLUCINATION
web-assembly-text-format,web-assembly-text-format,1,mistral,False,False,False,TRUE_HALLUCINATION
web-components-js,web-components-js,1,mistral,False,False,False,TRUE_HALLUCINATION
web-crypt,web-crypt,1,mistral,False,False,False,TRUE_HALLUCINATION
web-crypto,web-crypto,2,mistral,False,False,False,TRUE_HALLUCINATION
web-crypto-api-wrapper,web-crypto-api-wrapper,1,mistral,False,False,False,TRUE_HALLUCINATION
web-crypto-extended,web-crypto-extended,1,mistral,False,False,False,TRUE_HALLUCINATION
web-crypto-shim,web-crypto-shim,1,mistral,False,False,False,TRUE_HALLUCINATION
web-crypto-wasm,web-crypto-wasm,1,mistral,False,False,False,TRUE_HALLUCINATION
web-dev-server-remote,web-dev-server-remote,1,mistral,False,False,False,TRUE_HALLUCINATION
web-stream-browser-file-reader,web-stream-browser-file-reader,1,mistral,False,False,False,TRUE_HALLUCINATION
web-worker-global,web-worker-global,1,mistral,False,False,False,TRUE_HALLUCINATION
web-worker-globals,web-worker-globals,1,mistral,False,False,False,TRUE_HALLUCINATION
web-workers-polyfill,web-workers-polyfill,1,codellama7b,False,False,False,TRUE_HALLUCINATION
web3js,web3js,1,codellama7b,False,False,False,TRUE_HALLUCINATION
web_DRVIO,web_DRVIO,1,qwen,False,False,False,TRUE_HALLUCINATION
webassembly-binary-format,webassembly-binary-format,1,marin,False,False,False,TRUE_HALLUCINATION
webassembly-js,webassembly-js,1,codellama7b,False,False,False,TRUE_HALLUCINATION
webassembly-stream-api,webassembly-stream-api,1,mistral,False,False,False,TRUE_HALLUCINATION
webassembly.js,webassembly.js,2,mistral,False,False,False,TRUE_HALLUCINATION
webassembly3,webassembly3,1,gemma,False,False,False,TRUE_HALLUCINATION
webaudio-api,webaudio-api,1,marin,False,False,False,TRUE_HALLUCINATION
webcrypt,webcrypt,7,"codellama7b,gemma,qwen",False,False,False,TRUE_HALLUCINATION
webcrypt-js,webcrypt-js,3,marin,False,False,False,TRUE_HALLUCINATION
webcrypto-api,webcrypto-api,1,marin,False,False,False,TRUE_HALLUCINATION
webcrypto-core-js,webcrypto-core-js,2,mistral,False,False,False,TRUE_HALLUCINATION
webcrypto-ossl,webcrypto-ossl,1,qwen,False,False,False,TRUE_HALLUCINATION
webcrypto-portable,webcrypto-portable,3,qwen,False,False,False,TRUE_HALLUCINATION
webcrypto.js,webcrypto.js,1,mistral,False,False,False,TRUE_HALLUCINATION
webdisplay,webdisplay,1,marin,False,False,False,TRUE_HALLUCINATION
webdriver-backed-selenium,webdriver-backed-selenium,1,mistral,False,False,False,TRUE_HALLUCINATION
webdriver-manager-update-all,webdriver-manager-update-all,1,mistral,False,False,False,TRUE_HALLUCINATION
webdriverio-chromews,webdriverio-chromews,1,mistral,False,False,False,TRUE_HALLUCINATION
webdriverio-selenium,webdriverio-selenium,1,mistral,False,False,False,TRUE_HALLUCINATION
webdriverio-utils,webdriverio-utils,1,mistral,False,False,False,TRUE_HALLUCINATION
webkitRTCPeerConnection,webkitRTCPeerConnection,1,mistral,False,False,False,TRUE_HALLUCINATION
webm-extensions,webm-extensions,1,mistral,False,False,False,TRUE_HALLUCINATION
webm-parser,webm-parser,1,mistral,False,False,False,TRUE_HALLUCINATION
webp-converter-js,webp-converter-js,1,mistral,False,False,False,TRUE_HALLUCINATION
webpack-alias,webpack-alias,1,mistral,False,False,False,TRUE_HALLUCINATION
webpack-amd-loader,webpack-amd-loader,1,codellama7b,False,False,False,TRUE_HALLUCINATION
webpack-angular,webpack-angular,3,mistral,False,False,False,TRUE_HALLUCINATION
webpack-angular-compiler,webpack-angular-compiler,2,mistral,False,False,False,TRUE_HALLUCINATION
webpack-architect,webpack-architect,1,mistral,False,False,False,TRUE_HALLUCINATION
webpack-asset-extractor,webpack-asset-extractor,1,marin,False,False,False,TRUE_HALLUCINATION
webpack-cli-utility,webpack-cli-utility,1,codellama7b,False,False,False,TRUE_HALLUCINATION
webpack-context,webpack-context,1,mistral,False,False,False,TRUE_HALLUCINATION
webpack-d3,webpack-d3,1,mistral,False,False,False,TRUE_HALLUCINATION
webpack-define-plugin,webpack-define-plugin,1,mistral,False,False,False,TRUE_HALLUCINATION
webpack-dependencies-externally-plugin,webpack-dependencies-externally-plugin,1,mistral,False,False,False,TRUE_HALLUCINATION
webpack-dependency-analyzer,webpack-dependency-analyzer,5,"gemma,marin,mistral",False,False,False,TRUE_HALLUCINATION
webpack-dev-static,webpack-dev-static,1,gemma,False,False,False,TRUE_HALLUCINATION
webpack-error-collector,webpack-error-collector,1,gemma,False,False,False,TRUE_HALLUCINATION
webpack-error-handler,webpack-error-handler,1,mistral,False,False,False,TRUE_HALLUCINATION
webpack-facade,webpack-facade,2,codellama7b,False,False,False,TRUE_HALLUCINATION
webpack-hot-middleware-async,webpack-hot-middleware-async,1,mistral,False,False,False,TRUE_HALLUCINATION
webpack-hot-middleware-webpack-plugin,webpack-hot-middleware-webpack-plugin,1,mistral,False,False,False,TRUE_HALLUCINATION
webpack-ignore,webpack-ignore,1,codellama7b,False,False,False,TRUE_HALLUCINATION
webpack-istanbul,webpack-istanbul,4,mistral,False,False,False,TRUE_HALLUCINATION
webpack-loader-utils,webpack-loader-utils,1,codellama7b,False,False,False,TRUE_HALLUCINATION
webpack-mdx-loader,webpack-mdx-loader,4,"marin,mistral",False,False,False,TRUE_HALLUCINATION
webpack-minimize-plugin,webpack-minimize-plugin,1,mistral,False,False,False,TRUE_HALLUCINATION
webpack-node-notifier,webpack-node-notifier,1,mistral,False,False,False,TRUE_HALLUCINATION
webpack-node-polyfill,webpack-node-polyfill,7,"codellama7b,gpt_oss,mistral,qwen",False,False,False,TRUE_HALLUCINATION
webpack-node-polyfill.plugin,webpack-node-polyfill.plugin,1,gemma,False,False,False,TRUE_HALLUCINATION
webpack-overlay,webpack-overlay,1,codellama7b,False,False,False,TRUE_HALLUCINATION
webpack-overlay-plugin,webpack-overlay-plugin,1,qwen,False,False,False,TRUE_HALLUCINATION
webpack-perf,webpack-perf,10,"codellama7b,gemma,gpt_oss,marin,mistral,qwen",False,False,False,TRUE_HALLUCINATION
webpack-postcss,webpack-postcss,1,mistral,False,False,False,TRUE_HALLUCINATION
webpack-preprocess,webpack-preprocess,1,gemma,False,False,False,TRUE_HALLUCINATION
webpack-profile-analyzer,webpack-profile-analyzer,1,mistral,False,False,False,TRUE_HALLUCINATION
webpack-profiler,webpack-profiler,1,codellama7b,False,False,False,TRUE_HALLUCINATION
webpack-progress-bar-plugin,webpack-progress-bar-plugin,1,mistral,False,False,False,TRUE_HALLUCINATION
webpack-pug-loader,webpack-pug-loader,2,mistral,False,False,False,TRUE_HALLUCINATION
webpack-pug-plugin,webpack-pug-plugin,1,codellama7b,False,False,False,TRUE_HALLUCINATION
webpack-react-hot-loader,webpack-react-hot-loader,1,mistral,False,False,False,TRUE_HALLUCINATION
webpack-react-optimize,webpack-react-optimize,2,mistral,False,False,False,TRUE_HALLUCINATION
webpack-react-optimize-css-assets-webpack-plugin,webpack-react-optimize-css-assets-webpack-plugin,1,mistral,False,False,False,TRUE_HALLUCINATION
webpack-requirejs-plugin,webpack-requirejs-plugin,1,mistral,False,False,False,TRUE_HALLUCINATION
webpack-resolve-alias,webpack-resolve-alias,1,mistral,False,False,False,TRUE_HALLUCINATION
webpack-sidecar-plugin,webpack-sidecar-plugin,1,mistral,False,False,False,TRUE_HALLUCINATION
webpack-signal-hook,webpack-signal-hook,1,qwen,False,False,False,TRUE_HALLUCINATION
webpack-source-map-loader,webpack-source-map-loader,1,mistral,False,False,False,TRUE_HALLUCINATION
webpack-sourcemap-loader-plugin,webpack-sourcemap-loader-plugin,1,mistral,False,False,False,TRUE_HALLUCINATION
webpack-stylus-loader,webpack-stylus-loader,2,mistral,False,False,False,TRUE_HALLUCINATION
webpack-svgr,webpack-svgr,1,marin,False,False,False,TRUE_HALLUCINATION
webpack-terser-plugin,webpack-terser-plugin,2,mistral,False,False,False,TRUE_HALLUCINATION
webpack-treemap,webpack-treemap,1,codellama7b,False,False,False,TRUE_HALLUCINATION
webpack-treemap-cli,webpack-treemap-cli,1,codellama7b,False,False,False,TRUE_HALLUCINATION
webpack-visualizer,webpack-visualizer,2,"marin,mistral",False,False,False,TRUE_HALLUCINATION
webpack-vue-loader,webpack-vue-loader,2,mistral,False,False,False,TRUE_HALLUCINATION
webpack.hot,webpack.hot,1,codellama7b,False,False,False,TRUE_HALLUCINATION
webpack.optimize.UglifyJsPlugin,webpack.optimize.UglifyJsPlugin,1,qwen,False,False,False,TRUE_HALLUCINATION
webpack.optimize.excludefile,webpack.optimize.excludefile,1,marin,False,False,False,TRUE_HALLUCINATION
webrtc-adapter-js,webrtc-adapter-js,1,gemma,False,False,False,TRUE_HALLUCINATION
websecurity,websecurity,1,mistral,False,False,False,TRUE_HALLUCINATION
websocket-node,websocket-node,1,codellama7b,False,False,False,TRUE_HALLUCINATION
websockets.connection,websockets.connection,1,gpt_oss,False,False,False,TRUE_HALLUCINATION
whatfont,whatfont,1,mistral,False,False,False,TRUE_HALLUCINATION
whatwg-AbortController,whatwg-AbortController,1,marin,False,False,False,TRUE_HALLUCINATION
whatwg-intl,whatwg-intl,1,marin,False,False,False,TRUE_HALLUCINATION
whisper.js,whisper.js,2,mistral,False,False,False,TRUE_HALLUCINATION
widget.js,widget.js,7,"codellama7b,marin,mistral,qwen",False,False,False,TRUE_HALLUCINATION
widgetA,widgetA,1,mistral,False,False,False,TRUE_HALLUCINATION
widgetB,widgetB,1,mistral,False,False,False,TRUE_HALLUCINATION
win-junction,win-junction,1,mistral,False,False,False,TRUE_HALLUCINATION
win-scp,win-scp,1,codellama7b,False,False,False,TRUE_HALLUCINATION
win32-dependency-walker,win32-dependency-walker,1,qwen,False,False,False,TRUE_HALLUCINATION
winbase,winbase,1,mistral,False,False,False,TRUE_HALLUCINATION
window-grecaptcha,window-grecaptcha,1,qwen,False,False,False,TRUE_HALLUCINATION
window-name,window-name,1,codellama7b,False,False,False,TRUE_HALLUCINATION
windows-release-name,windows-release-name,1,mistral,False,False,False,TRUE_HALLUCINATION
windows-version,windows-version,1,codellama7b,False,False,False,TRUE_HALLUCINATION
winerrorlog,winerrorlog,1,mistral,False,False,False,TRUE_HALLUCINATION
winston-color-console,winston-color-console,2,mistral,False,False,False,TRUE_HALLUCINATION
winston-logform,winston-logform,1,mistral,False,False,False,TRUE_HALLUCINATION
winston-loglevels,winston-loglevels,1,mistral,False,False,False,TRUE_HALLUCINATION
winston-morgan,winston-morgan,1,mistral,False,False,False,TRUE_HALLUCINATION
winston-signature,winston-signature,1,mistral,False,False,False,TRUE_HALLUCINATION
winston-transport-syslog,winston-transport-syslog,1,mistral,False,False,False,TRUE_HALLUCINATION
winston-typeorm,winston-typeorm,1,mistral,False,False,False,TRUE_HALLUCINATION
winston-webdriverio,winston-webdriverio,2,mistral,False,False,False,TRUE_HALLUCINATION
withVisible,withVisible,1,mistral,False,False,False,TRUE_HALLUCINATION
woocommerce-admin-order-filter,woocommerce-admin-order-filter,1,codellama7b,False,False,False,TRUE_HALLUCINATION
woocommerce-admin-order-search,woocommerce-admin-order-search,1,codellama7b,False,False,False,TRUE_HALLUCINATION
word-api,word-api,1,codellama7b,False,False,False,TRUE_HALLUCINATION
workbox-push-notifications,workbox-push-notifications,1,mistral,False,False,False,TRUE_HALLUCINATION
worker_farm,worker_farm,1,mistral,False,False,False,TRUE_HALLUCINATION
worker_pool,worker_pool,7,"gemma,gpt_oss,marin,mistral,qwen",False,False,False,TRUE_HALLUCINATION
wp-api-fetch,wp-api-fetch,1,mistral,False,False,False,TRUE_HALLUCINATION
writeFile,writeFile,2,codellama7b,False,False,False,TRUE_HALLUCINATION
ws-passport,ws-passport,1,marin,False,False,False,TRUE_HALLUCINATION
ws-udp,ws-udp,1,marin,False,False,False,TRUE_HALLUCINATION
wsdl-to-json,wsdl-to-json,1,mistral,False,False,False,TRUE_HALLUCINATION
wsdl2json,wsdl2json,1,mistral,False,False,False,TRUE_HALLUCINATION
wtf_js,wtf_js,1,gemma,False,False,False,TRUE_HALLUCINATION
xdomainrequest,xdomainrequest,1,mistral,False,False,False,TRUE_HALLUCINATION
xhr-streaming,xhr-streaming,1,mistral,False,False,False,TRUE_HALLUCINATION
xhr2-response-types,xhr2-response-types,1,mistral,False,False,False,TRUE_HALLUCINATION
xjstool,xjstool,15,"codellama7b,gemma,marin,mistral,qwen",False,False,False,TRUE_HALLUCINATION
xlsx-jsfs,xlsx-jsfs,2,marin,False,False,False,TRUE_HALLUCINATION
xml-names,xml-names,1,mistral,False,False,False,TRUE_HALLUCINATION
xml-pull-parser,xml-pull-parser,1,mistral,False,False,False,TRUE_HALLUCINATION
xmldom-xmlserializer,xmldom-xmlserializer,1,mistral,False,False,False,TRUE_HALLUCINATION
xmldom-xsd,xmldom-xsd,1,mistral,False,False,False,TRUE_HALLUCINATION
xpath-selectors,xpath-selectors,1,codellama7b,False,False,False,TRUE_HALLUCINATION
xpathjs,xpathjs,1,mistral,False,False,False,TRUE_HALLUCINATION
xsd-to-json,xsd-to-json,1,mistral,False,False,False,TRUE_HALLUCINATION
xsl-js,xsl-js,1,gemma,False,False,False,TRUE_HALLUCINATION
xslt-js,xslt-js,1,mistral,False,False,False,TRUE_HALLUCINATION
xterm-addon-linkify,xterm-addon-linkify,1,qwen,False,False,False,TRUE_HALLUCINATION
xxh3,xxh3,1,codellama7b,False,False,False,TRUE_HALLUCINATION
y10k,y10k,1,mistral,False,False,False,TRUE_HALLUCINATION
yamlparsers,yamlparsers,1,mistral,False,False,False,TRUE_HALLUCINATION
yargs-autocomplete,yargs-autocomplete,1,mistral,False,False,False,TRUE_HALLUCINATION
yargs-generator,yargs-generator,1,mistral,False,False,False,TRUE_HALLUCINATION
yarn-lock-file-to-json,yarn-lock-file-to-json,1,mistral,False,False,False,TRUE_HALLUCINATION
yarn-lockfile-parse-json,yarn-lockfile-parse-json,1,mistral,False,False,False,TRUE_HALLUCINATION
yarn-lockfile-parser,yarn-lockfile-parser,7,"codellama7b,gemma,gpt_oss,marin,mistral,qwen",False,False,False,TRUE_HALLUCINATION
yarn-lockfile-stringifier,yarn-lockfile-stringifier,5,"codellama7b,gpt_oss,marin,mistral",False,False,False,TRUE_HALLUCINATION
yarn-pkg-json,yarn-pkg-json,1,mistral,False,False,False,TRUE_HALLUCINATION
ydbadmin,ydbadmin,1,marin,False,False,False,TRUE_HALLUCINATION
yield-async-generator,yield-async-generator,1,mistral,False,False,False,TRUE_HALLUCINATION
yield-control,yield-control,1,mistral,False,False,False,TRUE_HALLUCINATION
your-amd-module,your-amd-module,3,"codellama7b,mistral",False,False,False,TRUE_HALLUCINATION
your-application,your-application,1,mistral,False,False,False,TRUE_HALLUCINATION
your-cli-library,your-cli-library,1,mistral,False,False,False,TRUE_HALLUCINATION
your-cli-name,your-cli-name,2,mistral,False,False,False,TRUE_HALLUCINATION
your-custom-function-file,your-custom-function-file,1,mistral,False,False,False,TRUE_HALLUCINATION
your-custom-hook,your-custom-hook,1,mistral,False,False,False,TRUE_HALLUCINATION
your-custom-theme,your-custom-theme,1,mistral,False,False,False,TRUE_HALLUCINATION
your-database-connection,your-database-connection,3,mistral,False,False,False,TRUE_HALLUCINATION
your-different-module,your-different-module,1,marin,False,False,False,TRUE_HALLUCINATION
your-express-app,your-express-app,1,mistral,False,False,False,TRUE_HALLUCINATION
your-file-path-library,your-file-path-library,1,codellama7b,False,False,False,TRUE_HALLUCINATION
your-library,your-library,2,"gpt_oss,mistral",False,False,False,TRUE_HALLUCINATION
your-log-module,your-log-module,1,mistral,False,False,False,TRUE_HALLUCINATION
your-material-ui-styles,your-material-ui-styles,3,mistral,False,False,False,TRUE_HALLUCINATION
your-model,your-model,1,mistral,False,False,False,TRUE_HALLUCINATION
your-module,your-module,3,"codellama7b,gpt_oss,mistral",False,False,False,TRUE_HALLUCINATION
your-module-path,your-module-path,1,gpt_oss,False,False,False,TRUE_HALLUCINATION
your-module-to-intercept,your-module-to-intercept,1,mistral,False,False,False,TRUE_HALLUCINATION
your-onlive-hook,your-onlive-hook,1,qwen,False,False,False,TRUE_HALLUCINATION
your-react-query-library,your-react-query-library,1,marin,False,False,False,TRUE_HALLUCINATION
your-redux-store,your-redux-store,1,mistral,False,False,False,TRUE_HALLUCINATION
your-sequelize-model,your-sequelize-model,3,mistral,False,False,False,TRUE_HALLUCINATION
your-serde,your-serde,1,mistral,False,False,False,TRUE_HALLUCINATION
your-styles-file,your-styles-file,1,mistral,False,False,False,TRUE_HALLUCINATION
your-user-model,your-user-model,1,mistral,False,False,False,TRUE_HALLUCINATION
your-vehicle-type,your-vehicle-type,1,mistral,False,False,False,TRUE_HALLUCINATION
your-xml-parser-lib,your-xml-parser-lib,1,gpt_oss,False,False,False,TRUE_HALLUCINATION
ytd-api-js,ytd-api-js,1,mistral,False,False,False,TRUE_HALLUCINATION
ytd-api-wrapper,ytd-api-wrapper,1,mistral,False,False,False,TRUE_HALLUCINATION
zarr,zarr,4,"gemma,mistral,qwen",False,False,False,TRUE_HALLUCINATION
zeroconf-browser,zeroconf-browser,1,gemma,False,False,False,TRUE_HALLUCINATION
zip-a-fool,zip-a-fool,1,mistral,False,False,False,TRUE_HALLUCINATION
zip.js,zip.js,1,marin,False,False,False,TRUE_HALLUCINATION
zipjs,zipjs,4,marin,False,False,False,TRUE_HALLUCINATION
zod-validated-object,zod-validated-object,2,mistral,False,False,False,TRUE_HALLUCINATION
zoneId,zoneId,1,mistral,False,False,False,TRUE_HALLUCINATION
